Player,Region,League,Year,Dataset,Team,Pos,GP,WAR,WAR_per_game,proj_WAR
Doran,Korea,LCK,2023,full year (per-game derived),Gen.G,Top,109,26.195,0.2403,22.338
Zeus,Korea,LCK,2023,full year (per-game derived),T1,Top,120,24.941,0.2078,21.625
DuDu,Korea,LCK,2023,full year (per-game derived),DN SOOPers,Top,83,21.036,0.2534,17.725
Kiin,Korea,LCK,2023,full year (per-game derived),KT Rolster,Top,113,20.864,0.1846,18.277
Clear,Korea,LCK,2023,full year (per-game derived),Liiv SANDBOX,Top,17,16.323,0.9602,11.575
Kingen,Korea,LCK,2023,full year (per-game derived),Hanwha Life Esports,Top,107,11.594,0.1084,11.007
Canna,Korea,LCK,2023,full year (per-game derived),Dplus Kia,Top,88,6.442,0.0732,7.122
Morgan,Korea,LCK,2023,full year (per-game derived),HANJIN BRION,Top,89,5.378,0.0604,6.331
Rascal,Korea,LCK,2023,full year (per-game derived),DRX,Top,90,-5.378,-0.0598,-1.64
DnDn,Korea,LCK,2023,full year (per-game derived),Nongshim RedForce,Top,85,-9.121,-0.1073,-4.209
PerfecT,Korea,LCK,2023,full year (per-game derived),KT Rolster,Top,1,-12.906,-12.906,8.345
Burdol,Korea,LCK,2023,full year (per-game derived),Liiv SANDBOX,Top,74,-14.615,-0.1975,-7.548
Willer,Korea,LCK,2023,full year (per-game derived),Liiv SANDBOX,Jungle,91,38.186,0.4196,31.271
HamBak,Korea,LCK,2023,full year (per-game derived),KT Rolster,Jungle,1,35.103,35.103,12.067
YoungJae,Korea,LCK,2023,full year (per-game derived),DN SOOPers,Jungle,83,17.853,0.2151,16.058
Oner,Korea,LCK,2023,full year (per-game derived),T1,Jungle,120,17.729,0.1477,16.398
UmTi,Korea,LCK,2023,full year (per-game derived),HANJIN BRION,Jungle,89,13.778,0.1548,13.139
Sylvie,Korea,LCK,2023,full year (per-game derived),Nongshim RedForce,Jungle,85,12.928,0.1521,12.497
Peanut,Korea,LCK,2023,full year (per-game derived),Gen.G,Jungle,109,11.337,0.104,11.337
Cuzz,Korea,LCK,2023,full year (per-game derived),KT Rolster,Jungle,113,10.992,0.0973,11.067
Juhan,Korea,LCK,2023,full year (per-game derived),DRX,Jungle,33,10.319,0.3127,10.817
Canyon,Korea,LCK,2023,full year (per-game derived),Dplus Kia,Jungle,88,1.818,0.0207,4.331
Croco,Korea,LCK,2023,full year (per-game derived),DRX,Jungle,57,-5.453,-0.0957,0.531
Grizzly,Korea,LCK,2023,full year (per-game derived),Hanwha Life Esports,Jungle,35,-9.396,-0.2685,0.436
Clid,Korea,LCK,2023,full year (per-game derived),Hanwha Life Esports,Jungle,72,-9.863,-0.137,-3.401
Chovy,Korea,LCK,2023,full year (per-game derived),Gen.G,Middle,109,37.792,0.3467,32.162
Zeka,Korea,LCK,2023,full year (per-game derived),Hanwha Life Esports,Middle,107,36.185,0.3382,30.839
Feisty,Korea,LCK,2023,full year (per-game derived),KT Rolster,Middle,1,35.348,35.348,13.415
Callme,Korea,LCK,2023,full year (per-game derived),Nongshim RedForce,Middle,4,32.191,8.0478,14.91
FATE,Korea,LCK,2023,full year (per-game derived),DRX,Middle,81,24.545,0.303,21.229
ShowMaker,Korea,LCK,2023,full year (per-game derived),Dplus Kia,Middle,88,17.811,0.2024,16.467
Clozer,Korea,LCK,2023,full year (per-game derived),Liiv SANDBOX,Middle,91,16.4,0.1802,15.452
Faker,Korea,LCK,2023,full year (per-game derived),T1,Middle,102,12.957,0.127,12.901
Bdd,Korea,LCK,2023,full year (per-game derived),KT Rolster,Middle,113,12.483,0.1105,12.535
Karis,Korea,LCK,2023,full year (per-game derived),HANJIN BRION,Middle,79,9.597,0.1215,10.489
BuLLDoG,Korea,LCK,2023,full year (per-game derived),DN SOOPers,Middle,83,9.533,0.1149,10.411
kyeahoo,Korea,LCK,2023,full year (per-game derived),DRX,Middle,9,2.521,0.2801,10.457
FIESTA,Korea,LCK,2023,full year (per-game derived),Nongshim RedForce,Middle,69,0.0,0.0,3.993
Poby,Korea,LCK,2023,full year (per-game derived),T1,Middle,18,-27.281,-1.5156,-1.806
Ivory,Korea,LCK,2023,full year (per-game derived),HANJIN BRION,Middle,10,-33.688,-3.3688,1.556
Quad,Korea,LCK,2023,full year (per-game derived),Nongshim RedForce,Middle,12,-39.397,-3.2831,-1.635
Gumayusi,Korea,LCK,2023,full year (per-game derived),T1,ADC,119,30.058,0.2526,24.965
Viper,Korea,LCK,2023,full year (per-game derived),Hanwha Life Esports,ADC,107,28.03,0.262,22.958
Deft,Korea,LCK,2023,full year (per-game derived),Dplus Kia,ADC,85,22.133,0.2604,17.701
Aiming,Korea,LCK,2023,full year (per-game derived),KT Rolster,ADC,113,20.452,0.181,17.245
Jiwoo,Korea,LCK,2023,full year (per-game derived),Nongshim RedForce,ADC,36,18.183,0.5051,12.382
Peyz,Korea,LCK,2023,full year (per-game derived),Gen.G,ADC,109,17.99,0.165,15.245
Teddy,Korea,LCK,2023,full year (per-game derived),Liiv SANDBOX,ADC,40,15.987,0.3997,11.479
Envyy,Korea,LCK,2023,full year (per-game derived),Liiv SANDBOX,ADC,51,7.337,0.1439,6.737
Hype,Korea,LCK,2023,full year (per-game derived),KT Rolster,ADC,1,4.197,4.197,5.719
Hena,Korea,LCK,2023,full year (per-game derived),HANJIN BRION,ADC,89,2.727,0.0306,3.523
Rahel,Korea,LCK,2023,full year (per-game derived),Dplus Kia,ADC,3,0.33,0.11,5.295
vital,Korea,LCK,2023,full year (per-game derived),Nongshim RedForce,ADC,49,0.0,0.0,2.26
Paduck,Korea,LCK,2023,full year (per-game derived),DRX,ADC,46,-0.284,-0.0062,2.179
Taeyoon,Korea,LCK,2023,full year (per-game derived),DN SOOPers,ADC,83,-5.725,-0.069,-2.559
Pleata,Korea,LCK,2023,full year (per-game derived),DRX,ADC,6,-22.178,-3.6963,1.304
deokdam,Korea,LCK,2023,full year (per-game derived),DRX,ADC,38,-25.311,-0.6661,-11.209
Kael,Korea,LCK,2023,full year (per-game derived),Liiv SANDBOX,Support,91,40.188,0.4416,32.731
Keria,Korea,LCK,2023,full year (per-game derived),T1,Support,120,40.055,0.3338,34.053
Kellin,Korea,LCK,2023,full year (per-game derived),Dplus Kia,Support,75,23.535,0.3138,19.892
Peter,Korea,LCK,2023,full year (per-game derived),Nongshim RedForce,Support,85,20.298,0.2388,17.844
Effort,Korea,LCK,2023,full year (per-game derived),HANJIN BRION,Support,89,17.609,0.1979,15.941
Bible,Korea,LCK,2023,full year (per-game derived),Dplus Kia,Support,13,12.512,0.9625,11.609
Delight,Korea,LCK,2023,full year (per-game derived),Gen.G,Support,109,12.418,0.1139,12.153
BeryL,Korea,LCK,2023,full year (per-game derived),DRX,Support,90,10.055,0.1117,10.362
Life,Korea,LCK,2023,full year (per-game derived),Hanwha Life Esports,Support,107,7.875,0.0736,8.641
Lehends,Korea,LCK,2023,full year (per-game derived),KT Rolster,Support,113,0.0,0.0,2.454
Moham,Korea,LCK,2023,full year (per-game derived),DN SOOPers,Support,21,-0.04,-0.0019,6.732
Way,Korea,LCK,2023,full year (per-game derived),KT Rolster,Support,1,-5.716,-5.716,10.716
Jun,Korea,LCK,2023,full year (per-game derived),DN SOOPers,Support,42,-9.103,-0.2167,-0.375
Andil,Korea,LCK,2023,full year (per-game derived),DN SOOPers,Support,20,-22.402,-1.1201,-1.81
Casting,Korea,LCK,2024,full year (per-game derived),KT Rolster,Top,3,46.954,15.6513,21.27
Kiin,Korea,LCK,2024,full year (per-game derived),Gen.G,Top,103,46.884,0.4552,35.663
Zeus,Korea,LCK,2024,full year (per-game derived),T1,Top,114,35.696,0.3131,30.509
Doran,Korea,LCK,2024,full year (per-game derived),Hanwha Life Esports,Top,112,32.405,0.2893,28.907
Kingen,Korea,LCK,2024,full year (per-game derived),Dplus Kia,Top,111,24.441,0.2202,20.76
Morgan,Korea,LCK,2024,full year (per-game derived),HANJIN BRION,Top,82,20.975,0.2558,17.098
Clear,Korea,LCK,2024,full year (per-game derived),BNK FEARX,Top,88,20.243,0.23,19.195
PerfecT,Korea,LCK,2024,full year (per-game derived),KT Rolster,Top,94,18.996,0.2021,19.222
DuDu,Korea,LCK,2024,full year (per-game derived),DN SOOPers,Top,90,13.015,0.1446,16.21
DnDn,Korea,LCK,2024,full year (per-game derived),Nongshim RedForce,Top,55,5.041,0.0917,5.051
Mihile,Korea,LCK,2024,full year (per-game derived),Nongshim RedForce,Top,29,-15.122,-0.5214,3.555
Rascal,Korea,LCK,2024,full year (per-game derived),DRX,Top,62,-17.293,-0.2789,-4.837
Frog,Korea,LCK,2024,full year (per-game derived),DRX,Top,21,-21.589,-1.028,-1.076
Willer,Korea,LCK,2024,full year (per-game derived),BNK FEARX,Jungle,43,18.045,0.4197,20.34
YoungJae,Korea,LCK,2024,full year (per-game derived),HANJIN BRION,Jungle,35,16.684,0.4767,12.707
Cuzz,Korea,LCK,2024,full year (per-game derived),DN SOOPers,Jungle,90,14.739,0.1638,11.48
Oner,Korea,LCK,2024,full year (per-game derived),T1,Jungle,112,14.384,0.1284,13.328
Pyosik,Korea,LCK,2024,full year (per-game derived),KT Rolster,Jungle,97,12.207,0.1258,9.919
Peanut,Korea,LCK,2024,full year (per-game derived),Hanwha Life Esports,Jungle,112,11.635,0.1039,10.09
Lucid,Korea,LCK,2024,full year (per-game derived),Dplus Kia,Jungle,111,4.987,0.0449,5.341
Raptor,Korea,LCK,2024,full year (per-game derived),BNK FEARX,Jungle,45,0.787,0.0175,3.588
GIDEON,Korea,LCK,2024,full year (per-game derived),HANJIN BRION,Jungle,37,0.322,0.0087,1.503
Canyon,Korea,LCK,2024,full year (per-game derived),Gen.G,Jungle,103,0.0,0.0,0.914
Sylvie,Korea,LCK,2024,full year (per-game derived),Nongshim RedForce,Jungle,84,-0.216,-0.0026,3.427
Sponge,Korea,LCK,2024,full year (per-game derived),DRX,Jungle,83,-1.305,-0.0157,-0.072
DDoiV,Korea,LCK,2024,full year (per-game derived),HANJIN BRION,Jungle,10,-7.919,-0.7919,0.407
Guwon,Korea,LCK,2024,full year (per-game derived),T1,Jungle,2,-23.605,-11.8025,0.515
Chovy,Korea,LCK,2024,full year (per-game derived),Gen.G,Middle,103,48.698,0.4728,38.831
Zeka,Korea,LCK,2024,full year (per-game derived),Hanwha Life Esports,Middle,112,27.097,0.2419,25.962
Bdd,Korea,LCK,2024,full year (per-game derived),KT Rolster,Middle,97,25.716,0.2651,19.069
Clozer,Korea,LCK,2024,full year (per-game derived),BNK FEARX,Middle,88,16.72,0.19,14.895
Fisher,Korea,LCK,2024,full year (per-game derived),Nongshim RedForce,Middle,33,15.536,0.4708,11.887
Faker,Korea,LCK,2024,full year (per-game derived),T1,Middle,114,11.559,0.1014,11.274
FIESTA,Korea,LCK,2024,full year (per-game derived),Nongshim RedForce,Middle,7,10.327,1.4753,4.944
BuLLDoG,Korea,LCK,2024,full year (per-game derived),DN SOOPers,Middle,90,8.62,0.0958,8.704
ShowMaker,Korea,LCK,2024,full year (per-game derived),Dplus Kia,Middle,111,7.525,0.0678,9.659
kyeahoo,Korea,LCK,2024,full year (per-game derived),DRX,Middle,49,4.092,0.0835,5.518
SeTab,Korea,LCK,2024,full year (per-game derived),DRX,Middle,34,0.0,0.0,10.638
FATE,Korea,LCK,2024,full year (per-game derived),HANJIN BRION,Middle,19,-4.564,-0.2402,11.611
Karis,Korea,LCK,2024,full year (per-game derived),HANJIN BRION,Middle,57,-5.734,-0.1006,2.32
Pullbae,Korea,LCK,2024,full year (per-game derived),HANJIN BRION,Middle,6,-5.803,-0.9672,10.867
Calix,Korea,LCK,2024,full year (per-game derived),Nongshim RedForce,Middle,8,-8.277,-1.0346,9.053
Callme,Korea,LCK,2024,full year (per-game derived),Nongshim RedForce,Middle,36,-12.183,-0.3384,0.566
Aiming,Korea,LCK,2024,full year (per-game derived),Dplus Kia,ADC,111,31.011,0.2794,24.485
Teddy,Korea,LCK,2024,full year (per-game derived),DRX,ADC,81,30.871,0.3811,23.234
Viper,Korea,LCK,2024,full year (per-game derived),Hanwha Life Esports,ADC,112,17.795,0.1589,18.37
Samver,Korea,LCK,2024,full year (per-game derived),HANJIN BRION,ADC,18,17.584,0.9769,11.042
Deft,Korea,LCK,2024,full year (per-game derived),KT Rolster,ADC,97,17.484,0.1802,16.481
Envyy,Korea,LCK,2024,full year (per-game derived),HANJIN BRION,ADC,64,14.718,0.23,11.403
Peyz,Korea,LCK,2024,full year (per-game derived),Gen.G,ADC,103,10.054,0.0976,11.51
Gumayusi,Korea,LCK,2024,full year (per-game derived),T1,ADC,114,4.569,0.0401,11.298
Jiwoo,Korea,LCK,2024,full year (per-game derived),Nongshim RedForce,ADC,84,2.792,0.0332,5.582
Paduck,Korea,LCK,2024,full year (per-game derived),DRX,ADC,2,-1.3,-0.65,4.224
Hena,Korea,LCK,2024,full year (per-game derived),BNK FEARX,ADC,88,-8.377,-0.0952,-2.638
Leaper,Korea,LCK,2024,full year (per-game derived),DN SOOPers,ADC,44,-8.89,-0.202,-2.122
Taeyoon,Korea,LCK,2024,full year (per-game derived),DN SOOPers,ADC,4,-18.235,-4.5588,-0.468
Bull,Korea,LCK,2024,full year (per-game derived),DN SOOPers,ADC,42,-18.744,-0.4463,-7.05
Keria,Korea,LCK,2024,full year (per-game derived),T1,Support,114,38.471,0.3375,34.814
Effort,Korea,LCK,2024,full year (per-game derived),HANJIN BRION,Support,14,35.892,2.5637,19.168
Pleata,Korea,LCK,2024,full year (per-game derived),DRX,Support,83,26.403,0.3181,23.005
Delight,Korea,LCK,2024,full year (per-game derived),Hanwha Life Esports,Support,112,25.529,0.2279,20.469
BeryL,Korea,LCK,2024,full year (per-game derived),KT Rolster,Support,97,24.833,0.256,19.453
vital,Korea,LCK,2024,full year (per-game derived),Nongshim RedForce,Support,11,20.035,1.8214,15.291
Lehends,Korea,LCK,2024,full year (per-game derived),Gen.G,Support,103,17.951,0.1743,12.68
Peter,Korea,LCK,2024,full year (per-game derived),Nongshim RedForce,Support,44,16.27,0.3698,16.762
Duro,Korea,LCK,2024,full year (per-game derived),BNK FEARX,Support,34,11.007,0.3237,13.964
Pollu,Korea,LCK,2024,full year (per-game derived),HANJIN BRION,Support,68,1.711,0.0252,5.319
Kellin,Korea,LCK,2024,full year (per-game derived),Dplus Kia,Support,90,1.081,0.012,8.161
Moham,Korea,LCK,2024,full year (per-game derived),Dplus Kia,Support,21,0.373,0.0178,7.813
GuGer,Korea,LCK,2024,full year (per-game derived),Nongshim RedForce,Support,29,-1.12,-0.0386,6.572
Execute,Korea,LCK,2024,full year (per-game derived),BNK FEARX,Support,54,-2.129,-0.0394,3.688
Andil,Korea,LCK,2024,full year (per-game derived),DN SOOPers,Support,76,-4.817,-0.0634,-0.915
Quantum,Korea,LCK,2024,full year (per-game derived),DN SOOPers,Support,14,-12.113,-0.8652,5.727
Casting,Korea,LCK,2025,full year (per-game derived),HANJIN BRION,Top,4,68.379,17.0948,16.409
Lancer,Korea,LCK,2025,full year (per-game derived),DN SOOPers,Top,6,52.692,8.782,25.385
Kiin,Korea,LCK,2025,full year (per-game derived),Gen.G,Top,123,43.609,0.3545,37.327
Zeus,Korea,LCK,2025,full year (per-game derived),Hanwha Life Esports,Top,136,37.813,0.278,32.689
Kingen,Korea,LCK,2025,full year (per-game derived),Nongshim RedForce,Top,125,26.519,0.2122,22.629
Rich,Korea,LCK,2025,full year (per-game derived),DRX,Top,101,22.539,0.2232,20.068
Doran,Korea,LCK,2025,full year (per-game derived),T1,Top,131,13.34,0.1018,18.127
DuDu,Korea,LCK,2025,full year (per-game derived),DN SOOPers,Top,88,12.161,0.1382,13.195
Siwoo,Korea,LCK,2025,full year (per-game derived),Dplus Kia,Top,148,8.777,0.0593,11.816
Clear,Korea,LCK,2025,full year (per-game derived),BNK FEARX,Top,97,4.052,0.0418,9.242
Casting,Korea,LCK,2025,full year (per-game derived),KT Rolster,Top,19,0.294,0.0155,8.297
Morgan,Korea,LCK,2025,full year (per-game derived),HANJIN BRION,Top,101,-0.883,-0.0087,5.888
Soboro,Korea,LCK,2025,full year (per-game derived),BNK FEARX,Top,10,-7.065,-0.7065,12.378
Sero,Korea,LCK,2025,full year (per-game derived),KT Rolster,Top,4,-25.382,-6.3455,7.939
PerfecT,Korea,LCK,2025,full year (per-game derived),KT Rolster,Top,95,-26.181,-0.2756,-11.703
GIDEON,Korea,LCK,2025,full year (per-game derived),Nongshim RedForce,Jungle,117,22.186,0.1896,16.443
Canyon,Korea,LCK,2025,full year (per-game derived),Gen.G,Jungle,121,22.016,0.182,13.105
Ellim,Korea,LCK,2025,full year (per-game derived),HANJIN BRION,Jungle,5,16.619,3.3238,4.298
Kanavi,Korea,LCK,2025,full year (per-game derived),Hanwha Life Esports,Jungle,15,13.598,0.9065,5.97
Lucid,Korea,LCK,2025,full year (per-game derived),Dplus Kia,Jungle,147,11.946,0.0813,9.244
Cuzz,Korea,LCK,2025,full year (per-game derived),KT Rolster,Jungle,114,10.865,0.0953,10.245
Oner,Korea,LCK,2025,full year (per-game derived),T1,Jungle,131,8.377,0.0639,9.687
Sponge,Korea,LCK,2025,full year (per-game derived),DRX,Jungle,97,6.933,0.0715,4.084
Raptor,Korea,LCK,2025,full year (per-game derived),BNK FEARX,Jungle,107,5.551,0.0519,4.444
DDoiV,Korea,LCK,2025,full year (per-game derived),DN SOOPers,Jungle,9,2.369,0.2632,4.096
Willer,Korea,LCK,2025,full year (per-game derived),DRX,Jungle,2,2.346,1.173,10.183
Pyosik,Korea,LCK,2025,full year (per-game derived),DN SOOPers,Jungle,85,1.189,0.014,4.176
Sponge,Korea,LCK,2025,full year (per-game derived),Nongshim RedForce,Jungle,8,-3.4,-0.425,0.085
Peanut,Korea,LCK,2025,full year (per-game derived),Hanwha Life Esports,Jungle,121,-3.566,-0.0295,1.875
Croco,Korea,LCK,2025,full year (per-game derived),HANJIN BRION,Jungle,64,-7.343,-0.1147,-4.282
Vincenzo,Korea,LCK,2025,full year (per-game derived),DRX,Jungle,2,-8.633,-4.3165,2.67
Sharvel,Korea,LCK,2025,full year (per-game derived),Dplus Kia,Jungle,1,-16.252,-16.252,0.993
Sylvie,Korea,LCK,2025,full year (per-game derived),KT Rolster,Jungle,4,-16.681,-4.1702,2.551
GIDEON,Korea,LCK,2025,full year (per-game derived),HANJIN BRION,Jungle,4,-26.328,-6.582,-0.195
Juny,Korea,LCK,2025,full year (per-game derived),Gen.G,Jungle,2,-31.589,-15.7945,0.324
HamBak,Korea,LCK,2025,full year (per-game derived),HANJIN BRION,Jungle,32,-32.374,-1.0117,-5.444
Chovy,Korea,LCK,2025,full year (per-game derived),Gen.G,Middle,121,47.252,0.3905,39.794
Hwichan,Korea,LCK,2025,full year (per-game derived),KT Rolster,Middle,3,31.661,10.5537,3.635
Bdd,Korea,LCK,2025,full year (per-game derived),KT Rolster,Middle,115,28.195,0.2452,21.893
Clozer,Korea,LCK,2025,full year (per-game derived),HANJIN BRION,Middle,101,22.764,0.2254,17.298
kyeahoo,Korea,LCK,2025,full year (per-game derived),DRX,Middle,39,15.07,0.3864,8.524
Ucal,Korea,LCK,2025,full year (per-game derived),DRX,Middle,62,13.532,0.2183,9.295
Calix,Korea,LCK,2025,full year (per-game derived),Nongshim RedForce,Middle,77,12.596,0.1636,9.973
Pungyeon,Korea,LCK,2025,full year (per-game derived),DN SOOPers,Middle,12,10.008,0.834,8.953
Zeka,Korea,LCK,2025,full year (per-game derived),Hanwha Life Esports,Middle,136,8.418,0.0619,13.534
ShowMaker,Korea,LCK,2025,full year (per-game derived),Dplus Kia,Middle,148,0.972,0.0066,3.403
BuLLDoG,Korea,LCK,2025,full year (per-game derived),DN SOOPers,Middle,76,0.0,0.0,3.117
Fisher,Korea,LCK,2025,full year (per-game derived),Nongshim RedForce,Middle,40,-4.707,-0.1177,0.56
Scout,Korea,LCK,2025,full year (per-game derived),Nongshim RedForce,Middle,8,-5.58,-0.6975,-0.353
VicLa,Korea,LCK,2025,full year (per-game derived),BNK FEARX,Middle,99,-9.003,-0.0909,-6.591
Faker,Korea,LCK,2025,full year (per-game derived),T1,Middle,131,-15.099,-0.1153,-5.057
Flip,Korea,LCK,2025,full year (per-game derived),DN SOOPers,Middle,6,-22.794,-3.799,-2.824
Daystar,Korea,LCK,2025,full year (per-game derived),BNK FEARX,Middle,8,-32.756,-4.0945,-3.827
Fisher,Korea,LCK,2025,full year (per-game derived),HANJIN BRION,Middle,4,-46.311,-11.5778,1.036
Loid,Korea,LCK,2025,full year (per-game derived),Gen.G,Middle,2,-69.03,-34.515,-3.199
Peyz,Korea,LCK,2025,full year (per-game derived),T1,ADC,16,40.36,2.5225,15.143
Diable,Korea,LCK,2025,full year (per-game derived),BNK FEARX,ADC,107,36.345,0.3397,28.774
vital,Korea,LCK,2025,full year (per-game derived),Nongshim RedForce,ADC,4,36.031,9.0078,14.401
Aiming,Korea,LCK,2025,full year (per-game derived),Dplus Kia,ADC,131,33.552,0.2561,28.125
Enosh,Korea,LCK,2025,full year (per-game derived),DN SOOPers,ADC,6,30.254,5.0423,11.136
Ruler,Korea,LCK,2025,full year (per-game derived),Gen.G,ADC,121,29.089,0.2404,24.526
Gumayusi,Korea,LCK,2025,full year (per-game derived),T1,ADC,91,28.126,0.3091,19.302
Berserker,Korea,LCK,2025,full year (per-game derived),DN SOOPers,ADC,88,27.978,0.3179,22.449
Viper,Korea,LCK,2025,full year (per-game derived),Hanwha Life Esports,ADC,121,24.168,0.1997,20.769
Smash,Korea,LCK,2025,full year (per-game derived),T1,ADC,24,18.926,0.7886,13.443
Teddy,Korea,LCK,2025,full year (per-game derived),HANJIN BRION,ADC,4,17.741,4.4352,18.708
Teddy,Korea,LCK,2025,full year (per-game derived),DRX,ADC,62,13.28,0.2142,16.225
Smash,Korea,LCK,2025,full year (per-game derived),Dplus Kia,ADC,17,7.037,0.4139,10.398
Bull,Korea,LCK,2025,full year (per-game derived),HANJIN BRION,ADC,11,5.01,0.4555,-0.253
Hype,Korea,LCK,2025,full year (per-game derived),HANJIN BRION,ADC,90,0.122,0.0014,5.433
deokdam,Korea,LCK,2025,full year (per-game derived),KT Rolster,ADC,106,-0.365,-0.0034,0.238
Jiwoo,Korea,LCK,2025,full year (per-game derived),Nongshim RedForce,ADC,109,-3.826,-0.0351,-0.965
LazyFeel,Korea,LCK,2025,full year (per-game derived),DRX,ADC,35,-5.849,-0.1671,0.262
Gumayusi,Korea,LCK,2025,full year (per-game derived),Hanwha Life Esports,ADC,15,-10.562,-0.7041,8.515
FenRir,Korea,LCK,2025,full year (per-game derived),KT Rolster,ADC,4,-14.147,-3.5368,4.655
Jiwoo,Korea,LCK,2025,full year (per-game derived),DRX,ADC,4,-16.507,-4.1268,3.785
Trigger,Korea,LCK,2025,full year (per-game derived),Nongshim RedForce,ADC,4,-20.35,-5.0875,3.957
Taeyoon,Korea,LCK,2025,full year (per-game derived),Nongshim RedForce,ADC,8,-33.166,-4.1457,0.659
Harusary,Korea,LCK,2025,full year (per-game derived),Gen.G,ADC,2,-45.622,-22.811,3.9
Paduck,Korea,LCK,2025,full year (per-game derived),KT Rolster,ADC,8,-59.758,-7.4698,-3.065
Effort,Korea,LCK,2025,full year (per-game derived),KT Rolster,Support,4,83.423,20.8558,24.386
Keria,Korea,LCK,2025,full year (per-game derived),T1,Support,131,40.038,0.3056,36.333
Kellin,Korea,LCK,2025,full year (per-game derived),BNK FEARX,Support,107,38.508,0.3599,26.308
Delight,Korea,LCK,2025,full year (per-game derived),Hanwha Life Esports,Support,136,27.795,0.2044,24.211
Namgung,Korea,LCK,2025,full year (per-game derived),HANJIN BRION,Support,4,27.156,6.789,18.961
Peter,Korea,LCK,2025,full year (per-game derived),KT Rolster,Support,92,26.744,0.2907,22.55
Duro,Korea,LCK,2025,full year (per-game derived),Gen.G,Support,123,17.615,0.1432,16.861
Lehends,Korea,LCK,2025,full year (per-game derived),Nongshim RedForce,Support,125,16.02,0.1282,14.598
Pleata,Korea,LCK,2025,full year (per-game derived),DRX,Support,10,14.062,1.4062,19.98
Life,Korea,LCK,2025,full year (per-game derived),DN SOOPers,Support,80,12.488,0.1561,12.352
Pollu,Korea,LCK,2025,full year (per-game derived),HANJIN BRION,Support,101,11.722,0.1161,10.695
Quantum,Korea,LCK,2025,full year (per-game derived),DN SOOPers,Support,14,1.928,0.1377,7.448
Way,Korea,LCK,2025,full year (per-game derived),KT Rolster,Support,22,-0.643,-0.0292,11.788
BeryL,Korea,LCK,2025,full year (per-game derived),Dplus Kia,Support,131,-6.81,-0.052,3.315
Andil,Korea,LCK,2025,full year (per-game derived),DRX,Support,91,-9.524,-0.1047,-3.533
Career,Korea,LCK,2025,full year (per-game derived),Dplus Kia,Support,17,-25.248,-1.4852,3.234
DuDu,Korea,LCK,2026,full year (per-game derived),DN SOOPers,Top,70,48.779,0.6968,30.872
Zeus,Korea,LCK,2026,full year (per-game derived),Hanwha Life Esports,Top,61,47.778,0.7832,38.208
Kiin,Korea,LCK,2026,full year (per-game derived),Gen.G,Top,71,30.031,0.423,34.489
Rich,Korea,LCK,2026,full year (per-game derived),Kiwoom DRX,Top,77,25.883,0.3361,24.198
Siwoo,Korea,LCK,2026,full year (per-game derived),Dplus Kia,Top,85,22.813,0.2684,18.749
PerfecT,Korea,LCK,2026,full year (per-game derived),KT Rolster,Top,66,21.609,0.3274,13.654
Casting,Korea,LCK,2026,full year (per-game derived),HANJIN BRION,Top,62,10.143,0.1636,14.214
Kingen,Korea,LCK,2026,full year (per-game derived),Nongshim RedForce,Top,62,-3.381,-0.0545,14.237
Doran,Korea,LCK,2026,full year (per-game derived),T1,Top,72,-8.144,-0.1131,8.632
Clear,Korea,LCK,2026,full year (per-game derived),BNK FEARX,Top,72,-28.835,-0.4005,-8.385
Willer,Korea,LCK,2026,full year (per-game derived),Kiwoom DRX,Jungle,77,23.306,0.3027,18.394
Lucid,Korea,LCK,2026,full year (per-game derived),Dplus Kia,Jungle,82,23.005,0.2805,14.731
GIDEON,Korea,LCK,2026,full year (per-game derived),HANJIN BRION,Jungle,62,13.176,0.2125,12.318
Canyon,Korea,LCK,2026,full year (per-game derived),Gen.G,Jungle,71,9.487,0.1336,11.107
Pyosik,Korea,LCK,2026,full year (per-game derived),DN SOOPers,Jungle,68,7.016,0.1032,5.092
Oner,Korea,LCK,2026,full year (per-game derived),T1,Jungle,72,5.54,0.0769,7.437
Sharvel,Korea,LCK,2026,full year (per-game derived),Dplus Kia,Jungle,3,5.011,1.6703,4.832
Kanavi,Korea,LCK,2026,full year (per-game derived),Hanwha Life Esports,Jungle,61,0.952,0.0156,3.106
Raptor,Korea,LCK,2026,full year (per-game derived),BNK FEARX,Jungle,72,-0.317,-0.0044,2.5
Cuzz,Korea,LCK,2026,full year (per-game derived),KT Rolster,Jungle,66,-13.426,-0.2034,0.255
Sponge,Korea,LCK,2026,full year (per-game derived),Nongshim RedForce,Jungle,62,-14.9,-0.2403,-3.685
DDoiV,Korea,LCK,2026,full year (per-game derived),DN SOOPers,Jungle,2,-71.484,-35.742,-1.255
Chovy,Korea,LCK,2026,full year (per-game derived),Gen.G,Middle,71,72.433,1.0202,54.673
Bdd,Korea,LCK,2026,full year (per-game derived),KT Rolster,Middle,66,50.505,0.7652,37.286
Zeka,Korea,LCK,2026,full year (per-game derived),Hanwha Life Esports,Middle,61,44.632,0.7317,27.955
Clozer,Korea,LCK,2026,full year (per-game derived),DN SOOPers,Middle,70,38.916,0.5559,30.616
Ucal,Korea,LCK,2026,full year (per-game derived),Kiwoom DRX,Middle,77,37.927,0.4926,31.897
Scout,Korea,LCK,2026,full year (per-game derived),Nongshim RedForce,Middle,62,36.82,0.5939,33.196
VicLa,Korea,LCK,2026,full year (per-game derived),BNK FEARX,Middle,62,23.196,0.3741,15.206
ShowMaker,Korea,LCK,2026,full year (per-game derived),Dplus Kia,Middle,85,22.734,0.2675,15.681
Faker,Korea,LCK,2026,full year (per-game derived),T1,Middle,72,3.288,0.0457,3.672
Roamer,Korea,LCK,2026,full year (per-game derived),HANJIN BRION,Middle,45,-9.864,-0.2192,6.575
Daystar,Korea,LCK,2026,full year (per-game derived),BNK FEARX,Middle,10,-20.08,-2.008,10.82
Loki,Korea,LCK,2026,full year (per-game derived),HANJIN BRION,Middle,17,-25.02,-1.4718,9.019
Taeyoon,Korea,LCK,2026,full year (per-game derived),BNK FEARX,ADC,20,40.043,2.0022,19.132
Aiming,Korea,LCK,2026,full year (per-game derived),KT Rolster,ADC,63,25.576,0.406,26.251
Peyz,Korea,LCK,2026,full year (per-game derived),T1,ADC,72,22.767,0.3162,19.052
Diable,Korea,LCK,2026,full year (per-game derived),BNK FEARX,ADC,50,21.031,0.4206,24.483
Smash,Korea,LCK,2026,full year (per-game derived),Dplus Kia,ADC,85,18.262,0.2148,16.523
Teddy,Korea,LCK,2026,full year (per-game derived),HANJIN BRION,ADC,62,14.068,0.2269,13.464
Diable,Korea,LCK,2026,full year (per-game derived),Nongshim RedForce,ADC,21,12.727,0.606,23.777
Ruler,Korea,LCK,2026,full year (per-game derived),Gen.G,ADC,71,12.296,0.1732,17.646
Gumayusi,Korea,LCK,2026,full year (per-game derived),Hanwha Life Esports,ADC,61,11.969,0.1962,15.952
Slayer,Korea,LCK,2026,full year (per-game derived),BNK FEARX,ADC,2,3.398,1.699,16.249
Taeyoon,Korea,LCK,2026,full year (per-game derived),Nongshim RedForce,ADC,41,0.0,0.0,3.425
Jiwoo,Korea,LCK,2026,full year (per-game derived),Kiwoom DRX,ADC,38,-0.102,-0.0027,2.186
LazyFeel,Korea,LCK,2026,full year (per-game derived),Kiwoom DRX,ADC,39,-15.23,-0.3905,-1.895
deokdam,Korea,LCK,2026,full year (per-game derived),DN SOOPers,ADC,66,-25.819,-0.3912,-9.378
Enosh,Korea,LCK,2026,full year (per-game derived),DN SOOPers,ADC,4,-35.717,-8.9292,7.507
FenRir,Korea,LCK,2026,full year (per-game derived),KT Rolster,ADC,3,-37.051,-12.3503,6.89
Keria,Korea,LCK,2026,full year (per-game derived),T1,Support,72,29.063,0.4037,29.127
Namgung,Korea,LCK,2026,full year (per-game derived),HANJIN BRION,Support,62,20.455,0.3299,16.019
Kellin,Korea,LCK,2026,full year (per-game derived),BNK FEARX,Support,72,19.659,0.273,19.605
Pleata,Korea,LCK,2026,full year (per-game derived),Nongshim RedForce,Support,7,19.143,2.7347,8.552
Duro,Korea,LCK,2026,full year (per-game derived),Gen.G,Support,71,17.971,0.2531,14.863
Effort,Korea,LCK,2026,full year (per-game derived),KT Rolster,Support,49,17.42,0.3555,14.44
Career,Korea,LCK,2026,full year (per-game derived),Dplus Kia,Support,85,13.488,0.1587,10.632
Delight,Korea,LCK,2026,full year (per-game derived),Hanwha Life Esports,Support,58,6.737,0.1162,15.712
Lehends,Korea,LCK,2026,full year (per-game derived),Nongshim RedForce,Support,55,2.091,0.038,7.729
Peter,Korea,LCK,2026,full year (per-game derived),DN SOOPers,Support,44,1.201,0.0273,10.685
Quantum,Korea,LCK,2026,full year (per-game derived),DN SOOPers,Support,8,-0.651,-0.0814,3.883
Bluffing,Korea,LCK,2026,full year (per-game derived),Hanwha Life Esports,Support,3,-3.155,-1.0517,7.987
Andil,Korea,LCK,2026,full year (per-game derived),Kiwoom DRX,Support,77,-3.604,-0.0468,-2.697
Ghost,Korea,LCK,2026,full year (per-game derived),KT Rolster,Support,11,-41.785,-3.7986,-7.524
Life,Korea,LCK,2026,full year (per-game derived),DN SOOPers,Support,18,-44.389,-2.4661,-3.188
Pollu,Korea,LCK,2026,full year (per-game derived),KT Rolster,Support,6,-55.589,-9.2648,3.305
Lancer,Korea,LCK CL,2023,full year (per-game derived),DN SOOPers Challengers,Top,25,64.173,2.5669,34.701
IlllIma,Korea,LCK CL,2023,full year (per-game derived),DN SOOPers Challengers,Top,57,43.037,0.755,31.747
Thanatos,Korea,LCK CL,2023,full year (per-game derived),Dplus Kia Challengers,Top,125,28.906,0.2312,25.368
PerfecT,Korea,LCK CL,2023,full year (per-game derived),KT Rolster Challengers,Top,53,19.576,0.3694,16.509
DnDn,Korea,LCK CL,2023,full year (per-game derived),Nongshim Esports Academy,Top,2,18.91,9.455,11.81
Rooster,Korea,LCK CL,2023,full year (per-game derived),Hanwha Life Esports Challengers,Top,103,18.471,0.1793,16.803
Zest,Korea,LCK CL,2023,full year (per-game derived),Gen.G Global Academy,Top,64,17.454,0.2727,15.441
Casting,Korea,LCK CL,2023,full year (per-game derived),Gen.G Global Academy,Top,26,12.689,0.488,11.96
Dal,Korea,LCK CL,2023,full year (per-game derived),T1 Esports Academy,Top,100,10.031,0.1003,10.35
Mihile,Korea,LCK CL,2023,full year (per-game derived),Nongshim Esports Academy,Top,102,4.283,0.042,5.956
DDahyuk,Korea,LCK CL,2023,full year (per-game derived),Liiv SANDBOX Youth,Top,86,1.195,0.0139,3.924
Clear,Korea,LCK CL,2023,full year (per-game derived),DRX Challengers,Top,57,0.633,0.0111,4.456
Castle,Korea,LCK CL,2023,full year (per-game derived),KT Rolster Challengers,Top,46,-0.633,-0.0138,4.248
Kangin,Korea,LCK CL,2023,full year (per-game derived),HANJIN BRION Challengers,Top,22,-7.726,-0.3512,3.521
Frim,Korea,LCK CL,2023,full year (per-game derived),HANJIN BRION Challengers,Top,60,-15.936,-0.2656,-6.526
Frog,Korea,LCK CL,2023,full year (per-game derived),DRX Challengers,Top,56,-22.704,-0.4054,-10.424
Forest,Korea,LCK CL,2023,full year (per-game derived),T1 Esports Academy,Jungle,100,33.779,0.3378,27.11
Grizzly,Korea,LCK CL,2023,full year (per-game derived),Hanwha Life Esports Challengers,Jungle,13,27.652,2.1271,12.304
Sounda,Korea,LCK CL,2023,full year (per-game derived),Nongshim Esports Academy,Jungle,104,21.348,0.2053,17.77
Pressure,Korea,LCK CL,2023,full year (per-game derived),DN SOOPers Challengers,Jungle,3,15.523,5.1743,6.812
Raptor,Korea,LCK CL,2023,full year (per-game derived),HANJIN BRION Challengers,Jungle,70,14.171,0.2024,11.626
Lucid,Korea,LCK CL,2023,full year (per-game derived),Dplus Kia Challengers,Jungle,125,10.009,0.0801,9.197
Winner,Korea,LCK CL,2023,full year (per-game derived),Gen.G Global Academy,Jungle,90,5.984,0.0665,5.984
Vincenzo,Korea,LCK CL,2023,full year (per-game derived),Liiv SANDBOX Youth,Jungle,86,5.585,0.0649,5.692
DDoiV,Korea,LCK CL,2023,full year (per-game derived),HANJIN BRION Challengers,Jungle,12,2.482,0.2068,5.019
Sponge,Korea,LCK CL,2023,full year (per-game derived),DRX Challengers,Jungle,113,0.322,0.0028,1.558
Guwon,Korea,LCK CL,2023,full year (per-game derived),Hanwha Life Esports Challengers,Jungle,90,-0.965,-0.0107,0.839
HamBak,Korea,LCK CL,2023,full year (per-game derived),KT Rolster Challengers,Jungle,99,-4.047,-0.0409,-1.622
Courage,Korea,LCK CL,2023,full year (per-game derived),DN SOOPers Challengers,Jungle,79,-12.389,-0.1568,-7.143
Quid,Korea,LCK CL,2023,full year (per-game derived),Gen.G Global Academy,Middle,46,56.455,1.2273,39.393
Feisty,Korea,LCK CL,2023,full year (per-game derived),KT Rolster Challengers,Middle,99,49.001,0.495,40.667
Karis,Korea,LCK CL,2023,full year (per-game derived),HANJIN BRION Challengers,Middle,11,45.565,4.1423,22.55
Calix,Korea,LCK CL,2023,full year (per-game derived),Nongshim Esports Academy,Middle,34,33.99,0.9997,24.621
SeTab,Korea,LCK CL,2023,full year (per-game derived),DRX Challengers,Middle,110,30.76,0.2796,27.141
Callme,Korea,LCK CL,2023,full year (per-game derived),Nongshim Esports Academy,Middle,70,25.053,0.3579,21.783
Pullbae,Korea,LCK CL,2023,full year (per-game derived),Dplus Kia Challengers,Middle,121,18.645,0.1541,17.794
Saint,Korea,LCK CL,2023,full year (per-game derived),Dplus Kia Challengers,Middle,4,17.436,4.359,14.857
Roamer,Korea,LCK CL,2023,full year (per-game derived),Hanwha Life Esports Challengers,Middle,93,15.72,0.169,15.419
Starlit,Korea,LCK CL,2023,full year (per-game derived),DRX Challengers,Middle,3,13.341,4.447,14.427
Guti,Korea,LCK CL,2023,full year (per-game derived),Liiv SANDBOX Youth,Middle,86,13.213,0.1536,13.567
Ivory,Korea,LCK CL,2023,full year (per-game derived),HANJIN BRION Challengers,Middle,71,11.777,0.1659,12.624
Bay,Korea,LCK CL,2023,full year (per-game derived),T1 Esports Academy,Middle,61,4.023,0.066,7.606
Cleaver,Korea,LCK CL,2023,full year (per-game derived),DN SOOPers Challengers,Middle,82,0.823,0.01,4.633
Loki,Korea,LCK CL,2023,full year (per-game derived),Hanwha Life Esports Challengers,Middle,10,-2.468,-0.2468,10.441
Ophelia,Korea,LCK CL,2023,full year (per-game derived),Gen.G Global Academy,Middle,44,-4.286,-0.0974,3.574
Nice,Korea,LCK CL,2023,full year (per-game derived),T1 Esports Academy,Middle,25,-4.716,-0.1886,6.025
Poby,Korea,LCK CL,2023,full year (per-game derived),T1 Esports Academy,Middle,14,-5.705,-0.4075,8.313
vital,Korea,LCK CL,2023,full year (per-game derived),Nongshim Esports Academy,ADC,43,26.807,0.6234,18.398
Smash,Korea,LCK CL,2023,full year (per-game derived),T1 Esports Academy,ADC,98,19.752,0.2016,16.631
Rahel,Korea,LCK CL,2023,full year (per-game derived),Dplus Kia Challengers,ADC,125,17.334,0.1387,15.239
deokdam,Korea,LCK CL,2023,full year (per-game derived),DRX Challengers,ADC,34,13.018,0.3829,10.093
Diable,Korea,LCK CL,2023,full year (per-game derived),Liiv SANDBOX Youth,ADC,86,11.394,0.1325,10.199
Lure,Korea,LCK CL,2023,full year (per-game derived),Hanwha Life Esports Challengers,ADC,103,10.569,0.1026,9.718
Hype,Korea,LCK CL,2023,full year (per-game derived),KT Rolster Challengers,ADC,99,10.037,0.1014,9.289
Gamin,Korea,LCK CL,2023,full year (per-game derived),HANJIN BRION Challengers,ADC,22,8.588,0.3904,7.618
Jiwoo,Korea,LCK CL,2023,full year (per-game derived),Nongshim Esports Academy,ADC,57,5.297,0.0929,5.883
Cypher,Korea,LCK CL,2023,full year (per-game derived),T1 Esports Academy,ADC,2,1.99,0.995,6.647
Enosh,Korea,LCK CL,2023,full year (per-game derived),HANJIN BRION Challengers,ADC,60,0.0,0.0,2.393
Bull,Korea,LCK CL,2023,full year (per-game derived),DN SOOPers Challengers,ADC,82,-4.748,-0.0579,-1.498
Pleata,Korea,LCK CL,2023,full year (per-game derived),DRX Challengers,ADC,76,-5.23,-0.0688,-1.658
Paduck,Korea,LCK CL,2023,full year (per-game derived),DRX Challengers,ADC,3,-7.362,-2.454,5.701
Pdx,Korea,LCK CL,2023,full year (per-game derived),Gen.G Global Academy,ADC,90,-33.74,-0.3749,-23.176
Calix,Korea,LCK CL,2023,full year (per-game derived),Nongshim Esports Academy,ADC,4,-68.82,-17.205,-1.578
Moham,Korea,LCK CL,2023,full year (per-game derived),DN SOOPers Challengers,Support,22,25.228,1.1467,13.099
Pleata,Korea,LCK CL,2023,full year (per-game derived),DRX Challengers,Support,31,25.21,0.8132,14.835
Duro,Korea,LCK CL,2023,full year (per-game derived),Hanwha Life Esports Challengers,Support,103,19.342,0.1878,15.895
Career,Korea,LCK CL,2023,full year (per-game derived),DRX Challengers,Support,25,17.522,0.7009,10.337
Kellin,Korea,LCK CL,2023,full year (per-game derived),Dplus Kia Challengers,Support,5,14.292,2.8584,5.965
PlanB,Korea,LCK CL,2023,full year (per-game derived),Liiv SANDBOX Youth,Support,86,12.955,0.1506,10.724
Baut,Korea,LCK CL,2023,full year (per-game derived),T1 Esports Academy,Support,99,12.676,0.128,10.735
Piero,Korea,LCK CL,2023,full year (per-game derived),DRX Challengers,Support,57,7.816,0.1371,6.686
Kice,Korea,LCK CL,2023,full year (per-game derived),KT Rolster Challengers,Support,33,7.428,0.2251,6.068
Luon,Korea,LCK CL,2023,full year (per-game derived),Nongshim Esports Academy,Support,104,5.098,0.049,4.993
Pollu,Korea,LCK CL,2023,full year (per-game derived),HANJIN BRION Challengers,Support,77,4.194,0.0545,4.325
Andil,Korea,LCK CL,2023,full year (per-game derived),DN SOOPers Challengers,Support,60,0.585,0.0098,1.985
Lospa,Korea,LCK CL,2023,full year (per-game derived),Gen.G Global Academy,Support,90,0.132,0.0015,1.304
Bible,Korea,LCK CL,2023,full year (per-game derived),Dplus Kia Challengers,Support,39,-0.395,-0.0101,1.86
Effort,Korea,LCK CL,2023,full year (per-game derived),HANJIN BRION Challengers,Support,2,-1.212,-0.606,4.297
Loopy,Korea,LCK CL,2023,full year (per-game derived),Dplus Kia Challengers,Support,52,-3.481,-0.0669,-0.411
Way,Korea,LCK CL,2023,full year (per-game derived),KT Rolster Challengers,Support,66,-8.199,-0.1242,-4.043
Thumb,Korea,LCK CL,2023,full year (per-game derived),Dplus Kia Challengers,Support,29,-8.436,-0.2909,-1.618
Gyosoo,Korea,LCK CL,2023,full year (per-game derived),HANJIN BRION Challengers,Support,3,-16.016,-5.3387,2.853
Minous,Korea,LCK CL,2023,full year (per-game derived),T1 Esports Academy,Support,1,-26.444,-26.444,3.691
PerfecT,Korea,LCK CL,2024,full year (per-game derived),KT Rolster Challengers,Top,2,100.503,50.2515,19.385
Lancer,Korea,LCK CL,2024,full year (per-game derived),DN SOOPers Challengers,Top,104,32.915,0.3165,31.044
Soboro,Korea,LCK CL,2024,full year (per-game derived),BNK FEARX Youth,Top,51,32.11,0.6296,25.333
Siwoo,Korea,LCK CL,2024,full year (per-game derived),Dplus Kia Challengers,Top,121,29.95,0.2475,26.73
Rooster,Korea,LCK CL,2024,full year (per-game derived),Hanwha Life Esports Challengers,Top,106,29.826,0.2814,24.482
HorangE,Korea,LCK CL,2024,full year (per-game derived),Gen.G Global Academy,Top,89,18.867,0.212,17.694
Dal,Korea,LCK CL,2024,full year (per-game derived),T1 Esports Academy,Top,104,18.069,0.1737,15.575
Mihile,Korea,LCK CL,2024,full year (per-game derived),Nongshim Esports Academy,Top,68,16.063,0.2362,12.262
Ady,Korea,LCK CL,2024,full year (per-game derived),Nongshim Esports Academy,Top,6,12.708,2.118,14.118
Kangin,Korea,LCK CL,2024,full year (per-game derived),HANJIN BRION Challengers,Top,93,8.089,0.087,8.536
Casting,Korea,LCK CL,2024,full year (per-game derived),KT Rolster Challengers,Top,116,6.889,0.0594,8.769
Janus,Korea,LCK CL,2024,full year (per-game derived),BNK FEARX Youth,Top,47,3.531,0.0751,7.892
Frog,Korea,LCK CL,2024,full year (per-game derived),DRX Challengers,Top,47,-1.177,-0.025,-1.087
Racerr,Korea,LCK CL,2024,full year (per-game derived),DRX Challengers,Top,40,-8.583,-0.2146,1.548
DnDn,Korea,LCK CL,2024,full year (per-game derived),Nongshim Esports Academy,Top,17,-34.798,-2.0469,-4.319
Midir,Korea,LCK CL,2024,full year (per-game derived),Nongshim Esports Academy,Top,11,-51.024,-4.6385,-2.517
GIDEON,Korea,LCK CL,2024,full year (per-game derived),HANJIN BRION Challengers,Jungle,3,55.346,18.4487,11.578
Willer,Korea,LCK CL,2024,full year (per-game derived),BNK FEARX Youth,Jungle,51,35.249,0.6912,27.061
Grizzly,Korea,LCK CL,2024,full year (per-game derived),Hanwha Life Esports Challengers,Jungle,106,24.483,0.231,19.267
Toye,Korea,LCK CL,2024,full year (per-game derived),Gen.G Global Academy,Jungle,88,24.355,0.2768,19.884
HamBak,Korea,LCK CL,2024,full year (per-game derived),KT Rolster Challengers,Jungle,118,20.309,0.1721,15.083
DDoiV,Korea,LCK CL,2024,full year (per-game derived),HANJIN BRION Challengers,Jungle,86,17.918,0.2083,14.604
Vincenzo,Korea,LCK CL,2024,full year (per-game derived),HANJIN BRION Challengers,Jungle,4,12.357,3.0892,6.799
Carim,Korea,LCK CL,2024,full year (per-game derived),Nongshim Esports Academy,Jungle,49,7.495,0.153,7.465
Raptor,Korea,LCK CL,2024,full year (per-game derived),BNK FEARX Youth,Jungle,47,7.342,0.1562,9.159
Kania,Korea,LCK CL,2024,full year (per-game derived),DRX Challengers,Jungle,45,6.28,0.1396,6.749
Sounda,Korea,LCK CL,2024,full year (per-game derived),Nongshim Esports Academy,Jungle,53,1.508,0.0285,9.528
Zephyr,Korea,LCK CL,2024,full year (per-game derived),DRX Challengers,Jungle,42,0.0,0.0,3.183
Sharvel,Korea,LCK CL,2024,full year (per-game derived),Dplus Kia Challengers,Jungle,121,-0.059,-0.0005,1.488
Courage,Korea,LCK CL,2024,full year (per-game derived),DN SOOPers Challengers,Jungle,104,-2.788,-0.0268,-2.676
Slayer,Korea,LCK CL,2024,full year (per-game derived),Gen.G Global Academy,Jungle,1,-20.764,-20.764,6.553
Guwon,Korea,LCK CL,2024,full year (per-game derived),T1 Esports Academy,Jungle,104,-23.931,-0.2301,-13.344
Karis,Korea,LCK CL,2024,full year (per-game derived),HANJIN BRION Challengers,Middle,22,45.46,2.0664,20.34
Calix,Korea,LCK CL,2024,full year (per-game derived),Nongshim Esports Academy,Middle,66,31.272,0.4738,24.557
SeTab,Korea,LCK CL,2024,full year (per-game derived),DRX Challengers,Middle,45,27.668,0.6148,23.242
Callme,Korea,LCK CL,2024,full year (per-game derived),Nongshim Esports Academy,Middle,27,26.679,0.9881,17.726
kyeahoo,Korea,LCK CL,2024,full year (per-game derived),DRX Challengers,Middle,42,25.178,0.5995,16.794
Pungyeon,Korea,LCK CL,2024,full year (per-game derived),DN SOOPers Challengers,Middle,104,20.458,0.1967,17.197
FIESTA,Korea,LCK CL,2024,full year (per-game derived),Nongshim Esports Academy,Middle,9,19.724,2.1916,7.012
Pout,Korea,LCK CL,2024,full year (per-game derived),KT Rolster Challengers,Middle,10,16.719,1.6719,8.923
Starlit,Korea,LCK CL,2024,full year (per-game derived),Gen.G Global Academy,Middle,47,12.815,0.2727,10.305
Dooly,Korea,LCK CL,2024,full year (per-game derived),Gen.G Global Academy,Middle,29,6.614,0.2281,6.53
Saint,Korea,LCK CL,2024,full year (per-game derived),Dplus Kia Challengers,Middle,121,6.293,0.052,6.442
Loki,Korea,LCK CL,2024,full year (per-game derived),Hanwha Life Esports Challengers,Middle,99,0.546,0.0055,1.842
Daystar,Korea,LCK CL,2024,full year (per-game derived),BNK FEARX Youth,Middle,98,0.253,0.0026,1.764
Poby,Korea,LCK CL,2024,full year (per-game derived),T1 Esports Academy,Middle,104,0.0,0.0,0.631
Zinie,Korea,LCK CL,2024,full year (per-game derived),KT Rolster Challengers,Middle,108,-3.102,-0.0287,-0.941
Ivory,Korea,LCK CL,2024,full year (per-game derived),HANJIN BRION Challengers,Middle,55,-9.727,-0.1769,-2.252
Tempester,Korea,LCK CL,2024,full year (per-game derived),Hanwha Life Esports Challengers,Middle,7,-22.635,-3.2336,1.174
Pullbae,Korea,LCK CL,2024,full year (per-game derived),HANJIN BRION Challengers,Middle,16,-24.234,-1.5146,7.486
Slayer,Korea,LCK CL,2024,full year (per-game derived),Gen.G Global Academy,Middle,2,-40.104,-20.052,3.68
SOLBON,Korea,LCK CL,2024,full year (per-game derived),Gen.G Global Academy,Middle,11,-67.809,-6.1645,-12.737
vital,Korea,LCK CL,2024,full year (per-game derived),Nongshim Esports Academy,ADC,58,39.147,0.6749,27.185
Diable,Korea,LCK CL,2024,full year (per-game derived),BNK FEARX Youth,ADC,98,30.079,0.3069,23.015
Hype,Korea,LCK CL,2024,full year (per-game derived),KT Rolster Challengers,ADC,118,23.551,0.1996,20.125
Enosh,Korea,LCK CL,2024,full year (per-game derived),HANJIN BRION Challengers,ADC,74,16.644,0.2249,12.856
Envyy,Korea,LCK CL,2024,full year (per-game derived),HANJIN BRION Challengers,ADC,3,15.219,5.073,12.387
Lucy,Korea,LCK CL,2024,full year (per-game derived),Nongshim Esports Academy,ADC,33,14.438,0.4375,14.101
Slayer,Korea,LCK CL,2024,full year (per-game derived),Gen.G Global Academy,ADC,86,14.266,0.1659,14.127
Rahel,Korea,LCK CL,2024,full year (per-game derived),Dplus Kia Challengers,ADC,59,13.94,0.2363,14.548
Smash,Korea,LCK CL,2024,full year (per-game derived),T1 Esports Academy,ADC,103,13.871,0.1347,15.176
Taeyoon,Korea,LCK CL,2024,full year (per-game derived),DN SOOPers Challengers,ADC,76,13.749,0.1809,11.146
Bull,Korea,LCK CL,2024,full year (per-game derived),DN SOOPers Challengers,ADC,28,7.828,0.2796,5.386
Paduck,Korea,LCK CL,2024,full year (per-game derived),DRX Challengers,ADC,87,4.634,0.0533,6.467
Samver,Korea,LCK CL,2024,full year (per-game derived),HANJIN BRION Challengers,ADC,16,-4.634,-0.2896,7.566
Wayne,Korea,LCK CL,2024,full year (per-game derived),Dplus Kia Challengers,ADC,62,-5.654,-0.0912,0.892
Lure,Korea,LCK CL,2024,full year (per-game derived),Hanwha Life Esports Challengers,ADC,106,-6.035,-0.0569,1.285
OddEye,Korea,LCK CL,2024,full year (per-game derived),Nongshim Esports Academy,ADC,10,-11.205,-1.1205,7.746
Jiwoo,Korea,LCK CL,2024,full year (per-game derived),Nongshim Esports Academy,ADC,1,-20.27,-20.27,11.825
Rekkles,Korea,LCK CL,2024,full year (per-game derived),T1 Esports Academy,ADC,1,-45.391,-45.391,11.933
Namgung,Korea,LCK CL,2024,full year (per-game derived),Gen.G Global Academy,ADC,3,-68.772,-22.924,6.587
Smash,Korea,LCK CL,2024,full year (per-game derived),T1 Esports Academy,Support,1,50.04,50.04,14.094
Pleata,Korea,LCK CL,2024,full year (per-game derived),DRX Challengers,Support,1,38.637,38.637,16.905
GuGer,Korea,LCK CL,2024,full year (per-game derived),Nongshim Esports Academy,Support,12,28.769,2.3974,17.311
Baut,Korea,LCK CL,2024,full year (per-game derived),Hanwha Life Esports Challengers,Support,106,28.2,0.266,22.014
Namgung,Korea,LCK CL,2024,full year (per-game derived),Gen.G Global Academy,Support,63,26.182,0.4156,21.767
Effort,Korea,LCK CL,2024,full year (per-game derived),HANJIN BRION Challengers,Support,78,26.095,0.3346,21.581
Duro,Korea,LCK CL,2024,full year (per-game derived),BNK FEARX Youth,Support,63,23.886,0.3791,19.965
Way,Korea,LCK CL,2024,full year (per-game derived),KT Rolster Challengers,Support,118,19.172,0.1625,15.72
Moham,Korea,LCK CL,2024,full year (per-game derived),Dplus Kia Challengers,Support,35,17.879,0.5108,15.24
Rekkles,Korea,LCK CL,2024,full year (per-game derived),T1 Esports Academy,Support,103,16.705,0.1622,15.825
Luon,Korea,LCK CL,2024,full year (per-game derived),Nongshim Esports Academy,Support,59,15.444,0.2618,11.593
Pollu,Korea,LCK CL,2024,full year (per-game derived),HANJIN BRION Challengers,Support,15,12.955,0.8637,9.467
Career,Korea,LCK CL,2024,full year (per-game derived),DRX Challengers,Support,44,11.844,0.2692,12.917
Execute,Korea,LCK CL,2024,full year (per-game derived),BNK FEARX Youth,Support,35,11.018,0.3148,11.937
Berr,Korea,LCK CL,2024,full year (per-game derived),DRX Challengers,Support,35,6.227,0.1779,9.418
vital,Korea,LCK CL,2024,full year (per-game derived),Nongshim Esports Academy,Support,31,0.798,0.0257,6.932
Loopy,Korea,LCK CL,2024,full year (per-game derived),Dplus Kia Challengers,Support,59,-0.798,-0.0135,2.599
Minous,Korea,LCK CL,2024,full year (per-game derived),DN SOOPers Challengers,Support,37,-0.867,-0.0234,5.311
Quantum,Korea,LCK CL,2024,full year (per-game derived),DN SOOPers Challengers,Support,63,-0.948,-0.015,3.693
Dahlia,Korea,LCK CL,2024,full year (per-game derived),Gen.G Global Academy,Support,26,-2.461,-0.0947,5.992
Bible,Korea,LCK CL,2024,full year (per-game derived),Dplus Kia Challengers,Support,27,-22.361,-0.8282,-2.397
Alive,Korea,LCK CL,2024,full year (per-game derived),DRX Challengers,Support,7,-24.996,-3.5709,6.067
Andil,Korea,LCK CL,2024,full year (per-game derived),DN SOOPers Challengers,Support,4,-30.636,-7.659,3.953
Bull,Korea,LCK CL,2025,full year (per-game derived),HANJIN BRION Challengers,Top,1,55.111,55.111,10.251
Soboro,Korea,LCK CL,2025,full year (per-game derived),BNK FEARX Youth,Top,127,28.166,0.2218,25.205
Haetae,Korea,LCK CL,2025,full year (per-game derived),T1 Esports Academy,Top,126,27.983,0.2221,24.146
Hanbyeol,Korea,LCK CL,2025,full year (per-game derived),Gen.G Global Academy,Top,114,23.459,0.2058,20.287
Kangin,Korea,LCK CL,2025,full year (per-game derived),Hanwha Life Esports Challengers,Top,37,23.377,0.6318,12.804
Rooster,Korea,LCK CL,2025,full year (per-game derived),Hanwha Life Esports Challengers,Top,60,22.597,0.3766,21.218
Clear,Korea,LCK CL,2025,full year (per-game derived),BNK FEARX Youth,Top,8,21.623,2.7029,14.197
Lancer,Korea,LCK CL,2025,full year (per-game derived),DN SOOPers Challengers,Top,120,17.486,0.1457,20.524
Burdol,Korea,LCK CL,2025,full year (per-game derived),Nongshim Esports Academy,Top,40,10.644,0.2661,7.552
Kangin,Korea,LCK CL,2025,full year (per-game derived),Nongshim Esports Academy,Top,60,8.83,0.1472,8.076
Casting,Korea,LCK CL,2025,full year (per-game derived),KT Rolster Challengers,Top,93,4.894,0.0526,6.213
PerfecT,Korea,LCK CL,2025,full year (per-game derived),KT Rolster Challengers,Top,17,2.391,0.1406,9.841
DDahyuk,Korea,LCK CL,2025,full year (per-game derived),HANJIN BRION Challengers,Top,48,1.841,0.0384,4.006
Jaehyuk,Korea,LCK CL,2025,full year (per-game derived),Dplus Kia Challengers,Top,81,-1.841,-0.0227,1.151
Nevid,Korea,LCK CL,2025,full year (per-game derived),Dplus Kia Challengers,Top,3,-9.256,-3.0853,7.26
Frog,Korea,LCK CL,2025,full year (per-game derived),DRX Challengers,Top,109,-10.78,-0.0989,-6.474
Ellim,Korea,LCK CL,2025,full year (per-game derived),HANJIN BRION Challengers,Top,2,-14.023,-7.0115,7.468
Lonely,Korea,LCK CL,2025,full year (per-game derived),HANJIN BRION Challengers,Top,25,-16.173,-0.6469,-2.22
Levy,Korea,LCK CL,2025,full year (per-game derived),HANJIN BRION Challengers,Top,13,-16.685,-1.2835,1.387
Grizzly,Korea,LCK CL,2025,full year (per-game derived),Hanwha Life Esports Challengers,Jungle,97,25.508,0.263,21.441
Willer,Korea,LCK CL,2025,full year (per-game derived),BNK FEARX Youth,Jungle,102,20.468,0.2007,18.795
HamBak,Korea,LCK CL,2025,full year (per-game derived),HANJIN BRION Challengers,Jungle,15,17.563,1.1709,15.84
Mihawk,Korea,LCK CL,2025,full year (per-game derived),Nongshim Esports Academy,Jungle,3,10.281,3.427,8.453
Vincenzo,Korea,LCK CL,2025,full year (per-game derived),T1 Esports Academy,Jungle,126,10.23,0.0812,9.447
Bonnie,Korea,LCK CL,2025,full year (per-game derived),BNK FEARX Youth,Jungle,33,9.953,0.3016,9.135
Carim,Korea,LCK CL,2025,full year (per-game derived),Nongshim Esports Academy,Jungle,8,9.611,1.2014,8.199
Juhan,Korea,LCK CL,2025,full year (per-game derived),DRX Challengers,Jungle,109,8.279,0.076,8.326
Ellim,Korea,LCK CL,2025,full year (per-game derived),HANJIN BRION Challengers,Jungle,74,4.734,0.064,5.794
Sharvel,Korea,LCK CL,2025,full year (per-game derived),Dplus Kia Challengers,Jungle,84,4.106,0.0489,3.68
Sylvie,Korea,LCK CL,2025,full year (per-game derived),Nongshim Esports Academy,Jungle,89,1.439,0.0162,3.398
DDoiV,Korea,LCK CL,2025,full year (per-game derived),DN SOOPers Challengers,Jungle,118,-4.316,-0.0366,0.263
YoungJae,Korea,LCK CL,2025,full year (per-game derived),KT Rolster Challengers,Jungle,110,-9.367,-0.0852,-3.213
Pyosik,Korea,LCK CL,2025,full year (per-game derived),DN SOOPers Challengers,Jungle,2,-14.631,-7.3155,8.853
Winner,Korea,LCK CL,2025,full year (per-game derived),Gen.G Global Academy,Jungle,114,-15.427,-0.1353,-8.496
BuLLDoG,Korea,LCK CL,2025,full year (per-game derived),DN SOOPers Challengers,Middle,10,47.987,4.7987,14.502
Ucal,Korea,LCK CL,2025,full year (per-game derived),DRX Challengers,Middle,45,43.176,0.9595,28.903
Calix,Korea,LCK CL,2025,full year (per-game derived),Nongshim Esports Academy,Middle,25,29.178,1.1671,19.604
kyeahoo,Korea,LCK CL,2025,full year (per-game derived),DRX Challengers,Middle,64,26.904,0.4204,19.72
Pungyeon,Korea,LCK CL,2025,full year (per-game derived),DN SOOPers Challengers,Middle,110,23.347,0.2122,20.142
Poby,Korea,LCK CL,2025,full year (per-game derived),T1 Esports Academy,Middle,79,23.043,0.2917,13.259
Fisher,Korea,LCK CL,2025,full year (per-game derived),Nongshim Esports Academy,Middle,75,13.627,0.1817,12.324
VicLa,Korea,LCK CL,2025,full year (per-game derived),BNK FEARX Youth,Middle,6,8.556,1.426,8.556
Guti,Korea,LCK CL,2025,full year (per-game derived),T1 Esports Academy,Middle,47,4.526,0.0963,7.415
Starlit,Korea,LCK CL,2025,full year (per-game derived),HANJIN BRION Challengers,Middle,89,3.126,0.0351,5.696
Tempester,Korea,LCK CL,2025,full year (per-game derived),Hanwha Life Esports Challengers,Middle,97,1.018,0.0105,2.325
Zinie,Korea,LCK CL,2025,full year (per-game derived),KT Rolster Challengers,Middle,110,-0.339,-0.0031,0.535
Daystar,Korea,LCK CL,2025,full year (per-game derived),BNK FEARX Youth,Middle,129,-1.373,-0.0106,0.515
Garden,Korea,LCK CL,2025,full year (per-game derived),Dplus Kia Challengers,Middle,84,-6.865,-0.0817,-2.653
Kemish,Korea,LCK CL,2025,full year (per-game derived),Gen.G Global Academy,Middle,114,-21.775,-0.191,-15.197
Teddy,Korea,LCK CL,2025,full year (per-game derived),DRX Challengers,ADC,20,52.744,2.6372,29.46
About,Korea,LCK CL,2025,full year (per-game derived),Gen.G Global Academy,ADC,114,51.329,0.4503,43.601
Smash,Korea,LCK CL,2025,full year (per-game derived),T1 Esports Academy,ADC,81,48.938,0.6042,31.251
Trigger,Korea,LCK CL,2025,full year (per-game derived),Nongshim Esports Academy,ADC,35,33.995,0.9713,25.315
vital,Korea,LCK CL,2025,full year (per-game derived),Nongshim Esports Academy,ADC,38,28.935,0.7614,25.628
Jiwoo,Korea,LCK CL,2025,full year (per-game derived),Nongshim Esports Academy,ADC,14,27.272,1.948,16.416
Slayer,Korea,LCK CL,2025,full year (per-game derived),DN SOOPers Challengers,ADC,120,23.444,0.1954,20.43
deokdam,Korea,LCK CL,2025,full year (per-game derived),KT Rolster Challengers,ADC,8,20.489,2.5611,12.988
Pyeonsik,Korea,LCK CL,2025,full year (per-game derived),Hanwha Life Esports Challengers,ADC,97,17.981,0.1854,17.419
LazyFeel,Korea,LCK CL,2025,full year (per-game derived),DRX Challengers,ADC,70,17.044,0.2435,16.623
Paduck,Korea,LCK CL,2025,full year (per-game derived),KT Rolster Challengers,ADC,102,15.691,0.1538,13.388
Guti,Korea,LCK CL,2025,full year (per-game derived),T1 Esports Academy,ADC,27,13.996,0.5184,14.91
Wayne,Korea,LCK CL,2025,full year (per-game derived),Dplus Kia Challengers,ADC,84,11.816,0.1407,9.601
Cypher,Korea,LCK CL,2025,full year (per-game derived),T1 Esports Academy,ADC,18,4.95,0.275,11.712
Enosh,Korea,LCK CL,2025,full year (per-game derived),BNK FEARX Youth,ADC,58,2.731,0.0471,8.74
Leo,Korea,LCK CL,2025,full year (per-game derived),HANJIN BRION Challengers,ADC,20,0.451,0.0226,9.78
Levy,Korea,LCK CL,2025,full year (per-game derived),HANJIN BRION Challengers,ADC,20,-1.354,-0.0677,9.08
Envyy,Korea,LCK CL,2025,full year (per-game derived),BNK FEARX Youth,ADC,77,-1.878,-0.0244,4.495
Lucy,Korea,LCK CL,2025,full year (per-game derived),Nongshim Esports Academy,ADC,13,-2.114,-0.1626,11.398
Bull,Korea,LCK CL,2025,full year (per-game derived),HANJIN BRION Challengers,ADC,49,-2.426,-0.0495,2.779
Alive,Korea,LCK CL,2025,full year (per-game derived),DRX Challengers,ADC,19,-15.796,-0.8314,3.86
Career,Korea,LCK CL,2025,full year (per-game derived),BNK FEARX Youth,Support,135,25.265,0.1871,20.162
Cloud,Korea,LCK CL,2025,full year (per-game derived),T1 Esports Academy,Support,126,23.198,0.1841,19.23
Namgung,Korea,LCK CL,2025,full year (per-game derived),Gen.G Global Academy,Support,114,22.461,0.197,19.485
Peter,Korea,LCK CL,2025,full year (per-game derived),KT Rolster Challengers,Support,27,19.695,0.7294,12.582
Bluffing,Korea,LCK CL,2025,full year (per-game derived),Hanwha Life Esports Challengers,Support,97,15.523,0.16,12.545
Kice,Korea,LCK CL,2025,full year (per-game derived),HANJIN BRION Challengers,Support,84,15.012,0.1787,11.6
Pleata,Korea,LCK CL,2025,full year (per-game derived),DRX Challengers,Support,97,10.895,0.1123,11.075
Lehends,Korea,LCK CL,2025,full year (per-game derived),Nongshim Esports Academy,Support,3,8.386,2.7953,7.554
Quantum,Korea,LCK CL,2025,full year (per-game derived),DN SOOPers Challengers,Support,92,5.241,0.057,3.911
Leo,Korea,LCK CL,2025,full year (per-game derived),HANJIN BRION Challengers,Support,5,1.546,0.3092,3.141
Way,Korea,LCK CL,2025,full year (per-game derived),KT Rolster Challengers,Support,83,1.351,0.0163,6.942
Berr,Korea,LCK CL,2025,full year (per-game derived),Dplus Kia Challengers,Support,61,0.689,0.0113,2.218
Crack,Korea,LCK CL,2025,full year (per-game derived),Nongshim Esports Academy,Support,84,0.565,0.0067,1.338
Minous,Korea,LCK CL,2025,full year (per-game derived),DN SOOPers Challengers,Support,28,-0.565,-0.0202,0.981
Thumb,Korea,LCK CL,2025,full year (per-game derived),Dplus Kia Challengers,Support,19,-1.766,-0.0929,0.437
vital,Korea,LCK CL,2025,full year (per-game derived),Nongshim Esports Academy,Support,13,-6.089,-0.4684,1.454
Andil,Korea,LCK CL,2025,full year (per-game derived),DRX Challengers,Support,12,-15.336,-1.278,-3.08
Bible,Korea,LCK CL,2025,full year (per-game derived),Dplus Kia Challengers,Support,4,-42.031,-10.5078,-6.005
Janus,Korea,LCK CL,2026,full year (per-game derived),Nongshim Esports Academy,Top,77,55.818,0.7249,40.069
Lancer,Korea,LCK CL,2026,full year (per-game derived),DN SOOPers Challengers,Top,67,40.628,0.6064,29.092
Ripple,Korea,LCK CL,2026,full year (per-game derived),Gen.G Global Academy,Top,54,36.334,0.6729,27.554
Sero,Korea,LCK CL,2026,full year (per-game derived),KT Rolster Challengers,Top,70,28.424,0.4061,23.104
Kangin,Korea,LCK CL,2026,full year (per-game derived),BNK FEARX Youth,Top,64,27.572,0.4308,21.348
Haetae,Korea,LCK CL,2026,full year (per-game derived),T1 Esports Academy,Top,77,12.535,0.1628,17.433
Jaehyuk,Korea,LCK CL,2026,full year (per-game derived),Dplus Kia Challengers,Top,58,3.368,0.0581,4.357
DDahyuk,Korea,LCK CL,2026,full year (per-game derived),HANJIN BRION Challengers,Top,60,-1.123,-0.0187,3.283
Frog,Korea,LCK CL,2026,full year (per-game derived),Kiwoom DRX Challengers,Top,79,-7.34,-0.0929,-4.476
Panther,Korea,LCK CL,2026,full year (per-game derived),Hanwha Life Esports Challengers,Top,68,-15.042,-0.2212,-6.299
Guardian,Korea,LCK CL,2026,full year (per-game derived),T1 Esports Academy,Top,2,-26.814,-13.407,10.191
Lucid,Korea,LCK CL,2026,full year (per-game derived),Dplus Kia Challengers,Jungle,2,32.086,16.043,8.022
Sharvel,Korea,LCK CL,2026,full year (per-game derived),Dplus Kia Challengers,Jungle,56,27.521,0.4914,16.547
Painter,Korea,LCK CL,2026,full year (per-game derived),T1 Esports Academy,Jungle,79,27.351,0.3462,20.658
Winner,Korea,LCK CL,2026,full year (per-game derived),Kiwoom DRX Challengers,Jungle,79,20.518,0.2597,6.665
Zephyr,Korea,LCK CL,2026,full year (per-game derived),BNK FEARX Youth,Jungle,64,19.3,0.3016,13.068
Jackal,Korea,LCK CL,2026,full year (per-game derived),Hanwha Life Esports Challengers,Jungle,68,3.909,0.0575,3.909
Sylvie,Korea,LCK CL,2026,full year (per-game derived),KT Rolster Challengers,Jungle,70,1.905,0.0272,2.239
Mihawk,Korea,LCK CL,2026,full year (per-game derived),Nongshim Esports Academy,Jungle,77,1.404,0.0182,2.221
DDoiV,Korea,LCK CL,2026,full year (per-game derived),DN SOOPers Challengers,Jungle,67,-0.468,-0.007,-0.747
Courage,Korea,LCK CL,2026,full year (per-game derived),Gen.G Global Academy,Jungle,54,-0.526,-0.0097,0.348
Dinai,Korea,LCK CL,2026,full year (per-game derived),HANJIN BRION Challengers,Jungle,60,-2.174,-0.0362,-0.077
FIESTA,Korea,LCK CL,2026,full year (per-game derived),BNK FEARX Youth,Middle,64,20.828,0.3254,15.743
Guti,Korea,LCK CL,2026,full year (per-game derived),T1 Esports Academy,Middle,79,18.857,0.2387,13.473
Hwichan,Korea,LCK CL,2026,full year (per-game derived),KT Rolster Challengers,Middle,70,12.979,0.1854,10.724
SeTab,Korea,LCK CL,2026,full year (per-game derived),Nongshim Esports Academy,Middle,77,10.461,0.1359,10.107
Tempester,Korea,LCK CL,2026,full year (per-game derived),HANJIN BRION Challengers,Middle,59,6.526,0.1106,4.29
Kemish,Korea,LCK CL,2026,full year (per-game derived),Gen.G Global Academy,Middle,52,5.797,0.1115,-4.052
Flip,Korea,LCK CL,2026,full year (per-game derived),DN SOOPers Challengers,Middle,67,4.857,0.0725,4.673
Fisher,Korea,LCK CL,2026,full year (per-game derived),HANJIN BRION Challengers,Middle,1,4.622,4.622,2.846
Garden,Korea,LCK CL,2026,full year (per-game derived),Dplus Kia Challengers,Middle,58,-1.619,-0.0279,-1.27
Cracker,Korea,LCK CL,2026,full year (per-game derived),Hanwha Life Esports Challengers,Middle,68,-24.464,-0.3598,-15.019
MUDAI,Korea,LCK CL,2026,full year (per-game derived),Gen.G Global Academy,Middle,2,-40.455,-20.2275,2.599
AKaJe,Korea,LCK CL,2026,full year (per-game derived),Kiwoom DRX Challengers,Middle,79,-42.938,-0.5435,-29.158
LazyFeel,Korea,LCK CL,2026,full year (per-game derived),Kiwoom DRX Challengers,ADC,41,19.429,0.4739,11.069
Diable,Korea,LCK CL,2026,full year (per-game derived),BNK FEARX Youth,ADC,2,19.064,9.532,19.404
Enosh,Korea,LCK CL,2026,full year (per-game derived),DN SOOPers Challengers,ADC,67,12.743,0.1902,8.649
Pyeonsik,Korea,LCK CL,2026,full year (per-game derived),Hanwha Life Esports Challengers,ADC,68,11.059,0.1626,10.776
OddEye,Korea,LCK CL,2026,full year (per-game derived),HANJIN BRION Challengers,ADC,60,9.008,0.1501,5.979
Jiwoo,Korea,LCK CL,2026,full year (per-game derived),Kiwoom DRX Challengers,ADC,38,3.747,0.0986,1.877
Lucy,Korea,LCK CL,2026,full year (per-game derived),Nongshim Esports Academy,ADC,77,3.335,0.0433,3.178
Cypher,Korea,LCK CL,2026,full year (per-game derived),T1 Esports Academy,ADC,65,1.312,0.0202,1.564
Wayne,Korea,LCK CL,2026,full year (per-game derived),Dplus Kia Challengers,ADC,58,1.11,0.0191,3.192
Jinbeom,Korea,LCK CL,2026,full year (per-game derived),T1 Esports Academy,ADC,14,0.106,0.0076,0.941
Slayer,Korea,LCK CL,2026,full year (per-game derived),BNK FEARX Youth,ADC,62,-0.319,-0.0051,8.77
FenRir,Korea,LCK CL,2026,full year (per-game derived),KT Rolster Challengers,ADC,70,-4.331,-0.0619,-2.668
MUDAI,Korea,LCK CL,2026,full year (per-game derived),Gen.G Global Academy,ADC,52,-14.504,-0.2789,-8.53
SIRIUSS,Korea,LCK CL,2026,full year (per-game derived),Gen.G Global Academy,ADC,1,-73.4,-73.4,-0.982
Lumos,Korea,LCK CL,2026,full year (per-game derived),Gen.G Global Academy,ADC,1,-109.333,-109.333,-2.085
Cloud,Korea,LCK CL,2026,full year (per-game derived),T1 Esports Academy,Support,79,47.203,0.5975,31.295
PlanB,Korea,LCK CL,2026,full year (per-game derived),HANJIN BRION Challengers,Support,60,24.729,0.4122,17.724
Bluffing,Korea,LCK CL,2026,full year (per-game derived),Hanwha Life Esports Challengers,Support,66,21.694,0.3287,15.937
Pleata,Korea,LCK CL,2026,full year (per-game derived),Nongshim Esports Academy,Support,71,19.149,0.2697,13.596
SIRIUSS,Korea,LCK CL,2026,full year (per-game derived),Gen.G Global Academy,Support,12,13.575,1.1312,6.934
Effort,Korea,LCK CL,2026,full year (per-game derived),KT Rolster Challengers,Support,25,13.34,0.5336,10.034
Loopy,Korea,LCK CL,2026,full year (per-game derived),Dplus Kia Challengers,Support,58,9.556,0.1648,6.748
Minous,Korea,LCK CL,2026,full year (per-game derived),Kiwoom DRX Challengers,Support,79,5.045,0.0639,4.065
Quantum,Korea,LCK CL,2026,full year (per-game derived),DN SOOPers Challengers,Support,47,3.774,0.0803,4.386
Luon,Korea,LCK CL,2026,full year (per-game derived),BNK FEARX Youth,Support,64,3.323,0.0519,4.975
Lumos,Korea,LCK CL,2026,full year (per-game derived),Gen.G Global Academy,Support,42,-1.108,-0.0264,1.26
Peter,Korea,LCK CL,2026,full year (per-game derived),DN SOOPers Challengers,Support,20,-5.086,-0.2543,8.438
Lehends,Korea,LCK CL,2026,full year (per-game derived),Nongshim Esports Academy,Support,6,-16.215,-2.7025,7.083
Valiant,Korea,LCK CL,2026,full year (per-game derived),Hanwha Life Esports Challengers,Support,2,-19.28,-9.64,2.998
Pollu,Korea,LCK CL,2026,full year (per-game derived),KT Rolster Challengers,Support,34,-28.527,-0.839,-6.291
Ghost,Korea,LCK CL,2026,full year (per-game derived),KT Rolster Challengers,Support,11,-41.559,-3.7781,-7.469
Agresivoo,Europe,LEC,2023,full year (per-game derived),Team BDS,Top,1,54.401,54.401,22.518
Irrelevant,Europe,LEC,2023,full year (per-game derived),SK Gaming,Top,52,42.738,0.8219,34.718
Szygenda,Europe,LEC,2023,full year (per-game derived),KOI,Top,51,30.104,0.5903,26.818
Finn,Europe,LEC,2023,full year (per-game derived),Astralis,Top,42,26.858,0.6395,24.562
Photon,Europe,LEC,2023,full year (per-game derived),Team Vitality,Top,45,22.403,0.4978,22.034
Chasy,Europe,LEC,2023,full year (per-game derived),MAD Lions KOI,Top,84,21.852,0.2601,21.758
BrokenBlade,Europe,LEC,2023,full year (per-game derived),G2 Esports,Top,76,21.164,0.2785,21.265
Evi,Europe,LEC,2023,full year (per-game derived),Team Heretics,Top,44,9.789,0.2225,14.684
Odoamne,Europe,LEC,2023,full year (per-game derived),Excel Esports,Top,52,0.421,0.0081,8.387
Oscarinin,Europe,LEC,2023,full year (per-game derived),Fnatic,Top,43,-0.421,-0.0098,8.862
Adam,Europe,LEC,2023,full year (per-game derived),Team BDS,Top,63,-7.227,-0.1147,2.365
Wunder,Europe,LEC,2023,full year (per-game derived),Fnatic,Top,23,-13.805,-0.6002,6.624
Daglas,Europe,LEC,2023,full year (per-game derived),Team Vitality,Jungle,3,28.986,9.662,16.052
Elyoya,Europe,LEC,2023,full year (per-game derived),MAD Lions KOI,Jungle,84,22.804,0.2715,20.624
Bo,Europe,LEC,2023,full year (per-game derived),Team Vitality,Jungle,42,17.074,0.4065,16.108
Yike,Europe,LEC,2023,full year (per-game derived),G2 Esports,Jungle,76,16.565,0.218,16.054
Jankos,Europe,LEC,2023,full year (per-game derived),Team Heretics,Jungle,44,16.247,0.3692,15.652
Peach,Europe,LEC,2023,full year (per-game derived),Excel Esports,Jungle,34,15.135,0.4451,14.985
Sheo,Europe,LEC,2023,full year (per-game derived),Team BDS,Jungle,64,14.51,0.2267,14.613
Razork,Europe,LEC,2023,full year (per-game derived),Fnatic,Jungle,66,13.31,0.2017,13.799
Xerxe,Europe,LEC,2023,full year (per-game derived),Excel Esports,Jungle,18,2.186,0.1214,10.234
113,Europe,LEC,2023,full year (per-game derived),Astralis,Jungle,42,-2.186,-0.052,5.112
Markoon,Europe,LEC,2023,full year (per-game derived),SK Gaming,Jungle,52,-8.043,-0.1547,0.594
Malrang,Europe,LEC,2023,full year (per-game derived),KOI,Jungle,51,-22.127,-0.4339,-8.0
Larssen,Europe,LEC,2023,full year (per-game derived),KOI,Middle,51,39.912,0.7826,28.889
LIDER,Europe,LEC,2023,full year (per-game derived),Astralis,Middle,25,31.818,1.2727,20.245
Vetheo,Europe,LEC,2023,full year (per-game derived),Team Heretics,Middle,20,23.046,1.1523,15.721
Nisqy,Europe,LEC,2023,full year (per-game derived),MAD Lions KOI,Middle,84,18.839,0.2243,16.72
Humanoid,Europe,LEC,2023,full year (per-game derived),Fnatic,Middle,66,16.762,0.254,14.924
Perkz,Europe,LEC,2023,full year (per-game derived),Team Vitality,Middle,45,14.999,0.3333,13.383
nuc,Europe,LEC,2023,full year (per-game derived),Team BDS,Middle,64,11.08,0.1731,11.08
Ruby,Europe,LEC,2023,full year (per-game derived),Team Heretics,Middle,24,9.463,0.3943,10.382
Abbedagge,Europe,LEC,2023,full year (per-game derived),Excel Esports,Middle,37,4.453,0.1204,7.504
Vetheo,Europe,LEC,2023,full year (per-game derived),Excel Esports,Middle,15,0.0,0.0,7.511
Sertuss,Europe,LEC,2023,full year (per-game derived),SK Gaming,Middle,52,-1.568,-0.0302,3.21
Caps,Europe,LEC,2023,full year (per-game derived),G2 Esports,Middle,76,-3.086,-0.0406,1.071
Dajor,Europe,LEC,2023,full year (per-game derived),Astralis,Middle,17,-4.082,-0.2401,5.773
Crownie,Europe,LEC,2023,full year (per-game derived),Team BDS,ADC,64,27.723,0.4332,22.51
3XA,Europe,LEC,2023,full year (per-game derived),SK Gaming,ADC,52,22.815,0.4388,18.707
Hans Sama,Europe,LEC,2023,full year (per-game derived),G2 Esports,ADC,76,22.633,0.2978,19.495
Carzzy,Europe,LEC,2023,full year (per-game derived),MAD Lions KOI,ADC,84,19.43,0.2313,17.384
Kobbe,Europe,LEC,2023,full year (per-game derived),Astralis,ADC,42,19.154,0.456,16.059
Upset,Europe,LEC,2023,full year (per-game derived),Team Vitality,ADC,29,13.499,0.4655,12.687
Flakked,Europe,LEC,2023,full year (per-game derived),Team Heretics,ADC,20,11.941,0.5971,11.941
Noah,Europe,LEC,2023,full year (per-game derived),Fnatic,ADC,42,6.016,0.1432,8.558
Patrik,Europe,LEC,2023,full year (per-game derived),Excel Esports,ADC,52,0.54,0.0104,4.847
Comp,Europe,LEC,2023,full year (per-game derived),KOI,ADC,51,0.0,0.0,4.565
Rekkles,Europe,LEC,2023,full year (per-game derived),Fnatic,ADC,24,-9.232,-0.3847,2.796
Jackspektra,Europe,LEC,2023,full year (per-game derived),Team Heretics,ADC,24,-15.833,-0.6597,-0.055
Neon,Europe,LEC,2023,full year (per-game derived),Team Vitality,ADC,16,-40.164,-2.5102,-5.585
Execute,Europe,LEC,2023,full year (per-game derived),Astralis,Support,42,26.469,0.6302,17.509
Mikyx,Europe,LEC,2023,full year (per-game derived),G2 Esports,Support,76,24.267,0.3193,18.785
Mersa,Europe,LEC,2023,full year (per-game derived),Team Heretics,Support,44,24.048,0.5465,16.336
Doss,Europe,LEC,2023,full year (per-game derived),SK Gaming,Support,52,13.968,0.2686,10.802
Advienne,Europe,LEC,2023,full year (per-game derived),Fnatic,Support,15,13.617,0.9078,8.174
Kaiser,Europe,LEC,2023,full year (per-game derived),Team Vitality,Support,45,10.093,0.2243,8.235
Targamas,Europe,LEC,2023,full year (per-game derived),Excel Esports,Support,9,6.646,0.7384,5.822
Labrov,Europe,LEC,2023,full year (per-game derived),Team BDS,Support,64,4.529,0.0708,4.879
Trymbi,Europe,LEC,2023,full year (per-game derived),KOI,Support,38,1.506,0.0396,3.358
Advienne,Europe,LEC,2023,full year (per-game derived),KOI,Support,13,0.812,0.0625,4.195
LIMIT,Europe,LEC,2023,full year (per-game derived),Excel Esports,Support,43,-2.436,-0.0567,0.961
Hylissang,Europe,LEC,2023,full year (per-game derived),MAD Lions KOI,Support,84,-11.979,-0.1426,-7.181
Trymbi,Europe,LEC,2023,full year (per-game derived),Fnatic,Support,42,-12.634,-0.3008,-4.815
Rhuckz,Europe,LEC,2023,full year (per-game derived),Fnatic,Support,9,-15.298,-1.6998,0.954
Szygenda,Europe,LEC,2024,full year (per-game derived),Rogue,Top,9,40.808,4.5342,18.36
Photon,Europe,LEC,2024,full year (per-game derived),Team Vitality,Top,46,29.178,0.6343,19.707
Myrwn,Europe,LEC,2024,full year (per-game derived),MAD Lions KOI,Top,75,25.51,0.3401,20.553
Canna,Europe,LEC,2024,full year (per-game derived),Karmine Corp,Top,21,14.419,0.6866,8.384
Irrelevant,Europe,LEC,2024,full year (per-game derived),SK Gaming,Top,52,10.356,0.1992,14.999
Finn,Europe,LEC,2024,full year (per-game derived),Rogue,Top,20,10.19,0.5095,11.599
Odoamne,Europe,LEC,2024,full year (per-game derived),GiantX,Top,27,4.983,0.1846,3.544
Oscarinin,Europe,LEC,2024,full year (per-game derived),Fnatic,Top,85,3.757,0.0442,3.738
Wunder,Europe,LEC,2024,full year (per-game derived),Team Heretics,Top,45,2.698,0.06,1.543
BrokenBlade,Europe,LEC,2024,full year (per-game derived),G2 Esports,Top,88,1.59,0.0181,6.143
Adam,Europe,LEC,2024,full year (per-game derived),Team BDS,Top,76,-4.77,-0.0628,-3.063
Cabochard,Europe,LEC,2024,full year (per-game derived),Karmine Corp,Top,18,-15.139,-0.8411,-1.326
JNX,Europe,LEC,2024,full year (per-game derived),Team BDS,Top,5,-29.12,-5.824,13.692
Th3Antonio,Europe,LEC,2024,full year (per-game derived),GiantX,Top,21,-54.896,-2.6141,-16.454
Juhan,Europe,LEC,2024,full year (per-game derived),GiantX,Jungle,21,35.242,1.6782,19.648
Razork,Europe,LEC,2024,full year (per-game derived),Fnatic,Jungle,85,27.738,0.3263,20.997
Markoon,Europe,LEC,2024,full year (per-game derived),Rogue,Jungle,29,24.082,0.8304,10.125
Yike,Europe,LEC,2024,full year (per-game derived),G2 Esports,Jungle,88,22.736,0.2584,18.651
Bo,Europe,LEC,2024,full year (per-game derived),Karmine Corp,Jungle,18,22.044,1.2247,14.712
Sheo,Europe,LEC,2024,full year (per-game derived),Team BDS,Jungle,81,10.064,0.1242,10.707
Peach,Europe,LEC,2024,full year (per-game derived),GiantX,Jungle,27,9.274,0.3435,10.705
Elyoya,Europe,LEC,2024,full year (per-game derived),MAD Lions KOI,Jungle,75,8.075,0.1077,11.876
Daglas,Europe,LEC,2024,full year (per-game derived),Team Vitality,Jungle,36,5.188,0.1441,7.844
ISMA,Europe,LEC,2024,full year (per-game derived),SK Gaming,Jungle,52,0.0,0.0,4.106
Jankos,Europe,LEC,2024,full year (per-game derived),Team Heretics,Jungle,45,-2.825,-0.0628,4.795
Lyncas,Europe,LEC,2024,full year (per-game derived),Team Vitality,Jungle,10,-5.037,-0.5037,2.331
Closer,Europe,LEC,2024,full year (per-game derived),Karmine Corp,Jungle,21,-11.443,-0.5449,0.998
Perkz,Europe,LEC,2024,full year (per-game derived),Team Heretics,Middle,14,33.712,2.408,15.352
Larssen,Europe,LEC,2024,full year (per-game derived),Rogue,Middle,29,30.543,1.0532,23.885
Humanoid,Europe,LEC,2024,full year (per-game derived),Fnatic,Middle,85,19.867,0.2337,16.543
Caps,Europe,LEC,2024,full year (per-game derived),G2 Esports,Middle,88,18.509,0.2103,11.795
Jackies,Europe,LEC,2024,full year (per-game derived),GiantX,Middle,48,15.045,0.3134,12.016
Vetheo,Europe,LEC,2024,full year (per-game derived),Team Vitality,Middle,46,11.34,0.2465,10.613
Nisqy,Europe,LEC,2024,full year (per-game derived),SK Gaming,Middle,52,3.483,0.067,8.945
SAKEN,Europe,LEC,2024,full year (per-game derived),Karmine Corp,Middle,18,2.968,0.1649,5.946
nuc,Europe,LEC,2024,full year (per-game derived),Team BDS,Middle,81,0.366,0.0045,3.961
Vladi,Europe,LEC,2024,full year (per-game derived),Karmine Corp,Middle,21,-1.099,-0.0523,4.012
Fresskowy,Europe,LEC,2024,full year (per-game derived),MAD Lions KOI,Middle,75,-11.438,-0.1525,-4.351
Zwyroo,Europe,LEC,2024,full year (per-game derived),Team Heretics,Middle,31,-16.913,-0.5456,-3.593
Ice,Europe,LEC,2024,full year (per-game derived),Team BDS,ADC,81,24.933,0.3078,20.125
Noah,Europe,LEC,2024,full year (per-game derived),Fnatic,ADC,85,21.334,0.251,16.198
Hans Sama,Europe,LEC,2024,full year (per-game derived),G2 Esports,ADC,88,20.124,0.2287,18.036
Upset,Europe,LEC,2024,full year (per-game derived),Karmine Corp,ADC,39,14.758,0.3784,11.903
Supa,Europe,LEC,2024,full year (per-game derived),MAD Lions KOI,ADC,75,13.775,0.1837,13.657
Rahel,Europe,LEC,2024,full year (per-game derived),SK Gaming,ADC,19,7.789,0.4099,7.789
Flakked,Europe,LEC,2024,full year (per-game derived),Team Heretics,ADC,45,6.805,0.1512,7.77
Patrik,Europe,LEC,2024,full year (per-game derived),GiantX,ADC,48,2.379,0.0496,3.699
3XA,Europe,LEC,2024,full year (per-game derived),SK Gaming,ADC,33,-2.379,-0.0721,7.52
Carzzy,Europe,LEC,2024,full year (per-game derived),Team Vitality,ADC,46,-9.191,-0.1998,4.281
Comp,Europe,LEC,2024,full year (per-game derived),Rogue,ADC,29,-31.238,-1.0772,-8.152
IgNar,Europe,LEC,2024,full year (per-game derived),GiantX,Support,48,33.806,0.7043,25.451
Kaiser,Europe,LEC,2024,full year (per-game derived),Team Heretics,Support,14,32.184,2.2989,16.276
Alvaro,Europe,LEC,2024,full year (per-game derived),MAD Lions KOI,Support,75,30.026,0.4003,24.761
Jun,Europe,LEC,2024,full year (per-game derived),Fnatic,Support,85,20.705,0.2436,18.55
Labrov,Europe,LEC,2024,full year (per-game derived),Team BDS,Support,81,19.241,0.2375,15.032
Luon,Europe,LEC,2024,full year (per-game derived),SK Gaming,Support,19,13.576,0.7145,13.059
Mikyx,Europe,LEC,2024,full year (per-game derived),G2 Esports,Support,88,11.919,0.1354,14.596
Targamas,Europe,LEC,2024,full year (per-game derived),Karmine Corp,Support,39,9.529,0.2443,11.004
Doss,Europe,LEC,2024,full year (per-game derived),SK Gaming,Support,33,4.631,0.1403,9.907
Trymbi,Europe,LEC,2024,full year (per-game derived),Team Heretics,Support,31,-13.892,-0.4481,-1.294
Zoelys,Europe,LEC,2024,full year (per-game derived),Rogue,Support,29,-14.744,-0.5084,3.232
Hylissang,Europe,LEC,2024,full year (per-game derived),Team Vitality,Support,46,-18.013,-0.3916,-7.454
Myrwn,Europe,LEC,2025,full year (per-game derived),Movistar KOI,Top,83,56.966,0.6863,39.99
BrokenBlade,Europe,LEC,2025,full year (per-game derived),G2 Esports,Top,73,42.438,0.5813,24.401
Adam,Europe,LEC,2025,full year (per-game derived),Rogue,Top,29,32.078,1.1061,9.654
Canna,Europe,LEC,2025,full year (per-game derived),Karmine Corp,Top,85,31.042,0.3652,24.529
Rooster,Europe,LEC,2025,full year (per-game derived),Team BDS,Top,12,29.609,2.4674,15.171
Naak Nako,Europe,LEC,2025,full year (per-game derived),Team Vitality,Top,50,15.068,0.3014,11.355
Lot,Europe,LEC,2025,full year (per-game derived),GiantX,Top,55,4.298,0.0781,9.769
Oscarinin,Europe,LEC,2025,full year (per-game derived),Fnatic,Top,80,2.915,0.0364,4.3
Irrelevant,Europe,LEC,2025,full year (per-game derived),Team BDS,Top,38,-2.915,-0.0767,8.483
DnDn,Europe,LEC,2025,full year (per-game derived),SK Gaming,Top,9,-7.547,-0.8386,5.86
Carlsen,Europe,LEC,2025,full year (per-game derived),Team Heretics,Top,54,-17.993,-0.3332,-2.701
JNX,Europe,LEC,2025,full year (per-game derived),SK Gaming,Top,28,-30.637,-1.0942,-6.592
SkewMond,Europe,LEC,2025,full year (per-game derived),G2 Esports,Jungle,73,32.696,0.4479,23.374
Elyoya,Europe,LEC,2025,full year (per-game derived),Movistar KOI,Jungle,83,26.295,0.3168,18.813
Razork,Europe,LEC,2025,full year (per-game derived),Fnatic,Jungle,80,21.215,0.2652,19.172
Closer,Europe,LEC,2025,full year (per-game derived),GiantX,Jungle,16,15.49,0.9681,6.784
ISMA,Europe,LEC,2025,full year (per-game derived),SK Gaming,Jungle,9,14.576,1.6196,6.068
Boukada,Europe,LEC,2025,full year (per-game derived),SK Gaming,Jungle,19,10.7,0.5632,2.656
ISMA,Europe,LEC,2025,full year (per-game derived),GiantX,Jungle,39,9.129,0.2341,6.507
Skeanz,Europe,LEC,2025,full year (per-game derived),SK Gaming,Jungle,9,7.222,0.8024,7.193
Yike,Europe,LEC,2025,full year (per-game derived),Karmine Corp,Jungle,85,6.484,0.0763,10.967
113,Europe,LEC,2025,full year (per-game derived),Team BDS,Jungle,38,5.869,0.1544,6.3
Sheo,Europe,LEC,2025,full year (per-game derived),Team Heretics,Jungle,54,4.126,0.0764,7.361
Boukada,Europe,LEC,2025,full year (per-game derived),Team BDS,Jungle,12,-12.379,-1.0316,-3.589
Malrang,Europe,LEC,2025,full year (per-game derived),Rogue,Jungle,27,-19.462,-0.7208,-7.608
Lyncas,Europe,LEC,2025,full year (per-game derived),Team Vitality,Jungle,50,-21.442,-0.4288,-9.636
Trick,Europe,LEC,2025,full year (per-game derived),Rogue,Jungle,2,-23.041,-11.5205,5.419
Jojopyun,Europe,LEC,2025,full year (per-game derived),Movistar KOI,Middle,83,22.77,0.2743,17.808
Poby,Europe,LEC,2025,full year (per-game derived),Fnatic,Middle,23,20.003,0.8697,11.186
Humanoid,Europe,LEC,2025,full year (per-game derived),Fnatic,Middle,57,12.839,0.2252,13.103
Larssen,Europe,LEC,2025,full year (per-game derived),Rogue,Middle,29,11.0,0.3793,14.942
nuc,Europe,LEC,2025,full year (per-game derived),Team BDS,Middle,50,9.238,0.1848,6.042
Caps,Europe,LEC,2025,full year (per-game derived),G2 Esports,Middle,73,7.373,0.101,8.345
Czajek,Europe,LEC,2025,full year (per-game derived),Team Vitality,Middle,50,2.152,0.043,3.25
Vladi,Europe,LEC,2025,full year (per-game derived),Karmine Corp,Middle,85,0.512,0.006,1.591
Jackies,Europe,LEC,2025,full year (per-game derived),GiantX,Middle,55,-0.512,-0.0093,3.886
RKR,Europe,LEC,2025,full year (per-game derived),SK Gaming,Middle,28,-7.412,-0.2647,2.123
Kamiloo,Europe,LEC,2025,full year (per-game derived),Team Heretics,Middle,54,-22.147,-0.4101,-12.22
Abbedagge,Europe,LEC,2025,full year (per-game derived),SK Gaming,Middle,9,-40.756,-4.5284,-1.224
Upset,Europe,LEC,2025,full year (per-game derived),Fnatic,ADC,80,43.203,0.54,31.02
Ice,Europe,LEC,2025,full year (per-game derived),Team BDS,ADC,50,24.85,0.497,21.148
Rahel,Europe,LEC,2025,full year (per-game derived),SK Gaming,ADC,9,24.762,2.7513,13.326
Carzzy,Europe,LEC,2025,full year (per-game derived),Team Vitality,ADC,50,15.673,0.3135,11.14
Caliste,Europe,LEC,2025,full year (per-game derived),Karmine Corp,ADC,85,14.225,0.1674,15.617
Hans Sama,Europe,LEC,2025,full year (per-game derived),G2 Esports,ADC,73,11.399,0.1562,14.483
Supa,Europe,LEC,2025,full year (per-game derived),Movistar KOI,ADC,83,9.647,0.1162,11.584
Noah,Europe,LEC,2025,full year (per-game derived),GiantX,ADC,55,4.377,0.0796,10.673
Flakked,Europe,LEC,2025,full year (per-game derived),Team Heretics,ADC,54,-1.459,-0.027,4.196
Keduii,Europe,LEC,2025,full year (per-game derived),SK Gaming,ADC,28,-21.069,-0.7525,-0.687
Patrik,Europe,LEC,2025,full year (per-game derived),Rogue,ADC,29,-21.602,-0.7449,-2.388
Fleshy,Europe,LEC,2025,full year (per-game derived),Team Vitality,Support,15,28.563,1.9042,15.625
Alvaro,Europe,LEC,2025,full year (per-game derived),Movistar KOI,Support,83,21.292,0.2565,19.729
Mikyx,Europe,LEC,2025,full year (per-game derived),Fnatic,Support,80,17.089,0.2136,14.304
Parus,Europe,LEC,2025,full year (per-game derived),Team BDS,Support,50,13.868,0.2774,9.222
Targamas,Europe,LEC,2025,full year (per-game derived),Karmine Corp,Support,85,8.312,0.0978,7.677
Jun,Europe,LEC,2025,full year (per-game derived),GiantX,Support,55,7.373,0.1341,10.54
Stend,Europe,LEC,2025,full year (per-game derived),Team Heretics,Support,54,5.109,0.0946,6.855
Loopy,Europe,LEC,2025,full year (per-game derived),SK Gaming,Support,37,4.976,0.1345,5.037
Labrov,Europe,LEC,2025,full year (per-game derived),G2 Esports,Support,73,2.223,0.0305,6.71
Execute,Europe,LEC,2025,full year (per-game derived),Rogue,Support,27,-6.668,-0.247,3.04
Malrang,Europe,LEC,2025,full year (per-game derived),Rogue,Support,2,-12.304,-6.152,4.072
Nisqy,Europe,LEC,2025,full year (per-game derived),Team Vitality,Support,21,-24.189,-1.1519,-6.595
Hylissang,Europe,LEC,2025,full year (per-game derived),Team Vitality,Support,14,-39.085,-2.7918,-11.373
Naak Nako,Europe,LEC,2026,full year (per-game derived),Team Vitality,Top,46,49.347,1.0728,32.31
Tracyn,Europe,LEC,2026,full year (per-game derived),Team Heretics,Top,34,40.929,1.2038,35.712
Rooster,Europe,LEC,2026,full year (per-game derived),Shifters,Top,31,39.102,1.2614,31.395
Maynter,Europe,LEC,2026,full year (per-game derived),Natus Vincere,Top,43,31.806,0.7397,25.727
Wunder,Europe,LEC,2026,full year (per-game derived),SK Gaming,Top,30,24.528,0.8176,21.552
BrokenBlade,Europe,LEC,2026,full year (per-game derived),G2 Esports,Top,56,23.669,0.4227,24.957
Canna,Europe,LEC,2026,full year (per-game derived),Karmine Corp,Top,71,17.884,0.2519,22.352
Lot,Europe,LEC,2026,full year (per-game derived),GiantX,Top,48,-5.961,-0.1242,6.642
Myrwn,Europe,LEC,2026,full year (per-game derived),Movistar KOI,Top,55,-7.044,-0.1281,19.643
Empyros,Europe,LEC,2026,full year (per-game derived),Fnatic,Top,36,-9.846,-0.2735,6.659
SkewMond,Europe,LEC,2026,full year (per-game derived),G2 Esports,Jungle,56,41.79,0.7462,29.184
Elyoya,Europe,LEC,2026,full year (per-game derived),Movistar KOI,Jungle,55,26.367,0.4794,19.579
Rhilech,Europe,LEC,2026,full year (per-game derived),Natus Vincere,Jungle,43,23.669,0.5504,18.214
Yike,Europe,LEC,2026,full year (per-game derived),Karmine Corp,Jungle,71,20.775,0.2926,14.854
Sheo,Europe,LEC,2026,full year (per-game derived),Shifters,Jungle,5,12.696,2.5392,6.858
ISMA,Europe,LEC,2026,full year (per-game derived),GiantX,Jungle,48,8.293,0.1728,7.872
Boukada,Europe,LEC,2026,full year (per-game derived),Shifters,Jungle,26,4.021,0.1547,5.188
Razork,Europe,LEC,2026,full year (per-game derived),Fnatic,Jungle,36,0.474,0.0132,11.683
Sheo,Europe,LEC,2026,full year (per-game derived),Team Heretics,Jungle,28,-0.158,-0.0056,4.54
Skeanz,Europe,LEC,2026,full year (per-game derived),SK Gaming,Jungle,30,-9.348,-0.3116,-0.922
Daglas,Europe,LEC,2026,full year (per-game derived),Team Heretics,Jungle,6,-10.795,-1.7992,7.264
Lyncas,Europe,LEC,2026,full year (per-game derived),Team Vitality,Jungle,46,-14.333,-0.3116,-9.078
Caps,Europe,LEC,2026,full year (per-game derived),G2 Esports,Middle,56,26.61,0.4752,16.236
Jojopyun,Europe,LEC,2026,full year (per-game derived),Movistar KOI,Middle,55,20.066,0.3648,16.782
Jackies,Europe,LEC,2026,full year (per-game derived),GiantX,Middle,48,15.452,0.3219,9.222
Poby,Europe,LEC,2026,full year (per-game derived),Natus Vincere,Middle,43,12.445,0.2894,10.38
nuc,Europe,LEC,2026,full year (per-game derived),Shifters,Middle,31,5.259,0.1696,5.104
kyeahoo,Europe,LEC,2026,full year (per-game derived),Karmine Corp,Middle,71,4.268,0.0601,4.421
Serin,Europe,LEC,2026,full year (per-game derived),Team Heretics,Middle,34,1.834,0.0539,9.326
Vladi,Europe,LEC,2026,full year (per-game derived),Fnatic,Middle,36,-0.611,-0.017,1.335
Humanoid,Europe,LEC,2026,full year (per-game derived),Team Vitality,Middle,46,-3.782,-0.0822,5.171
LIDER,Europe,LEC,2026,full year (per-game derived),SK Gaming,Middle,30,-6.917,-0.2306,-0.928
Hans Sama,Europe,LEC,2026,full year (per-game derived),G2 Esports,ADC,56,35.769,0.6387,22.725
Upset,Europe,LEC,2026,full year (per-game derived),Fnatic,ADC,36,34.001,0.9445,28.734
Caliste,Europe,LEC,2026,full year (per-game derived),Karmine Corp,ADC,71,19.529,0.2751,17.032
Jopa,Europe,LEC,2026,full year (per-game derived),SK Gaming,ADC,30,15.298,0.5099,13.557
Supa,Europe,LEC,2026,full year (per-game derived),Movistar KOI,ADC,55,13.513,0.2457,12.121
SamD,Europe,LEC,2026,full year (per-game derived),Natus Vincere,ADC,43,9.514,0.2213,15.476
Paduck,Europe,LEC,2026,full year (per-game derived),Shifters,ADC,31,1.225,0.0395,6.416
Ice,Europe,LEC,2026,full year (per-game derived),Team Heretics,ADC,34,-0.408,-0.012,12.288
Carzzy,Europe,LEC,2026,full year (per-game derived),Team Vitality,ADC,46,-3.23,-0.0702,4.156
Noah,Europe,LEC,2026,full year (per-game derived),GiantX,ADC,48,-10.504,-0.2188,2.684
Fleshy,Europe,LEC,2026,full year (per-game derived),Team Vitality,Support,46,31.293,0.6803,23.942
Jun,Europe,LEC,2026,full year (per-game derived),GiantX,Support,48,14.611,0.3044,13.217
Mikyx,Europe,LEC,2026,full year (per-game derived),SK Gaming,Support,30,12.955,0.4318,13.465
Alvaro,Europe,LEC,2026,full year (per-game derived),Movistar KOI,Support,55,12.853,0.2337,16.441
Lospa,Europe,LEC,2026,full year (per-game derived),Fnatic,Support,36,12.315,0.3421,14.401
Parus,Europe,LEC,2026,full year (per-game derived),Natus Vincere,Support,43,11.137,0.259,11.067
Busio,Europe,LEC,2026,full year (per-game derived),Karmine Corp,Support,71,4.641,0.0654,6.64
Way,Europe,LEC,2026,full year (per-game derived),Team Heretics,Support,20,0.205,0.0102,6.897
Trymbi,Europe,LEC,2026,full year (per-game derived),Shifters,Support,31,-0.205,-0.0066,3.768
Stend,Europe,LEC,2026,full year (per-game derived),Team Heretics,Support,14,-17.041,-1.2172,4.131
Labrov,Europe,LEC,2026,full year (per-game derived),G2 Esports,Support,56,-17.189,-0.3069,-1.763
JNX,Europe,PRM,2023,full year (per-game derived),SK Gaming Prime,Top,54,60.761,1.1252,43.708
Melonik,Europe,LFL,2023,full year (per-game derived),Solary,Top,42,59.743,1.4225,36.973
Vizicsacsi,Europe,PRM,2023,full year (per-game derived),Berlin International Gaming,Top,54,51.127,0.9468,37.628
Lot,Europe,LFL,2023,full year (per-game derived),Aegis,Top,47,36.016,0.7663,24.229
Myrwn,Europe,LES,2023,full year (per-game derived),BISONS ECLUB,Top,45,36.005,0.8001,24.154
Oscarinin,Europe,LES,2023,full year (per-game derived),Fnatic TQ,Top,16,34.999,2.1874,16.59
Marky,Europe,LES,2023,full year (per-game derived),Movistar KOI,Top,61,34.714,0.5691,25.352
Sacre,Europe,PRM,2023,full year (per-game derived),FC Schalke 04 Esports,Top,44,34.23,0.778,26.003
Ragner,Europe,LFL,2023,full year (per-game derived),Team GO,Top,63,34.061,0.5407,24.921
Pride,Europe,PRM,2023,full year (per-game derived),Eintracht Spandau,Top,46,33.093,0.7194,25.541
Scarface,Europe,LES,2023,full year (per-game derived),Giants,Top,18,30.622,1.7012,15.744
iBo,Europe,LES,2023,full year (per-game derived),Los Heretics,Top,48,27.843,0.5801,19.677
Carlsen,Europe,PRM,2023,full year (per-game derived),MOUZ NXT,Top,48,20.274,0.4224,17.998
Sinmivak,Europe,LES,2023,full year (per-game derived),Finetwork KOI,Top,48,16.467,0.3431,12.814
Howling,Europe,LFL,2023,full year (per-game derived),BK ROG Esports,Top,47,15.103,0.3213,11.718
Kryze,Europe,LFL,2023,full year (per-game derived),LDLC OL,Top,43,14.307,0.3327,11.078
Th3Antonio,Europe,LES,2023,full year (per-game derived),Giants,Top,27,11.304,0.4187,9.124
Flamer,Europe,PRM,2023,full year (per-game derived),NNO Prime,Top,39,8.798,0.2256,11.365
WhiteKnight,Europe,LES,2023,full year (per-game derived),Barça eSports,Top,44,7.26,0.165,7.26
Cabochard,Europe,LFL,2023,full year (per-game derived),Karmine Corp,Top,43,6.679,0.1553,6.679
R4VEN,Europe,LES,2023,full year (per-game derived),Rebels Gaming,Top,44,5.765,0.131,6.39
Badlulu,Europe,LFL,2023,full year (per-game derived),GameWard,Top,43,4.823,0.1122,5.609
Venour,Europe,PRM,2023,full year (per-game derived),Unicorns of Love Sexy Edition,Top,59,3.516,0.0596,7.357
Kio,Europe,LFL,2023,full year (per-game derived),IziDream,Top,39,3.013,0.0773,4.653
Doxy,Europe,LES,2023,full year (per-game derived),Fnatic TQ,Top,18,0.0,0.0,4.624
Ventair,Europe,PRM,2023,full year (per-game derived),E WIE EINFACH E-SPORTS,Top,36,-1.172,-0.0326,6.167
Agresivoo,Europe,LFL,2023,full year (per-game derived),Team BDS Academy,Top,43,-3.013,-0.0701,1.09
Doxy,Europe,LES,2023,full year (per-game derived),UCAM Esports,Top,18,-3.693,-0.2052,3.283
Tracyn,Europe,PRM,2023,full year (per-game derived),GamerLegion,Top,38,-5.073,-0.1335,3.825
Sven,Europe,LES,2023,full year (per-game derived),Fnatic TQ,Top,8,-8.084,-1.0105,4.158
PatkicaA,Europe,LFL,2023,full year (per-game derived),Vitality.Bee,Top,26,-9.103,-0.3501,-0.449
Papiteero,Europe,LES,2023,full year (per-game derived),UCAM Esports,Top,18,-11.623,-0.6457,0.403
Vertigo,Europe,PRM,2023,full year (per-game derived),Eintracht Frankfurt,Top,36,-15.918,-0.4422,-1.69
Dreedy,Europe,LES,2023,full year (per-game derived),Guasones,Top,36,-25.388,-0.7052,-10.135
Scarface,Europe,LFL,2023,full year (per-game derived),Vitality.Bee,Top,18,-26.922,-1.4957,-5.523
Rubenxico,Europe,LES,2023,full year (per-game derived),BISONS ECLUB,Top,1,-73.611,-73.611,4.777
Agurin,Europe,PRM,2023,full year (per-game derived),NNO Prime,Jungle,3,47.173,15.7243,10.566
Hadess,Europe,LES,2023,full year (per-game derived),Barça eSports,Jungle,22,31.091,1.4132,17.62
Akre,Europe,LES,2023,full year (per-game derived),Guasones,Jungle,18,28.539,1.5855,15.606
Ferret,Europe,PRM,2023,full year (per-game derived),GamerLegion,Jungle,18,27.506,1.5281,14.502
Eckas,Europe,LFL,2023,full year (per-game derived),GameWard,Jungle,43,26.61,0.6188,17.105
Yohan,Europe,PRM,2023,full year (per-game derived),GamerLegion,Jungle,17,23.294,1.3702,12.76
Peach,Europe,PRM,2023,full year (per-game derived),Unicorns of Love Sexy Edition,Jungle,27,19.442,0.7201,12.783
Cinkrof,Europe,LFL,2023,full year (per-game derived),Karmine Corp,Jungle,25,18.774,0.751,10.618
Rulfchen,Europe,PRM,2023,full year (per-game derived),Berlin International Gaming,Jungle,54,18.499,0.3426,14.289
Lurox,Europe,PRM,2023,full year (per-game derived),SK Gaming Prime,Jungle,54,17.369,0.3216,13.576
NoName,Europe,LES,2023,full year (per-game derived),BISONS ECLUB,Jungle,25,14.273,0.5709,10.902
Daglas,Europe,LFL,2023,full year (per-game derived),Vitality.Bee,Jungle,44,13.546,0.3079,9.624
Rabble,Europe,LES,2023,full year (per-game derived),Fnatic TQ,Jungle,42,13.49,0.3212,11.234
Lamabear,Europe,PRM,2023,full year (per-game derived),NNO Prime,Jungle,36,11.782,0.3273,9.588
Xerxe,Europe,LES,2023,full year (per-game derived),Giants,Jungle,27,11.024,0.4083,9.519
Alby,Europe,LES,2023,full year (per-game derived),Giants,Jungle,18,10.851,0.6028,9.183
Pridestalkr,Europe,LFL,2023,full year (per-game derived),BK ROG Esports,Jungle,47,10.366,0.2206,7.872
bluerzor,Europe,LES,2023,full year (per-game derived),Los Heretics,Jungle,48,10.306,0.2147,9.483
SkewMond,Europe,LFL,2023,full year (per-game derived),Aegis,Jungle,47,8.42,0.1791,6.708
ISMA,Europe,LES,2023,full year (per-game derived),Movistar KOI,Jungle,61,8.232,0.135,8.232
Zanzarah,Europe,PRM,2023,full year (per-game derived),Eintracht Spandau,Jungle,46,7.087,0.1541,7.087
Skeanz,Europe,LFL,2023,full year (per-game derived),Karmine Corp,Jungle,18,6.528,0.3627,5.019
Xeonerr,Europe,LES,2023,full year (per-game derived),UCAM Esports,Jungle,8,5.967,0.7459,7.774
AHaHaCiK,Europe,LES,2023,full year (per-game derived),Rebels Gaming,Jungle,44,5.304,0.1205,6.527
MAXI,Europe,LFL,2023,full year (per-game derived),Team BDS Academy,Jungle,43,4.158,0.0967,4.158
Obsess,Europe,PRM,2023,full year (per-game derived),E WIE EINFACH E-SPORTS,Jungle,18,3.552,0.1973,5.803
Koldo,Europe,LES,2023,full year (per-game derived),Finetwork KOI,Jungle,48,1.566,0.0326,4.211
Shlatan,Europe,LFL,2023,full year (per-game derived),Solary,Jungle,42,1.08,0.0257,2.401
CaD,Europe,PRM,2023,full year (per-game derived),Unicorns of Love Sexy Edition,Jungle,32,0.801,0.025,3.923
Alexx,Europe,PRM,2023,full year (per-game derived),MOUZ NXT,Jungle,48,0.0,0.0,2.812
D4nKa,Europe,LES,2023,full year (per-game derived),BISONS ECLUB,Jungle,21,-0.522,-0.0249,4.735
White,Europe,LFL,2023,full year (per-game derived),LDLC OL,Jungle,43,-1.08,-0.0251,1.137
D4nKa,Europe,PRM,2023,full year (per-game derived),E WIE EINFACH E-SPORTS,Jungle,18,-2.611,-0.1451,3.565
Twiizt,Europe,LFL,2023,full year (per-game derived),IziDream,Jungle,1,-5.434,-5.434,3.863
Djoko,Europe,LFL,2023,full year (per-game derived),IziDream,Jungle,36,-6.413,-0.1781,-1.474
Don Arts,Europe,PRM,2023,full year (per-game derived),Eintracht Frankfurt,Jungle,36,-7.423,-0.2062,-0.644
Lyncas,Europe,LFL,2023,full year (per-game derived),Team GO,Jungle,63,-9.218,-0.1463,-4.753
Afroboi,Europe,PRM,2023,full year (per-game derived),FC Schalke 04 Esports,Jungle,44,-10.081,-0.2291,-2.909
Akabane,Europe,PRM,2023,full year (per-game derived),GamerLegion,Jungle,3,-10.617,-3.539,5.551
Manaty,Europe,LFL,2023,full year (per-game derived),IziDream,Jungle,2,-12.519,-6.2595,3.164
Mart,Europe,LES,2023,full year (per-game derived),UCAM Esports,Jungle,28,-12.637,-0.4513,-1.578
Maxlore,Europe,LES,2023,full year (per-game derived),Barça eSports,Jungle,22,-13.369,-0.6077,-0.639
Memento,Europe,LES,2023,full year (per-game derived),Guasones,Jungle,18,-13.426,-0.7459,0.367
Special,Europe,PRM,2023,full year (per-game derived),Eintracht Spandau,Middle,46,36.83,0.8007,24.961
Sencux,Europe,PRM,2023,full year (per-game derived),MOUZ NXT,Middle,48,28.559,0.595,20.27
Mask,Europe,PRM,2023,full year (per-game derived),Unicorns of Love Sexy Edition,Middle,59,27.716,0.4698,20.727
Milica,Europe,LFL,2023,full year (per-game derived),IziDream,Middle,18,24.219,1.3455,11.794
Toucouille,Europe,LFL,2023,full year (per-game derived),Team GO,Middle,63,20.047,0.3182,14.927
ESCIK,Europe,PRM,2023,full year (per-game derived),GamerLegion,Middle,18,16.244,0.9024,10.78
Simpli,Europe,PRM,2023,full year (per-game derived),FC Schalke 04 Esports,Middle,44,13.628,0.3097,11.137
Czajek,Europe,LFL,2023,full year (per-game derived),Vitality.Bee,Middle,44,11.218,0.255,8.499
Decay,Europe,LES,2023,full year (per-game derived),Giants,Middle,45,10.029,0.2229,7.055
Fresskowy,Europe,LES,2023,full year (per-game derived),Movistar KOI,Middle,61,8.785,0.144,6.749
Matislaw,Europe,PRM,2023,full year (per-game derived),NNO Prime,Middle,39,7.665,0.1965,7.665
Random,Europe,LES,2023,full year (per-game derived),BISONS ECLUB,Middle,45,6.984,0.1552,5.266
SAKEN,Europe,LFL,2023,full year (per-game derived),Karmine Corp,Middle,43,6.802,0.1582,5.916
RKR,Europe,LFL,2023,full year (per-game derived),Team BDS Academy,Middle,43,6.445,0.1499,5.71
Dajor,Europe,LES,2023,full year (per-game derived),Rebels Gaming,Middle,9,6.425,0.7139,3.617
Hatrixx,Europe,LES,2023,full year (per-game derived),UCAM Esports,Middle,36,5.722,0.1589,4.364
Backlund,Europe,LFL,2023,full year (per-game derived),LDLC OL,Middle,43,4.709,0.1095,4.709
Nomanz,Europe,LFL,2023,full year (per-game derived),IziDream,Middle,21,4.462,0.2125,4.61
SAJATOR,Europe,LES,2023,full year (per-game derived),Barça eSports,Middle,44,4.275,0.0972,3.666
Zwyroo,Europe,LES,2023,full year (per-game derived),Los Heretics,Middle,48,3.235,0.0674,3.069
ZaZee,Europe,PRM,2023,full year (per-game derived),Eintracht Frankfurt,Middle,36,3.124,0.0868,5.246
Nafkelah,Europe,LES,2023,full year (per-game derived),Fnatic TQ,Middle,36,2.816,0.0782,2.816
Baca,Europe,LES,2023,full year (per-game derived),Finetwork KOI,Middle,48,1.342,0.028,1.927
Eika,Europe,LFL,2023,full year (per-game derived),Aegis,Middle,47,0.472,0.01,2.174
Nite,Europe,PRM,2023,full year (per-game derived),E WIE EINFACH E-SPORTS,Middle,36,0.359,0.01,3.772
FEBIVEN,Europe,PRM,2023,full year (per-game derived),SK Gaming Prime,Middle,54,-0.359,-0.0066,2.601
Czekolad,Europe,LFL,2023,full year (per-game derived),BK ROG Esports,Middle,47,-0.472,-0.01,1.61
Valans,Europe,LES,2023,full year (per-game derived),Fnatic TQ,Middle,5,-1.151,-0.2302,2.274
Ronaldo,Europe,LES,2023,full year (per-game derived),Guasones,Middle,18,-1.342,-0.0746,1.306
twohoyrz,Europe,LFL,2023,full year (per-game derived),GameWard,Middle,43,-2.124,-0.0494,0.769
Xico,Europe,LES,2023,full year (per-game derived),Rebels Gaming,Middle,35,-2.375,-0.0679,0.087
Hydra,Europe,LES,2023,full year (per-game derived),Guasones,Middle,18,-14.218,-0.7899,-3.37
Kaymin,Europe,PRM,2023,full year (per-game derived),Berlin International Gaming,Middle,54,-22.19,-0.4109,-11.176
Peng,Europe,LFL,2023,full year (per-game derived),Solary,Middle,42,-25.195,-0.5999,-12.363
Phantomles,Europe,PRM,2023,full year (per-game derived),GamerLegion,Middle,20,-31.331,-1.5665,-7.459
Myrwn,Europe,LES,2023,full year (per-game derived),BISONS ECLUB,Middle,1,-45.928,-45.928,1.319
Viketox,Europe,LES,2023,full year (per-game derived),Fnatic TQ,Middle,1,-89.873,-89.873,-0.03
Neon,Europe,LFL,2023,full year (per-game derived),Vitality.Bee,ADC,26,38.311,1.4735,20.978
jinjo,Europe,PRM,2023,full year (per-game derived),GamerLegion,ADC,20,36.956,1.8478,24.234
Caliste,Europe,LFL,2023,full year (per-game derived),Karmine Corp,ADC,25,36.228,1.4491,19.751
Jackspektra,Europe,LES,2023,full year (per-game derived),Los Heretics,ADC,23,28.838,1.2538,14.237
Supa,Europe,LES,2023,full year (per-game derived),Movistar KOI,ADC,61,28.116,0.4609,19.755
Jeskla,Europe,LFL,2023,full year (per-game derived),LDLC OL,ADC,43,25.332,0.5891,17.445
Jezu,Europe,LFL,2023,full year (per-game derived),Team GO,ADC,63,24.977,0.3965,18.877
Keduii,Europe,PRM,2023,full year (per-game derived),SK Gaming Prime,ADC,54,23.764,0.4401,20.964
Sayna,Europe,PRM,2023,full year (per-game derived),Unicorns of Love Sexy Edition,ADC,4,23.2,5.8,16.964
Gadget,Europe,LES,2023,full year (per-game derived),Rebels Gaming,ADC,2,21.694,10.847,4.677
TakeSet,Europe,LFL,2023,full year (per-game derived),Solary,ADC,42,20.606,0.4906,14.64
Asza,Europe,PRM,2023,full year (per-game derived),GamerLegion,ADC,18,18.334,1.0186,16.958
Smiley,Europe,PRM,2023,full year (per-game derived),Eintracht Spandau,ADC,46,16.673,0.3625,16.47
DizL,Europe,PRM,2023,full year (per-game derived),Eintracht Frankfurt,ADC,36,16.358,0.4544,16.272
Tazaku,Europe,PRM,2023,full year (per-game derived),E WIE EINFACH E-SPORTS,ADC,36,16.174,0.4493,16.174
zamulek,Europe,LES,2023,full year (per-game derived),Guasones,ADC,18,13.313,0.7396,7.127
Jopa,Europe,LES,2023,full year (per-game derived),Finetwork KOI,ADC,30,12.839,0.428,8.101
Flakked,Europe,LES,2023,full year (per-game derived),Los Heretics,ADC,25,11.54,0.4616,7.109
Fun K3y,Europe,PRM,2023,full year (per-game derived),Unicorns of Love Sexy Edition,ADC,55,11.484,0.2088,13.194
Lucker,Europe,LES,2023,full year (per-game derived),Finetwork KOI,ADC,18,11.324,0.6291,6.404
Trigger,Europe,LFL,2023,full year (per-game derived),BK ROG Esports,ADC,47,11.118,0.2366,9.344
Kaori,Europe,LFL,2023,full year (per-game derived),Karmine Corp,ADC,18,6.702,0.3723,6.702
Rayito,Europe,LES,2023,full year (per-game derived),Rebels Gaming,ADC,24,6.507,0.2711,4.855
BEAN,Europe,LES,2023,full year (per-game derived),Rebels Gaming,ADC,18,6.431,0.3573,4.627
HARPOON,Europe,PRM,2023,full year (per-game derived),Berlin International Gaming,ADC,54,6.08,0.1126,9.804
Innaxe,Europe,LFL,2023,full year (per-game derived),Vitality.Bee,ADC,18,4.715,0.2619,5.98
Deadly,Europe,LES,2023,full year (per-game derived),Barça eSports,ADC,44,3.599,0.0818,3.599
xMatty,Europe,LFL,2023,full year (per-game derived),Team BDS Academy,ADC,43,2.794,0.065,4.448
BEAN,Europe,LES,2023,full year (per-game derived),Fnatic TQ,ADC,24,2.693,0.1122,3.208
Kynetic,Europe,PRM,2023,full year (per-game derived),MOUZ NXT,ADC,48,2.087,0.0435,7.676
Peco,Europe,LFL,2023,full year (per-game derived),GameWard,ADC,43,0.0,0.0,2.837
Attila,Europe,LES,2023,full year (per-game derived),Giants,ADC,45,-0.898,-0.02,0.956
Rafitta,Europe,LES,2023,full year (per-game derived),UCAM Esports,ADC,36,-2.147,-0.0596,0.538
Legolas,Europe,LES,2023,full year (per-game derived),BISONS ECLUB,ADC,45,-3.493,-0.0776,-0.569
Shiganari,Europe,LFL,2023,full year (per-game derived),Aegis,ADC,47,-4.57,-0.0972,-0.041
zamulek,Europe,PRM,2023,full year (per-game derived),NNO Prime,ADC,18,-6.26,-0.3478,8.027
Odi11,Europe,LES,2023,full year (per-game derived),Guasones,ADC,9,-9.04,-1.0044,0.795
Rubenxico,Europe,LES,2023,full year (per-game derived),BISONS ECLUB,ADC,1,-9.976,-9.976,3.182
Rayito,Europe,LFL,2023,full year (per-game derived),IziDream,ADC,21,-10.614,-0.5054,-0.215
Bung,Europe,LFL,2023,full year (per-game derived),IziDream,ADC,18,-12.578,-0.6988,-0.299
Mishi,Europe,PRM,2023,full year (per-game derived),FC Schalke 04 Esports,ADC,44,-13.272,-0.3016,-0.971
Reptile,Europe,LES,2023,full year (per-game derived),Fnatic TQ,ADC,16,-14.99,-0.9369,-2.654
Nafkelah,Europe,LES,2023,full year (per-game derived),Fnatic TQ,ADC,2,-26.401,-13.2005,1.812
Notiko,Europe,PRM,2023,full year (per-game derived),NNO Prime,ADC,21,-28.805,-1.3717,-1.794
Nash1c,Europe,LES,2023,full year (per-game derived),Guasones,ADC,9,-59.897,-6.6552,-10.488
Obstinatus,Europe,LES,2023,full year (per-game derived),Rebels Gaming,Support,44,47.89,1.0884,33.492
Advienne,Europe,LES,2023,full year (per-game derived),Fnatic TQ,Support,16,30.805,1.9253,19.27
Rhuckz,Europe,LES,2023,full year (per-game derived),Fnatic TQ,Support,8,30.654,3.8318,16.907
Stend,Europe,LES,2023,full year (per-game derived),Finetwork KOI,Support,30,30.342,1.0114,21.667
Zoelys,Europe,LFL,2023,full year (per-game derived),LDLC OL,Support,43,28.92,0.6726,19.769
Lilipp,Europe,PRM,2023,full year (per-game derived),Eintracht Spandau,Support,46,24.566,0.534,16.274
Seal,Europe,PRM,2023,full year (per-game derived),FC Schalke 04 Esports,Support,44,24.078,0.5472,15.77
Lekcyc,Europe,PRM,2023,full year (per-game derived),Unicorns of Love Sexy Edition,Support,59,23.682,0.4014,16.888
Alvaro,Europe,LES,2023,full year (per-game derived),Movistar KOI,Support,61,23.475,0.3848,20.047
Nio,Europe,LES,2023,full year (per-game derived),Guasones,Support,4,21.344,5.336,14.314
Prime,Europe,PRM,2023,full year (per-game derived),SK Gaming Prime,Support,54,21.178,0.3922,14.911
Oscure,Europe,LES,2023,full year (per-game derived),BISONS ECLUB,Support,46,20.903,0.4544,17.859
Hantera,Europe,LFL,2023,full year (per-game derived),Aegis,Support,47,20.327,0.4325,15.094
Stend,Europe,LES,2023,full year (per-game derived),Giants,Support,18,19.612,1.0896,15.67
Targamas,Europe,LFL,2023,full year (per-game derived),Karmine Corp,Support,25,18.267,0.7307,12.149
Erdote,Europe,LFL,2023,full year (per-game derived),Team BDS Academy,Support,43,17.938,0.4172,13.436
Tore,Europe,PRM,2023,full year (per-game derived),MOUZ NXT,Support,48,17.052,0.3552,11.949
Kadir,Europe,LES,2023,full year (per-game derived),Fnatic TQ,Support,18,13.423,0.7457,13.423
kamilius,Europe,LFL,2023,full year (per-game derived),Team GO,Support,63,11.097,0.1761,9.831
Raxxo,Europe,LFL,2023,full year (per-game derived),GameWard,Support,43,9.035,0.2101,8.302
Efias,Europe,LES,2023,full year (per-game derived),Barça eSports,Support,44,8.023,0.1823,10.279
Visdom,Europe,PRM,2023,full year (per-game derived),GamerLegion,Support,38,7.858,0.2068,6.194
Veignorem,Europe,LFL,2023,full year (per-game derived),BK ROG Esports,Support,47,7.303,0.1554,7.303
Steeelback,Europe,LFL,2023,full year (per-game derived),Solary,Support,42,6.474,0.1541,6.83
Infoneral,Europe,LES,2023,full year (per-game derived),UCAM Esports,Support,18,4.668,0.2593,10.244
DuaLL,Europe,LES,2023,full year (per-game derived),Guasones,Support,18,4.425,0.2458,10.155
Vaunted,Europe,PRM,2023,full year (per-game derived),Eintracht Frankfurt,Support,34,4.19,0.1232,4.19
JACTROLL,Europe,LFL,2023,full year (per-game derived),Vitality.Bee,Support,44,3.134,0.0712,4.876
Max1,Europe,PRM,2023,full year (per-game derived),E WIE EINFACH E-SPORTS,Support,36,1.564,0.0434,2.791
Kadir,Europe,LES,2023,full year (per-game derived),UCAM Esports,Support,18,1.487,0.0826,9.089
marlon,Europe,LES,2023,full year (per-game derived),Los Heretics,Support,48,-1.487,-0.031,4.428
Leon,Europe,PRM,2023,full year (per-game derived),Berlin International Gaming,Support,54,-1.564,-0.029,0.559
DuaLL,Europe,PRM,2023,full year (per-game derived),NNO Prime,Support,18,-6.572,-0.3651,0.282
whiteinn,Europe,LES,2023,full year (per-game derived),Giants,Support,27,-8.697,-0.3221,3.226
Klaj,Europe,LFL,2023,full year (per-game derived),IziDream,Support,21,-9.402,-0.4477,0.63
Saviour,Europe,PRM,2023,full year (per-game derived),NNO Prime,Support,18,-10.356,-0.5753,-1.092
Lamabear,Europe,PRM,2023,full year (per-game derived),NNO Prime,Support,3,-12.048,-4.016,2.781
seaz,Europe,LES,2023,full year (per-game derived),Finetwork KOI,Support,18,-12.56,-0.6978,3.988
whiteinn,Europe,LFL,2023,full year (per-game derived),Karmine Corp,Support,18,-16.174,-0.8986,-1.222
Twiizt,Europe,LFL,2023,full year (per-game derived),IziDream,Support,17,-18.184,-1.0696,-1.618
Darlik,Europe,LFL,2023,full year (per-game derived),IziDream,Support,1,-20.086,-20.086,6.462
Xioh,Europe,PRM,2023,full year (per-game derived),Eintracht Frankfurt,Support,2,-27.023,-13.5115,2.33
Mystiques,Europe,LES,2023,full year (per-game derived),Guasones,Support,14,-44.477,-3.1769,-4.366
Rocklho,Europe,PRM,2024,full year (per-game derived),E WIE EINFACH E-SPORTS,Top,1,52.754,52.754,20.567
Marky,Europe,LES,2024,full year (per-game derived),Movistar KOI,Top,46,43.504,0.9457,30.245
Tracyn,Europe,PRM,2024,full year (per-game derived),Austrian Force willhaben,Top,47,42.161,0.897,26.891
Spooder,Europe,LES,2024,full year (per-game derived),Guasones,Top,31,34.127,1.1009,20.677
Agresivoo,Europe,PRM,2024,full year (per-game derived),Eintracht Frankfurt,Top,18,31.363,1.7424,19.986
JNX,Europe,LFL,2024,full year (per-game derived),Team BDS Academy,Top,54,31.291,0.5795,29.521
Carlsen,Europe,LES,2024,full year (per-game derived),Los Heretics,Top,52,28.506,0.5482,20.506
Lot,Europe,LFL,2024,full year (per-game derived),Team GO,Top,49,28.165,0.5748,22.329
Scarface,Europe,PRM,2024,full year (per-game derived),NNO Prime,Top,54,23.412,0.4336,20.804
Sacre,Europe,PRM,2024,full year (per-game derived),FC Schalke 04 Esports,Top,48,20.434,0.4257,22.645
Vizicsacsi,Europe,PRM,2024,full year (per-game derived),Berlin International Gaming,Top,36,20.281,0.5634,27.493
Flamer,Europe,PRM,2024,full year (per-game derived),E WIE EINFACH E-SPORTS,Top,35,19.547,0.5585,17.506
Westlander,Europe,LES,2024,full year (per-game derived),ZETA,Top,18,19.26,1.07,11.75
Difference,Europe,PRM,2024,full year (per-game derived),Eintracht Frankfurt,Top,18,19.221,1.0678,19.429
Kryze,Europe,LFL,2024,full year (per-game derived),Solary,Top,36,18.425,0.5118,12.634
Badlulu,Europe,LES,2024,full year (per-game derived),Case Esports,Top,27,17.5,0.6481,10.443
iBo,Europe,LES,2024,full year (per-game derived),Ramboot Club,Top,48,12.381,0.2579,13.817
SLT,Europe,LFL,2024,full year (per-game derived),Team du Sud,Top,36,9.437,0.2621,7.42
Ragner,Europe,LFL,2024,full year (per-game derived),Gentle Mates,Top,47,9.057,0.1927,13.931
ACD,Europe,LES,2024,full year (per-game derived),UCAM Esports,Top,22,9.027,0.4103,8.109
Banderas,Europe,LES,2024,full year (per-game derived),Guasones,Top,18,8.757,0.4865,7.936
HeSSZero,Europe,LES,2024,full year (per-game derived),ZETA,Top,18,6.18,0.3433,7.001
Howling,Europe,LFL,2024,full year (per-game derived),BK ROG Esports,Top,46,5.119,0.1113,7.067
Maynter,Europe,LFL,2024,full year (per-game derived),Karmine Corp Blue,Top,54,4.478,0.0829,4.714
Sinmivak,Europe,LES,2024,full year (per-game derived),UCAM Esports,Top,28,4.142,0.1479,8.479
WhiteKnight,Europe,LES,2024,full year (per-game derived),Barça eSports,Top,47,1.057,0.0225,4.297
Venour,Europe,PRM,2024,full year (per-game derived),SK Gaming Prime,Top,52,0.966,0.0186,7.001
Pride,Europe,LFL,2024,full year (per-game derived),GameWard,Top,40,0.704,0.0176,8.877
R4VEN,Europe,LES,2024,full year (per-game derived),GIANTX iTero,Top,21,0.574,0.0273,4.978
Shelfmade,Europe,PRM,2024,full year (per-game derived),Unicorns of Love Sexy Edition,Top,33,0.373,0.0113,9.747
Badlulu,Europe,LFL,2024,full year (per-game derived),Aegis,Top,18,-0.704,-0.0391,3.473
Naak Nako,Europe,LFL,2024,full year (per-game derived),Vitality.Bee,Top,54,-0.949,-0.0176,1.29
Fornoreason,Europe,PRM,2024,full year (per-game derived),MOUZ NXT,Top,36,-1.118,-0.0311,8.537
Vertigo,Europe,PRM,2024,full year (per-game derived),Eintracht Spandau,Top,56,-1.71,-0.0305,2.864
Sotsy,Europe,LES,2024,full year (per-game derived),LUA Gaming,Top,18,-1.723,-0.0957,4.131
Addusto,Europe,PRM,2024,full year (per-game derived),Unicorns of Love Sexy Edition,Top,24,-5.489,-0.2287,8.734
R4VEN,Europe,LES,2024,full year (per-game derived),Rebels Gaming,Top,18,-15.305,-0.8503,0.919
Th3Antonio,Europe,LES,2024,full year (per-game derived),GIANTX iTero,Top,32,-16.822,-0.5257,-2.427
Agresivoo,Europe,LFL,2024,full year (per-game derived),Aegis,Top,18,-20.959,-1.1644,-3.953
Spooder,Europe,LES,2024,full year (per-game derived),Rebels Gaming,Top,18,-30.853,-1.7141,-6.448
DahVys,Europe,LES,2024,full year (per-game derived),ZETA,Jungle,10,29.871,2.9871,18.571
Juhan,Europe,LES,2024,full year (per-game derived),GIANTX iTero,Jungle,22,29.0,1.3182,20.745
Pabu,Europe,PRM,2024,full year (per-game derived),Eintracht Frankfurt,Jungle,36,28.675,0.7965,18.557
Rhilech,Europe,LFL,2024,full year (per-game derived),BK ROG Esports,Jungle,24,27.504,1.146,14.648
Leb,Europe,LES,2024,full year (per-game derived),Ramboot Club,Jungle,48,23.571,0.4911,20.167
Lurox,Europe,PRM,2024,full year (per-game derived),Unicorns of Love Sexy Edition,Jungle,57,23.134,0.4059,17.386
Zicssi,Europe,LFL,2024,full year (per-game derived),GameWard,Jungle,40,23.039,0.576,15.027
Ryuzaki,Europe,LES,2024,full year (per-game derived),Guasones,Jungle,18,22.796,1.2664,17.826
Akabane,Europe,LES,2024,full year (per-game derived),GIANTX iTero,Jungle,8,22.773,2.8466,15.765
Sn1lle,Europe,LES,2024,full year (per-game derived),LUA Gaming,Jungle,17,22.355,1.315,17.569
Xerxe,Europe,LES,2024,full year (per-game derived),Los Heretics,Jungle,52,22.011,0.4233,18.205
Peach,Europe,LES,2024,full year (per-game derived),GIANTX iTero,Jungle,23,19.616,0.8529,16.959
Pridestalkr,Europe,LES,2024,full year (per-game derived),Barça eSports,Jungle,17,15.966,0.9392,13.947
Cboi,Europe,PRM,2024,full year (per-game derived),FC Schalke 04 Esports,Jungle,48,15.924,0.3318,12.391
Thayger,Europe,LES,2024,full year (per-game derived),Guasones,Jungle,31,15.242,0.4917,15.116
Rabble,Europe,PRM,2024,full year (per-game derived),SK Gaming Prime,Jungle,52,14.881,0.2862,12.175
AHaHaCiK,Europe,LES,2024,full year (per-game derived),Rebels Gaming,Jungle,18,14.741,0.8189,12.386
SkewMond,Europe,LFL,2024,full year (per-game derived),Team BDS Academy,Jungle,54,14.082,0.2608,10.277
Afroboi,Europe,PRM,2024,full year (per-game derived),MOUZ NXT,Jungle,18,13.861,0.7701,4.372
Koldo,Europe,LES,2024,full year (per-game derived),UCAM Esports,Jungle,50,12.039,0.2408,10.968
Citrus,Europe,LFL,2024,full year (per-game derived),Aegis,Jungle,18,11.671,0.6484,7.343
TynX,Europe,LFL,2024,full year (per-game derived),Team du Sud,Jungle,36,10.188,0.283,7.706
Eckas,Europe,LFL,2024,full year (per-game derived),Solary,Jungle,36,7.901,0.2195,10.57
Shlatan,Europe,PRM,2024,full year (per-game derived),NNO Prime,Jungle,54,7.019,0.13,6.044
adi1,Europe,PRM,2024,full year (per-game derived),Austrian Force willhaben,Jungle,47,5.786,0.1231,6.281
113,Europe,LFL,2024,full year (per-game derived),Karmine Corp Blue,Jungle,25,5.676,0.227,4.27
Lyncas,Europe,LFL,2024,full year (per-game derived),Karmine Corp Blue,Jungle,29,4.073,0.1404,0.463
Daglas,Europe,LFL,2024,full year (per-game derived),Vitality.Bee,Jungle,30,3.964,0.1321,5.769
113,Europe,LFL,2024,full year (per-game derived),BK ROG Esports,Jungle,22,1.916,0.0871,2.867
NoName,Europe,LES,2024,full year (per-game derived),ZETA,Jungle,18,0.583,0.0324,10.517
D4nKa,Europe,PRM,2024,full year (per-game derived),E WIE EINFACH E-SPORTS,Jungle,36,0.538,0.0149,2.855
MAXI,Europe,LES,2024,full year (per-game derived),Movistar KOI,Jungle,23,0.0,0.0,7.591
MAXI,Europe,LES,2024,full year (per-game derived),Case Esports,Jungle,27,-0.232,-0.0086,7.107
Zanzarah,Europe,PRM,2024,full year (per-game derived),Eintracht Spandau,Jungle,56,-0.538,-0.0096,3.037
White,Europe,LFL,2024,full year (per-game derived),Gentle Mates,Jungle,47,-0.639,-0.0136,1.099
Densi,Europe,PRM,2024,full year (per-game derived),Berlin International Gaming,Jungle,36,-1.76,-0.0489,2.342
Selfmade,Europe,LFL,2024,full year (per-game derived),Vitality.Bee,Jungle,24,-2.666,-0.1111,1.618
naau,Europe,LES,2024,full year (per-game derived),Rebels Gaming,Jungle,18,-3.257,-0.1809,8.365
Thayger,Europe,LES,2024,full year (per-game derived),Barça eSports,Jungle,30,-10.216,-0.3405,2.709
NoName,Europe,LES,2024,full year (per-game derived),Movistar KOI,Jungle,23,-11.354,-0.4937,5.496
Ryuzaki,Europe,LFL,2024,full year (per-game derived),Aegis,Jungle,18,-13.141,-0.7301,-1.668
Indecision,Europe,LES,2024,full year (per-game derived),ZETA,Jungle,8,-14.397,-1.7996,9.05
Alex234,Europe,PRM,2024,full year (per-game derived),MOUZ NXT,Jungle,18,-16.565,-0.9203,-1.545
Boukada,Europe,LFL,2024,full year (per-game derived),Team GO,Jungle,49,-27.648,-0.5642,-14.905
Phyro,Europe,LES,2024,full year (per-game derived),LUA Gaming,Jungle,1,-51.709,-51.709,12.943
Random,Europe,LES,2024,full year (per-game derived),Movistar KOI,Middle,46,41.542,0.9031,26.137
Serin,Europe,PRM,2024,full year (per-game derived),NNO Prime,Middle,54,41.528,0.769,30.412
Zwyroo,Europe,LES,2024,full year (per-game derived),Los Heretics,Middle,16,41.214,2.5759,17.714
Feisty,Europe,LES,2024,full year (per-game derived),GIANTX iTero,Middle,53,37.555,0.7086,28.99
PrettyGRE,Europe,LES,2024,full year (per-game derived),ZETA,Middle,18,33.077,1.8376,21.315
Decay,Europe,LFL,2024,full year (per-game derived),Solary,Middle,36,32.95,0.9153,18.318
Baca,Europe,LES,2024,full year (per-game derived),UCAM Esports,Middle,50,32.182,0.6436,20.801
PowerOfEvil,Europe,PRM,2024,full year (per-game derived),Eintracht Spandau,Middle,56,32.061,0.5725,24.611
Mireu,Europe,LFL,2024,full year (per-game derived),Gentle Mates,Middle,18,30.914,1.7174,15.275
Xico,Europe,LES,2024,full year (per-game derived),Guasones,Middle,49,27.557,0.5624,18.804
Sencux,Europe,PRM,2024,full year (per-game derived),Berlin International Gaming,Middle,36,25.21,0.7003,20.925
Abbedagge,Europe,LFL,2024,full year (per-game derived),Karmine Corp Blue,Middle,25,23.736,0.9494,12.929
SAJATOR,Europe,LES,2024,full year (per-game derived),Barça eSports,Middle,47,22.97,0.4887,16.804
Nafkelah,Europe,LFL,2024,full year (per-game derived),Aegis,Middle,20,20.733,1.0366,9.943
TolanD,Europe,PRM,2024,full year (per-game derived),Unicorns of Love Sexy Edition,Middle,57,20.57,0.3609,17.3
RKR,Europe,LFL,2024,full year (per-game derived),Team BDS Academy,Middle,54,17.405,0.3223,12.177
Diplex,Europe,PRM,2024,full year (per-game derived),SK Gaming Prime,Middle,52,16.674,0.3207,14.68
Sertuss,Europe,LES,2024,full year (per-game derived),Los Heretics,Middle,36,14.678,0.4077,12.483
Javier,Europe,LES,2024,full year (per-game derived),Rebels Gaming,Middle,18,14.54,0.8078,14.584
Czekolad,Europe,LFL,2024,full year (per-game derived),BK ROG Esports,Middle,46,12.514,0.272,7.964
Vladi,Europe,LFL,2024,full year (per-game derived),Karmine Corp Blue,Middle,29,6.503,0.2242,6.427
FEBIVEN,Europe,LFL,2024,full year (per-game derived),Team du Sud,Middle,36,6.211,0.1725,4.671
ESCIK,Europe,PRM,2024,full year (per-game derived),Austrian Force willhaben,Middle,47,6.118,0.1302,8.911
Special,Europe,LES,2024,full year (per-game derived),Rebels Gaming,Middle,18,3.755,0.2086,17.75
Dajor,Europe,LFL,2024,full year (per-game derived),Team GO,Middle,28,3.446,0.1231,4.552
Simpli,Europe,PRM,2024,full year (per-game derived),FC Schalke 04 Esports,Middle,48,2.796,0.0582,7.552
Czajek,Europe,LFL,2024,full year (per-game derived),Vitality.Bee,Middle,54,0.67,0.0124,4.21
Six10,Europe,LFL,2024,full year (per-game derived),Team GO,Middle,21,-0.223,-0.0106,3.728
Relative,Europe,PRM,2024,full year (per-game derived),E WIE EINFACH E-SPORTS,Middle,36,-0.932,-0.0259,4.828
twohoyrz,Europe,LES,2024,full year (per-game derived),Ramboot Club,Middle,48,-1.252,-0.0261,3.767
Eika,Europe,LFL,2024,full year (per-game derived),Gentle Mates,Middle,29,-4.163,-0.1436,1.119
Javier,Europe,LES,2024,full year (per-game derived),Case Esports,Middle,27,-6.295,-0.2331,4.972
Siler,Europe,LES,2024,full year (per-game derived),ZETA,Middle,12,-7.715,-0.6429,8.46
Naehyun,Europe,LFL,2024,full year (per-game derived),Aegis,Middle,16,-7.809,-0.4881,1.592
Miniduke,Europe,LES,2024,full year (per-game derived),ZETA,Middle,4,-9.125,-2.2812,11.94
Arven,Europe,LES,2024,full year (per-game derived),ZETA,Middle,2,-9.492,-4.746,13.173
ZaZee,Europe,PRM,2024,full year (per-game derived),Eintracht Frankfurt,Middle,36,-10.567,-0.2935,0.297
Tsiperakos,Europe,LES,2024,full year (per-game derived),LUA Gaming,Middle,18,-11.547,-0.6415,5.111
Kaymin,Europe,PRM,2024,full year (per-game derived),MOUZ NXT,Middle,36,-14.953,-0.4154,-7.378
Peng,Europe,LFL,2024,full year (per-game derived),GameWard,Middle,40,-30.066,-0.7516,-16.129
Jeskla,Europe,LES,2024,full year (per-game derived),Ramboot Club,ADC,8,41.397,5.1746,23.575
xMatty,Europe,PRM,2024,full year (per-game derived),Unicorns of Love Sexy Edition,ADC,57,40.646,0.7131,26.829
SamD,Europe,LFL,2024,full year (per-game derived),BK ROG Esports,ADC,46,36.089,0.7845,25.272
Caliste,Europe,LFL,2024,full year (per-game derived),Karmine Corp Blue,ADC,54,34.125,0.6319,26.214
BAO,Europe,LFL,2024,full year (per-game derived),Gentle Mates,ADC,47,29.051,0.6181,21.2
Legolas,Europe,LES,2024,full year (per-game derived),Barça eSports,ADC,47,26.576,0.5654,18.201
Rin,Europe,LES,2024,full year (per-game derived),Ramboot Club,ADC,28,26.564,0.9487,22.079
Jezu,Europe,LFL,2024,full year (per-game derived),Team GO,ADC,49,26.098,0.5326,20.88
Kenal,Europe,LES,2024,full year (per-game derived),UCAM Esports,ADC,50,25.834,0.5167,22.841
Fun K3y,Europe,PRM,2024,full year (per-game derived),Eintracht Spandau,ADC,56,24.808,0.443,19.3
Jackspektra,Europe,LES,2024,full year (per-game derived),Los Heretics,ADC,52,23.767,0.4571,20.049
Neon,Europe,PRM,2024,full year (per-game derived),SK Gaming Prime,ADC,52,23.124,0.4447,18.984
Attila,Europe,LES,2024,full year (per-game derived),ZETA,ADC,18,22.837,1.2687,14.301
Marcv1,Europe,LES,2024,full year (per-game derived),Ramboot Club,ADC,2,22.234,11.117,18.347
DenVoksne,Europe,LES,2024,full year (per-game derived),Case Esports,ADC,27,22.129,0.8196,19.958
ANDARIEL,Europe,LES,2024,full year (per-game derived),Rebels Gaming,ADC,16,18.101,1.1313,18.101
Jopa,Europe,LFL,2024,full year (per-game derived),Vitality.Bee,ADC,54,17.576,0.3255,14.384
Aetinoth,Europe,LES,2024,full year (per-game derived),GIANTX iTero,ADC,53,16.769,0.3164,17.266
Peco,Europe,PRM,2024,full year (per-game derived),FC Schalke 04 Esports,ADC,48,16.649,0.3469,13.144
Jeskla,Europe,PRM,2024,full year (per-game derived),Berlin International Gaming,ADC,18,16.577,0.9209,18.076
Tazaku,Europe,PRM,2024,full year (per-game derived),E WIE EINFACH E-SPORTS,ADC,36,14.977,0.416,15.187
Matias,Europe,LFL,2024,full year (per-game derived),GameWard,ADC,40,13.407,0.3352,11.688
Dreilix,Europe,PRM,2024,full year (per-game derived),MOUZ NXT,ADC,36,11.892,0.3303,13.333
Syzyfek,Europe,LES,2024,full year (per-game derived),Guasones,ADC,49,9.815,0.2003,13.062
TakeSet,Europe,LFL,2024,full year (per-game derived),Solary,ADC,18,9.51,0.5283,12.319
Innaxe,Europe,LFL,2024,full year (per-game derived),Team du Sud,ADC,18,8.006,0.4448,8.425
ANDARIEL,Europe,PRM,2024,full year (per-game derived),Berlin International Gaming,ADC,18,6.329,0.3516,11.837
Shy Carry,Europe,LES,2024,full year (per-game derived),Movistar KOI,ADC,46,5.729,0.1245,10.764
Keduii,Europe,LFL,2024,full year (per-game derived),Team BDS Academy,ADC,54,4.603,0.0852,9.91
Hid0,Europe,LFL,2024,full year (per-game derived),Aegis,ADC,18,0.0,0.0,6.057
BEAN,Europe,LES,2024,full year (per-game derived),Rebels Gaming,ADC,16,-1.91,-0.1194,10.074
Rayito,Europe,LES,2024,full year (per-game derived),Ramboot Club,ADC,10,-3.607,-0.3607,9.992
Innaxe,Europe,LFL,2024,full year (per-game derived),Solary,ADC,18,-4.155,-0.2308,4.569
Mihai,Europe,LES,2024,full year (per-game derived),ZETA,ADC,18,-5.119,-0.2844,9.669
DizL,Europe,PRM,2024,full year (per-game derived),Eintracht Frankfurt,ADC,36,-6.329,-0.1758,5.862
Woolite,Europe,PRM,2024,full year (per-game derived),Austrian Force willhaben,ADC,47,-7.094,-0.1509,1.774
Hazel,Europe,LES,2024,full year (per-game derived),LUA Gaming,ADC,18,-8.922,-0.4957,8.288
Coldraa,Europe,LFL,2024,full year (per-game derived),Team du Sud,ADC,18,-14.972,-0.8318,0.62
Shiganari,Europe,PRM,2024,full year (per-game derived),NNO Prime,ADC,54,-18.711,-0.3465,-5.974
BEAN,Europe,LFL,2024,full year (per-game derived),Aegis,ADC,18,-31.848,-1.7693,-3.473
Sorrow,Europe,LES,2024,full year (per-game derived),Rebels Gaming,ADC,4,-47.938,-11.9845,10.674
Prime,Europe,LFL,2024,full year (per-game derived),Team GO,Support,49,32.974,0.6729,22.001
Obstinatus,Europe,LES,2024,full year (per-game derived),UCAM Esports,Support,50,28.718,0.5744,25.519
Fleshy,Europe,LFL,2024,full year (per-game derived),Karmine Corp Blue,Support,54,28.392,0.5258,19.958
Piero,Europe,PRM,2024,full year (per-game derived),Unicorns of Love Sexy Edition,Support,57,25.486,0.4471,18.356
Mxe,Europe,LES,2024,full year (per-game derived),Ramboot Club,Support,28,25.193,0.8998,16.07
Lekcyc,Europe,LES,2024,full year (per-game derived),Rebels Gaming,Support,18,24.253,1.3474,17.047
Doss,Europe,PRM,2024,full year (per-game derived),SK Gaming Prime,Support,25,24.237,0.9695,13.801
Tore,Europe,PRM,2024,full year (per-game derived),Eintracht Frankfurt,Support,36,23.42,0.6506,15.484
Veignorem,Europe,LFL,2024,full year (per-game derived),Aegis,Support,36,19.187,0.533,11.609
marlon,Europe,LES,2024,full year (per-game derived),Movistar KOI,Support,23,18.254,0.7937,8.719
FGG,Europe,LES,2024,full year (per-game derived),ZETA,Support,32,16.55,0.5172,12.293
seaz,Europe,LES,2024,full year (per-game derived),GIANTX iTero,Support,53,15.585,0.2941,10.76
Stend,Europe,LFL,2024,full year (per-game derived),Vitality.Bee,Support,54,14.16,0.2622,13.581
Lucky,Europe,PRM,2024,full year (per-game derived),NNO Prime,Support,54,13.495,0.2499,10.538
minemaciek,Europe,LES,2024,full year (per-game derived),Rebels Gaming,Support,18,11.069,0.6149,9.101
whiteinn,Europe,LES,2024,full year (per-game derived),Los Heretics,Support,52,10.962,0.2108,6.836
Lilipp,Europe,PRM,2024,full year (per-game derived),Eintracht Spandau,Support,56,10.563,0.1886,11.481
Hantera,Europe,LFL,2024,full year (per-game derived),BK ROG Esports,Support,46,10.265,0.2232,10.678
Rhuckz,Europe,LES,2024,full year (per-game derived),Movistar KOI,Support,23,9.642,0.4192,8.542
Lekcyc,Europe,PRM,2024,full year (per-game derived),Berlin International Gaming,Support,18,8.792,0.4884,12.166
Twiizt,Europe,PRM,2024,full year (per-game derived),FC Schalke 04 Esports,Support,48,6.948,0.1448,4.433
Rhuckz,Europe,LES,2024,full year (per-game derived),Case Esports,Support,27,6.315,0.2339,7.163
kamilius,Europe,LFL,2024,full year (per-game derived),Gentle Mates,Support,47,5.532,0.1177,6.883
Max1,Europe,PRM,2024,full year (per-game derived),E WIE EINFACH E-SPORTS,Support,36,5.481,0.1522,4.793
marlon,Europe,LFL,2024,full year (per-game derived),Team du Sud,Support,18,1.842,0.1023,2.606
LIMIT,Europe,PRM,2024,full year (per-game derived),SK Gaming Prime,Support,27,1.489,0.0551,2.863
Farfetch,Europe,LES,2024,full year (per-game derived),Guasones,Support,31,1.241,0.04,4.64
Oscure,Europe,LES,2024,full year (per-game derived),Barça eSports,Support,30,0.282,0.0094,8.065
Steeelback,Europe,LFL,2024,full year (per-game derived),GameWard,Support,40,0.265,0.0066,3.327
Nio,Europe,PRM,2024,full year (per-game derived),MOUZ NXT,Support,18,0.0,0.0,4.049
Parus,Europe,LFL,2024,full year (per-game derived),Team BDS Academy,Support,54,-0.265,-0.0049,1.874
Nash,Europe,LES,2024,full year (per-game derived),Guasones,Support,18,-0.846,-0.047,4.774
Vander,Europe,PRM,2024,full year (per-game derived),Austrian Force willhaben,Support,8,-1.871,-0.2339,3.995
DuaLL,Europe,LES,2024,full year (per-game derived),LUA Gaming,Support,18,-3.423,-0.1902,3.287
Infoneral,Europe,PRM,2024,full year (per-game derived),Austrian Force willhaben,Support,39,-3.496,-0.0896,0.904
Leon,Europe,PRM,2024,full year (per-game derived),Berlin International Gaming,Support,18,-7.965,-0.4425,-0.058
Seneca,Europe,LES,2024,full year (per-game derived),Ramboot Club,Support,18,-7.986,-0.4437,2.181
Myrtus,Europe,LFL,2024,full year (per-game derived),Solary,Support,36,-8.224,-0.2284,-1.797
Vaunted,Europe,PRM,2024,full year (per-game derived),MOUZ NXT,Support,14,-9.032,-0.6451,1.75
Fendras,Europe,LES,2024,full year (per-game derived),Ramboot Club,Support,2,-15.457,-7.7285,6.582
HONOR,Europe,LFL,2024,full year (per-game derived),Team du Sud,Support,18,-21.332,-1.1851,-4.223
Flay,Europe,PRM,2024,full year (per-game derived),MOUZ NXT,Support,4,-31.179,-7.7948,1.358
Hustlin,Europe,LES,2024,full year (per-game derived),Barça eSports,Support,17,-32.742,-1.926,-6.275
Saviour,Europe,LES,2024,full year (per-game derived),ZETA,Support,4,-71.075,-17.7688,-2.502
Zest,Europe,LFL,2025,full year (per-game derived),GameWard,Top,20,51.049,2.5524,25.783
Tracyn,Europe,LES,2025,full year (per-game derived),Los Heretics,Top,72,46.748,0.6493,34.192
Shelfmade,Europe,PRM,2025,full year (per-game derived),Berlin International Gaming,Top,68,45.297,0.6661,32.474
iBo,Europe,LES,2025,full year (per-game derived),Ramboot Club,Top,15,44.923,2.9949,19.94
Marky,Europe,LES,2025,full year (per-game derived),LUA Gaming,Top,44,44.565,1.0128,33.05
iBo,Europe,LES,2025,full year (per-game derived),Veni Vidi Vici,Top,18,40.1,2.2278,19.789
Badlulu,Europe,LES,2025,full year (per-game derived),GIANTX iTero,Top,66,37.988,0.5756,26.951
Rocklho,Europe,PRM,2025,full year (per-game derived),E WIE EINFACH E-SPORTS,Top,65,36.565,0.5625,30.677
Addusto,Europe,PRM,2025,full year (per-game derived),ROSSMANN Centaurs,Top,28,32.388,1.1567,20.689
Pride,Europe,PRM,2025,full year (per-game derived),Eintracht Spandau,Top,39,31.157,0.7989,22.009
Fornoreason,Europe,PRM,2025,full year (per-game derived),Unicorns of Love Sexy Edition,Top,54,30.699,0.5685,22.192
NightSlayer,Europe,LES,2025,full year (per-game derived),Movistar KOI Fénix,Top,18,28.941,1.6078,17.046
Kryze,Europe,LFL,2025,full year (per-game derived),Solary,Top,62,28.245,0.4556,21.002
JNX,Europe,LFL,2025,full year (per-game derived),Vitality.Bee,Top,35,26.324,0.7521,19.635
Smurfe,Europe,PRM,2025,full year (per-game derived),TeamOrangeGaming,Top,66,23.311,0.3532,21.681
Maynter,Europe,LFL,2025,full year (per-game derived),Karmine Corp Blue,Top,79,19.701,0.2494,14.843
Venour,Europe,PRM,2025,full year (per-game derived),Kaufland Hangry Knights,Top,60,18.274,0.3046,13.972
Szygenda,Europe,LFL,2025,full year (per-game derived),BK ROG Esports,Top,75,18.145,0.2419,16.714
Leny,Europe,LFL,2025,full year (per-game derived),Joblife,Top,48,17.362,0.3617,14.352
StarScreen,Europe,LES,2025,full year (per-game derived),Veni Vidi Vici,Top,15,13.266,0.8844,11.23
Spooder,Europe,LES,2025,full year (per-game derived),Movistar KOI Fénix,Top,28,12.36,0.4414,12.997
Sinmivak,Europe,LES,2025,full year (per-game derived),UCAM Esports,Top,52,10.263,0.1974,10.177
Empyros,Europe,LFL,2025,full year (per-game derived),Gentle Mates,Top,70,9.776,0.1397,9.776
Sacre,Europe,PRM,2025,full year (per-game derived),Eintracht Frankfurt,Top,49,9.161,0.187,15.836
Howling,Europe,LFL,2025,full year (per-game derived),Ici Japon Corp. Esport,Top,61,6.587,0.108,7.864
Thien,Europe,LES,2025,full year (per-game derived),Ramboot Club,Top,14,4.911,0.3508,8.619
Send0o,Europe,PRM,2025,full year (per-game derived),Dung Dynasty,Top,23,4.876,0.212,12.627
Papiteero,Europe,LFL,2025,full year (per-game derived),Team BDS Academy,Top,31,2.829,0.0913,5.357
Ethe,Europe,LES,2025,full year (per-game derived),ZETA,Top,9,2.646,0.294,8.573
Nice Guy Ben,Europe,PRM,2025,full year (per-game derived),ROSSMANN Centaurs,Top,44,0.0,0.0,7.634
NightSlayer,Europe,PRM,2025,full year (per-game derived),Austrian Force willhaben,Top,40,-0.32,-0.008,7.882
WhiteKnight,Europe,LES,2025,full year (per-game derived),Barça eSports,Top,77,-1.637,-0.0213,2.069
Send0o,Europe,PRM,2025,full year (per-game derived),CGN Esports,Top,28,-1.812,-0.0647,8.832
Sangrod,Europe,LES,2025,full year (per-game derived),ZETA,Top,9,-2.445,-0.2717,7.444
CPM,Europe,LES,2025,full year (per-game derived),Veni Vidi Vici,Top,20,-4.282,-0.2141,4.622
Vertigo,Europe,LFL,2025,full year (per-game derived),Vitality.Bee,Top,35,-8.488,-0.2425,-1.47
Ragner,Europe,LFL,2025,full year (per-game derived),Galions,Top,69,-9.424,-0.1366,1.953
selenex,Europe,LES,2025,full year (per-game derived),Guasones,Top,27,-11.074,-0.4101,0.427
CPM,Europe,LES,2025,full year (per-game derived),ZETA,Top,9,-11.388,-1.2653,5.46
Sotsy,Europe,LES,2025,full year (per-game derived),Ramboot Club,Top,15,-15.722,-1.0481,1.409
Sotsy,Europe,LFL,2025,full year (per-game derived),GameWard,Top,23,-17.598,-0.7651,-1.757
SwiT,Europe,PRM,2025,full year (per-game derived),Austrian Force willhaben,Top,18,-42.765,-2.3758,-3.892
Hiro,Europe,LFL,2025,full year (per-game derived),Team BDS Academy,Top,4,-55.688,-13.922,2.414
Leb,Europe,PRM,2025,full year (per-game derived),Berlin International Gaming,Jungle,68,32.368,0.476,24.294
Rhilech,Europe,LFL,2025,full year (per-game derived),BK ROG Esports,Jungle,46,31.668,0.6884,22.368
Agurin,Europe,PRM,2025,full year (per-game derived),CGN Esports,Jungle,21,29.912,1.4244,16.705
Xagog,Europe,PRM,2025,full year (per-game derived),ROSSMANN Centaurs,Jungle,72,22.448,0.3118,17.843
Time,Europe,LES,2025,full year (per-game derived),Veni Vidi Vici,Jungle,35,22.3,0.6371,12.636
Stormax,Europe,LFL,2025,full year (per-game derived),GameWard,Jungle,43,19.068,0.4434,14.067
bluerzor,Europe,LES,2025,full year (per-game derived),Ramboot Club,Jungle,15,18.258,1.2172,7.717
Daglas,Europe,LES,2025,full year (per-game derived),Los Heretics,Jungle,72,18.254,0.2535,12.094
Agurin,Europe,PRM,2025,full year (per-game derived),Dung Dynasty,Jungle,23,18.051,0.7848,12.239
Cboi,Europe,PRM,2025,full year (per-game derived),TeamOrangeGaming,Jungle,66,17.067,0.2586,14.249
Koldo,Europe,LES,2025,full year (per-game derived),Veni Vidi Vici,Jungle,4,16.932,4.233,5.896
Boukada,Europe,LFL,2025,full year (per-game derived),Karmine Corp Blue,Jungle,18,16.567,0.9204,-0.212
Rabble,Europe,PRM,2025,full year (per-game derived),Kaufland Hangry Knights,Jungle,60,13.688,0.2281,12.22
Zanzarah,Europe,PRM,2025,full year (per-game derived),Eintracht Frankfurt,Jungle,14,13.401,0.9572,6.123
Nasser,Europe,LES,2025,full year (per-game derived),ZETA,Jungle,12,12.886,1.0738,4.941
bluerzor,Europe,LES,2025,full year (per-game derived),UCAM Esports,Jungle,23,12.525,0.5446,6.977
Ferret,Europe,LES,2025,full year (per-game derived),GIANTX iTero,Jungle,66,11.382,0.1725,9.004
Xerxe,Europe,LFL,2025,full year (per-game derived),Galions,Jungle,69,11.379,0.1649,11.983
Shlatan,Europe,LFL,2025,full year (per-game derived),Team BDS Academy,Jungle,35,11.089,0.3168,8.055
Oleg,Europe,LES,2025,full year (per-game derived),Veni Vidi Vici,Jungle,14,10.804,0.7717,4.651
Thayger,Europe,LES,2025,full year (per-game derived),Barça eSports,Jungle,60,10.604,0.1767,7.499
XnS,Europe,LFL,2025,full year (per-game derived),BK ROG Esports,Jungle,29,10.506,0.3623,8.812
Typhoon,Europe,PRM,2025,full year (per-game derived),CGN Esports,Jungle,2,8.308,4.154,7.398
Santorin,Europe,PRM,2025,full year (per-game derived),Eintracht Spandau,Jungle,15,7.34,0.4893,7.34
Zicssi,Europe,LFL,2025,full year (per-game derived),Gentle Mates,Jungle,70,4.004,0.0572,7.467
White,Europe,PRM,2025,full year (per-game derived),Unicorns of Love Sexy Edition,Jungle,54,3.938,0.0729,3.745
Markoon,Europe,LFL,2025,full year (per-game derived),Solary,Jungle,62,3.169,0.0511,5.005
NoName,Europe,LES,2025,full year (per-game derived),Ramboot Club,Jungle,14,2.731,0.1951,0.887
denizzz,Europe,PRM,2025,full year (per-game derived),Austrian Force willhaben,Jungle,18,2.096,0.1164,5.436
Koldo,Europe,LES,2025,full year (per-game derived),UCAM Esports,Jungle,29,1.112,0.0383,3.867
Yukino,Europe,LFL,2025,full year (per-game derived),Karmine Corp Blue,Jungle,61,1.057,0.0173,3.171
Kirei,Europe,PRM,2025,full year (per-game derived),CGN Esports,Jungle,5,0.958,0.1916,6.467
Sriffow,Europe,LES,2025,full year (per-game derived),ZETA,Jungle,6,0.925,0.1542,1.762
113,Europe,LES,2025,full year (per-game derived),Barça eSports,Jungle,17,0.699,0.0411,2.187
Sn1lle,Europe,LES,2025,full year (per-game derived),LUA Gaming,Jungle,44,0.613,0.0139,2.909
Afroboi,Europe,PRM,2025,full year (per-game derived),E WIE EINFACH E-SPORTS,Jungle,65,-0.699,-0.0108,1.753
Infinity,Europe,LES,2025,full year (per-game derived),Guasones,Jungle,18,-1.84,-0.1022,0.556
RAMES,Europe,LFL,2025,full year (per-game derived),Joblife,Jungle,48,-3.17,-0.066,0.966
Techoteco,Europe,PRM,2025,full year (per-game derived),Eintracht Frankfurt,Jungle,35,-4.808,-0.1374,0.953
Eckas,Europe,LES,2025,full year (per-game derived),Movistar KOI Fénix,Jungle,28,-4.921,-0.1758,3.215
MAXI,Europe,LES,2025,full year (per-game derived),Ramboot Club,Jungle,15,-7.121,-0.4747,-0.775
Time,Europe,LES,2025,full year (per-game derived),Movistar KOI Fénix,Jungle,18,-7.71,-0.4283,-1.576
Theocacs,Europe,LFL,2025,full year (per-game derived),Ici Japon Corp. Esport,Jungle,61,-9.019,-0.1479,-3.469
D4nKa,Europe,PRM,2025,full year (per-game derived),Austrian Force willhaben,Jungle,35,-9.059,-0.2588,-0.937
jokaa,Europe,PRM,2025,full year (per-game derived),Eintracht Spandau,Jungle,24,-12.591,-0.5246,-1.268
Lurox,Europe,LFL,2025,full year (per-game derived),Vitality.Bee,Jungle,70,-13.478,-0.1925,0.004
Deletus,Europe,PRM,2025,full year (per-game derived),Austrian Force willhaben,Jungle,5,-14.21,-2.842,4.393
ElOjoNinja,Europe,LES,2025,full year (per-game derived),ZETA,Jungle,9,-16.42,-1.8244,-2.148
Nyx,Europe,LES,2025,full year (per-game derived),Guasones,Jungle,9,-19.319,-2.1466,-2.791
Six10,Europe,PRM,2025,full year (per-game derived),TeamOrangeGaming,Middle,66,37.021,0.5609,24.724
PowerOfEvil,Europe,PRM,2025,full year (per-game derived),Eintracht Spandau,Middle,39,34.204,0.877,23.993
ESCIK,Europe,LES,2025,full year (per-game derived),UCAM Esports,Middle,52,31.114,0.5983,20.641
Feisty,Europe,LES,2025,full year (per-game derived),GIANTX iTero,Middle,66,30.662,0.4646,27.076
Random,Europe,PRM,2025,full year (per-game derived),Kaufland Hangry Knights,Middle,60,29.54,0.4923,23.352
Fresskowy,Europe,LES,2025,full year (per-game derived),Movistar KOI Fénix,Middle,46,28.647,0.6228,15.742
Toffe,Europe,LFL,2025,full year (per-game derived),Team BDS Academy,Middle,35,27.278,0.7794,19.649
Serin,Europe,LFL,2025,full year (per-game derived),Galions,Middle,69,25.621,0.3713,24.705
Dajor,Europe,PRM,2025,full year (per-game derived),Berlin International Gaming,Middle,68,21.447,0.3154,14.835
Vetheo,Europe,LFL,2025,full year (per-game derived),Vitality.Bee,Middle,70,20.205,0.2886,17.009
Phantasm,Europe,PRM,2025,full year (per-game derived),CGN Esports,Middle,28,19.905,0.7109,12.352
Czekolad,Europe,LES,2025,full year (per-game derived),Barça eSports,Middle,77,19.54,0.2538,15.592
Decay,Europe,LFL,2025,full year (per-game derived),Solary,Middle,62,19.145,0.3088,17.996
Hydra,Europe,LES,2025,full year (per-game derived),LUA Gaming,Middle,44,18.345,0.4169,14.55
Xico,Europe,LES,2025,full year (per-game derived),ZETA,Middle,18,13.667,0.7593,15.301
Baca,Europe,LES,2025,full year (per-game derived),Ramboot Club,Middle,29,13.421,0.4628,15.988
SlowQ,Europe,LFL,2025,full year (per-game derived),Karmine Corp Blue,Middle,79,12.561,0.159,12.17
Marty,Europe,LES,2025,full year (per-game derived),Veni Vidi Vici,Middle,18,11.662,0.6479,12.222
Diplex,Europe,LFL,2025,full year (per-game derived),Joblife,Middle,48,9.819,0.2046,11.671
Relative,Europe,PRM,2025,full year (per-game derived),E WIE EINFACH E-SPORTS,Middle,65,6.108,0.094,5.065
ptt,Europe,LES,2025,full year (per-game derived),ZETA,Middle,9,5.338,0.5931,10.943
Nan0,Europe,PRM,2025,full year (per-game derived),Austrian Force willhaben,Middle,58,5.198,0.0896,5.358
RoyalKanin,Europe,PRM,2025,full year (per-game derived),ROSSMANN Centaurs,Middle,72,4.926,0.0684,5.148
ZaZee,Europe,PRM,2025,full year (per-game derived),Eintracht Frankfurt,Middle,49,0.258,0.0053,0.601
twohoyrz,Europe,LES,2025,full year (per-game derived),Ramboot Club,Middle,15,0.167,0.0111,4.788
Backlund,Europe,LFL,2025,full year (per-game derived),GameWard,Middle,43,0.066,0.0015,4.768
SAJATOR,Europe,LES,2025,full year (per-game derived),Los Heretics,Middle,41,0.0,0.0,8.639
Sertuss,Europe,LFL,2025,full year (per-game derived),Ici Japon Corp. Esport,Middle,61,-0.022,-0.0004,4.949
KatEvolved,Europe,PRM,2025,full year (per-game derived),Dung Dynasty,Middle,11,-0.774,-0.0704,3.992
Macaquino,Europe,LES,2025,full year (per-game derived),Guasones,Middle,27,-1.082,-0.0401,6.261
Mercy9,Europe,LES,2025,full year (per-game derived),Los Heretics,Middle,31,-2.612,-0.0843,5.033
Phantasm,Europe,PRM,2025,full year (per-game derived),Dung Dynasty,Middle,12,-7.577,-0.6314,2.009
Simpli,Europe,PRM,2025,full year (per-game derived),Unicorns of Love Sexy Edition,Middle,54,-8.96,-0.1659,-1.16
OMON,Europe,LFL,2025,full year (per-game derived),BK ROG Esports,Middle,75,-11.843,-0.1579,-5.02
Miniduke,Europe,LES,2025,full year (per-game derived),Veni Vidi Vici,Middle,35,-12.431,-0.3552,-0.789
Eika,Europe,LFL,2025,full year (per-game derived),Gentle Mates,Middle,70,-33.377,-0.4768,-16.538
SamD,Europe,LFL,2025,full year (per-game derived),Ici Japon Corp. Esport,ADC,39,52.227,1.3392,34.987
Afriibi,Europe,LES,2025,full year (per-game derived),ZETA,ADC,9,38.034,4.226,8.764
3XA,Europe,LFL,2025,full year (per-game derived),Karmine Corp Blue,ADC,79,33.094,0.4189,25.572
Vaynedeta,Europe,PRM,2025,full year (per-game derived),Austrian Force willhaben,ADC,40,30.064,0.7516,19.354
Comp,Europe,LFL,2025,full year (per-game derived),Gentle Mates,ADC,70,27.644,0.3949,19.256
UNF0RGIVEN,Europe,LES,2025,full year (per-game derived),Movistar KOI Fénix,ADC,28,26.49,0.9461,12.674
Vzz,Europe,PRM,2025,full year (per-game derived),TeamOrangeGaming,ADC,66,23.891,0.362,18.033
Rin,Europe,LES,2025,full year (per-game derived),Los Heretics,ADC,72,23.664,0.3287,17.553
Kenal,Europe,PRM,2025,full year (per-game derived),Austrian Force willhaben,ADC,18,23.061,1.2812,16.018
BEAN,Europe,PRM,2025,full year (per-game derived),Berlin International Gaming,ADC,68,22.698,0.3338,13.555
Unkn0wn5,Europe,PRM,2025,full year (per-game derived),Eintracht Frankfurt,ADC,14,20.568,1.4691,10.326
Legolas,Europe,LES,2025,full year (per-game derived),Barça eSports,ADC,77,18.984,0.2465,14.25
TakeSet,Europe,LFL,2025,full year (per-game derived),Solary,ADC,62,17.277,0.2787,15.797
HARPOON,Europe,LFL,2025,full year (per-game derived),Galions,ADC,29,16.828,0.5803,13.528
Innaxe,Europe,PRM,2025,full year (per-game derived),Dung Dynasty,ADC,13,15.531,1.1947,7.715
Keduii,Europe,LFL,2025,full year (per-game derived),BK ROG Esports,ADC,12,14.943,1.2452,12.469
RustySniper,Europe,LES,2025,full year (per-game derived),Guasones,ADC,9,14.45,1.6056,3.531
Deadly,Europe,LFL,2025,full year (per-game derived),Joblife,ADC,48,13.205,0.2751,12.191
Jopa,Europe,LFL,2025,full year (per-game derived),Vitality.Bee,ADC,70,12.886,0.1841,13.707
DenVoksne,Europe,PRM,2025,full year (per-game derived),Unicorns of Love Sexy Edition,ADC,54,11.088,0.2053,10.588
Syzyfek,Europe,LES,2025,full year (per-game derived),Ramboot Club,ADC,14,10.372,0.7409,5.383
Reptile,Europe,PRM,2025,full year (per-game derived),CGN Esports,ADC,28,9.924,0.3544,6.572
Unkn0wn5,Europe,LES,2025,full year (per-game derived),Ramboot Club,ADC,15,8.782,0.5855,3.112
ANDARIEL,Europe,LES,2025,full year (per-game derived),UCAM Esports,ADC,52,5.956,0.1145,4.933
Reptile,Europe,PRM,2025,full year (per-game derived),Dung Dynasty,ADC,10,5.784,0.5784,4.299
Jezu,Europe,LFL,2025,full year (per-game derived),Galions,ADC,40,2.351,0.0588,12.837
Noz2k,Europe,PRM,2025,full year (per-game derived),E WIE EINFACH E-SPORTS,ADC,65,1.731,0.0266,3.056
Fun K3y,Europe,PRM,2025,full year (per-game derived),Kaufland Hangry Knights,ADC,10,0.67,0.067,11.622
Aetinoth,Europe,LES,2025,full year (per-game derived),GIANTX iTero,ADC,58,0.511,0.0088,3.596
Syzyfek,Europe,PRM,2025,full year (per-game derived),ROSSMANN Centaurs,ADC,44,0.406,0.0092,4.128
Rayito,Europe,LES,2025,full year (per-game derived),Veni Vidi Vici,ADC,53,0.326,0.0062,0.507
Matias,Europe,LFL,2025,full year (per-game derived),GameWard,ADC,43,0.0,0.0,6.916
Coldraa,Europe,LES,2025,full year (per-game derived),Ramboot Club,ADC,15,-0.326,-0.0217,-1.85
Fun K3y,Europe,PRM,2025,full year (per-game derived),ROSSMANN Centaurs,ADC,28,-1.219,-0.0435,8.933
Pangjin,Europe,LFL,2025,full year (per-game derived),Ici Japon Corp. Esport,ADC,22,-1.229,-0.0559,7.183
Jeskla,Europe,PRM,2025,full year (per-game derived),Kaufland Hangry Knights,ADC,50,-3.793,-0.0759,2.094
Shy Carry,Europe,LES,2025,full year (per-game derived),LUA Gaming,ADC,44,-5.127,-0.1165,-1.138
Booshi,Europe,LFL,2025,full year (per-game derived),BK ROG Esports,ADC,63,-5.713,-0.0907,0.549
Mishi,Europe,LFL,2025,full year (per-game derived),Team BDS Academy,ADC,31,-6.382,-0.2059,1.362
Exofeng,Europe,LES,2025,full year (per-game derived),GIANTX iTero,ADC,8,-7.432,-0.929,-1.169
13,Europe,LES,2025,full year (per-game derived),Movistar KOI Fénix,ADC,18,-7.888,-0.4382,-2.598
Lelouch,Europe,LES,2025,full year (per-game derived),Guasones,ADC,9,-9.673,-1.0748,-1.82
ECSTASSY,Europe,LES,2025,full year (per-game derived),Guasones,ADC,9,-13.678,-1.5198,-2.709
Varry,Europe,PRM,2025,full year (per-game derived),Eintracht Frankfurt,ADC,35,-15.517,-0.4433,-5.416
Mauki,Europe,LES,2025,full year (per-game derived),ZETA,ADC,9,-17.27,-1.9189,-3.506
Adryh,Europe,LES,2025,full year (per-game derived),ZETA,ADC,9,-27.049,-3.0054,-5.675
Broeki,Europe,PRM,2025,full year (per-game derived),Eintracht Spandau,ADC,37,-28.007,-0.7569,-12.45
Innaxe,Europe,PRM,2025,full year (per-game derived),Eintracht Spandau,ADC,2,-29.475,-14.7375,3.749
Piwek,Europe,LFL,2025,full year (per-game derived),Team BDS Academy,ADC,4,-39.356,-9.839,7.152
Pyrka,Europe,LES,2025,full year (per-game derived),Ramboot Club,Support,15,47.251,3.1501,19.967
Fleshy,Europe,LFL,2025,full year (per-game derived),Vitality.Bee,Support,35,34.898,0.9971,23.55
Goliath,Europe,LES,2025,full year (per-game derived),Ramboot Club,Support,14,30.381,2.1701,14.185
Aladoric,Europe,PRM,2025,full year (per-game derived),Austrian Force willhaben,Support,18,28.563,1.5868,12.438
Lospa,Europe,LES,2025,full year (per-game derived),GIANTX iTero,Support,66,27.896,0.4227,21.136
Prime,Europe,LFL,2025,full year (per-game derived),Ici Japon Corp. Esport,Support,61,26.715,0.438,22.333
Kaiser,Europe,LES,2025,full year (per-game derived),Los Heretics,Support,72,26.039,0.3617,20.127
iLEVI,Europe,LES,2025,full year (per-game derived),UCAM Esports,Support,52,22.469,0.4321,16.627
HungryPanda,Europe,PRM,2025,full year (per-game derived),Austrian Force willhaben,Support,40,20.845,0.5211,13.081
Click,Europe,LES,2025,full year (per-game derived),LUA Gaming,Support,44,20.63,0.4689,14.937
Veignorem,Europe,PRM,2025,full year (per-game derived),Eintracht Frankfurt,Support,49,20.473,0.4178,13.898
Lilipp,Europe,PRM,2025,full year (per-game derived),Eintracht Spandau,Support,39,19.239,0.4933,12.874
Erdote,Europe,LFL,2025,full year (per-game derived),Gentle Mates,Support,70,18.937,0.2705,15.626
escoX,Europe,LES,2025,full year (per-game derived),ZETA,Support,27,17.963,0.6653,12.055
Visdom,Europe,PRM,2025,full year (per-game derived),Kaufland Hangry Knights,Support,60,17.168,0.2861,12.022
Piero,Europe,LFL,2025,full year (per-game derived),Karmine Corp Blue,Support,79,8.878,0.1124,11.428
Myrtus,Europe,LFL,2025,full year (per-game derived),Team BDS Academy,Support,35,8.642,0.2469,5.257
whiteinn,Europe,LES,2025,full year (per-game derived),Barça eSports,Support,77,7.782,0.1011,7.43
Dekap,Europe,LFL,2025,full year (per-game derived),Vitality.Bee,Support,35,7.654,0.2187,7.654
kamilius,Europe,LES,2025,full year (per-game derived),Movistar KOI Fénix,Support,15,6.223,0.4149,7.16
Nash,Europe,LES,2025,full year (per-game derived),Veni Vidi Vici,Support,18,4.61,0.2561,5.248
Zoelys,Europe,LFL,2025,full year (per-game derived),Galions,Support,69,4.454,0.0646,6.194
seaz,Europe,PRM,2025,full year (per-game derived),Unicorns of Love Sexy Edition,Support,54,4.341,0.0804,5.636
Thomas,Europe,LES,2025,full year (per-game derived),Movistar KOI Fénix,Support,18,3.572,0.1984,5.757
Tockimo,Europe,PRM,2025,full year (per-game derived),E WIE EINFACH E-SPORTS,Support,65,3.244,0.0499,3.244
Lucky,Europe,PRM,2025,full year (per-game derived),CGN Esports,Support,28,2.779,0.0992,5.812
Lucky,Europe,PRM,2025,full year (per-game derived),Dung Dynasty,Support,10,2.467,0.2467,6.626
Mersa,Europe,LFL,2025,full year (per-game derived),Solary,Support,62,0.096,0.0015,3.607
Wildenbruch,Europe,PRM,2025,full year (per-game derived),ROSSMANN Centaurs,Support,72,0.0,0.0,0.989
Doss,Europe,LFL,2025,full year (per-game derived),BK ROG Esports,Support,75,-0.096,-0.0013,3.268
HONOR,Europe,LFL,2025,full year (per-game derived),GameWard,Support,43,-2.035,-0.0473,0.006
Efias,Europe,PRM,2025,full year (per-game derived),Dung Dynasty,Support,13,-2.979,-0.2292,2.516
Rhuckz,Europe,LES,2025,full year (per-game derived),Ramboot Club,Support,15,-3.572,-0.2381,4.519
LIMIT,Europe,PRM,2025,full year (per-game derived),Berlin International Gaming,Support,68,-4.525,-0.0665,-1.741
Infoneral,Europe,PRM,2025,full year (per-game derived),TeamOrangeGaming,Support,66,-5.26,-0.0797,-2.419
Twiizt,Europe,LFL,2025,full year (per-game derived),Joblife,Support,48,-5.894,-0.1228,0.296
Thomas,Europe,LES,2025,full year (per-game derived),Veni Vidi Vici,Support,35,-7.508,-0.2145,-0.627
Passzi,Europe,LES,2025,full year (per-game derived),Guasones,Support,9,-7.586,-0.8429,3.766
Treatz,Europe,LES,2025,full year (per-game derived),Movistar KOI Fénix,Support,13,-14.039,-1.0799,0.865
Smarty,Europe,LES,2025,full year (per-game derived),Guasones,Support,18,-19.249,-1.0694,-2.53
Irrelevant,Europe,PRM,2026,full year (per-game derived),Berlin International Gaming,Top,51,51.559,1.011,29.526
Kozi,Europe,LES,2026,full year (per-game derived),UCAM Esports,Top,38,42.991,1.1313,27.645
Th3Antonio,Europe,LES,2026,full year (per-game derived),GIANTX iTero,Top,2,38.371,19.1855,3.407
Boda,Europe,LFL,2026,full year (per-game derived),BK ROG Esports,Top,10,35.832,3.5832,18.112
Niqkl,Europe,LES,2026,full year (per-game derived),LUA Gaming,Top,3,31.944,10.648,11.148
Sleyer,Europe,LFL,2026,full year (per-game derived),ZYB Esport,Top,6,31.867,5.3112,15.591
Ethe,Europe,LES,2026,full year (per-game derived),Falke Esports,Top,18,31.432,1.7462,16.266
Adam,Europe,LFL,2026,full year (per-game derived),French Flair,Top,24,30.226,1.2594,18.411
Shelfmade,Europe,PRM,2026,full year (per-game derived),G2 NORD,Top,54,27.844,0.5156,24.234
Leny,Europe,LFL,2026,full year (per-game derived),Esprit Shōnen,Top,18,27.018,1.501,17.657
Smurfe,Europe,PRM,2026,full year (per-game derived),A One Man Army Prime,Top,6,24.876,4.146,14.372
Sotsy,Europe,PRM,2026,full year (per-game derived),TeamOrangeGaming,Top,1,23.201,23.201,0.059
NightSlayer,Europe,LES,2026,full year (per-game derived),Movistar KOI Fénix,Top,36,23.049,0.6402,16.01
Dani,Europe,LES,2026,full year (per-game derived),LUA Gaming,Top,19,20.705,1.0897,13.505
zorenous,Europe,PRM,2026,full year (per-game derived),TeamOrangeGaming,Top,36,20.461,0.5684,13.19
Vertigo,Europe,LFL,2026,full year (per-game derived),Joblife,Top,27,17.658,0.654,8.754
Potent,Europe,LFL,2026,full year (per-game derived),Vitality.Bee,Top,27,17.106,0.6336,14.622
Addusto,Europe,LFL,2026,full year (per-game derived),Lille Esport,Top,9,16.684,1.8538,15.576
Carlsen,Europe,LFL,2026,full year (per-game derived),Galions,Top,50,14.82,0.2964,12.043
Sven,Europe,PRM,2026,full year (per-game derived),VfB eSports,Top,27,12.513,0.4634,8.409
Vizicsacsi,Europe,PRM,2026,full year (per-game derived),E WIE EINFACH E-SPORTS,Top,48,12.277,0.2558,10.257
Papiteero,Europe,LES,2026,full year (per-game derived),Team Heretics Academy,Top,28,11.084,0.3959,8.823
Badlulu,Europe,LFL,2026,full year (per-game derived),Ici Japon Corp. Esport,Top,15,10.176,0.6784,20.985
Wao,Europe,LFL,2026,full year (per-game derived),ZYB Esport,Top,14,9.321,0.6658,11.522
Mietek,Europe,PRM,2026,full year (per-game derived),Eintracht Frankfurt,Top,26,7.857,0.3022,6.235
Bobsik,Europe,LES,2026,full year (per-game derived),Falke Esports,Top,5,7.259,1.4518,8.91
Venour,Europe,PRM,2026,full year (per-game derived),Kaufland Hangry Knights,Top,26,4.899,0.1884,7.945
Boda,Europe,PRM,2026,full year (per-game derived),Kaufland Hangry Knights,Top,9,3.887,0.4319,4.674
ManoloGap,Europe,LES,2026,full year (per-game derived),GIANTX iTero,Top,21,0.737,0.0351,5.802
Spooder,Europe,LFL,2026,full year (per-game derived),TLN Pirates,Top,41,0.286,0.007,8.406
Kryze,Europe,LFL,2026,full year (per-game derived),Solary,Top,37,-0.859,-0.0232,11.891
JNX,Europe,PRM,2026,full year (per-game derived),Eintracht Spandau,Top,50,-1.633,-0.0327,3.617
Hiro,Europe,LFL,2026,full year (per-game derived),ZYB Esport,Top,4,-2.16,-0.54,7.985
selenex,Europe,LES,2026,full year (per-game derived),Barça eSports,Top,40,-2.212,-0.0553,0.989
Fornoreason,Europe,PRM,2026,full year (per-game derived),Unicorns of Love Sexy Edition,Top,46,-3.981,-0.0865,5.891
UB Pasamelcelo,Europe,LES,2026,full year (per-game derived),UB Alma Mater,Top,2,-5.573,-2.7865,8.293
Mihile,Europe,LES,2026,full year (per-game derived),Team Heretics Academy,Top,5,-6.374,-1.2748,7.046
Yeti,Europe,LFL,2026,full year (per-game derived),Skillcamp,Top,22,-7.52,-0.3418,4.277
Pasameelcelo,Europe,LES,2026,full year (per-game derived),UB Alma Mater,Top,14,-10.736,-0.7669,3.055
Addusto,Europe,PRM,2026,full year (per-game derived),Eintracht Frankfurt,Top,9,-12.185,-1.3539,6.742
Tao,Europe,LFL,2026,full year (per-game derived),Karmine Corp Blue,Top,20,-15.259,-0.763,1.733
Skiller99,Europe,LES,2026,full year (per-game derived),UB Alma Mater,Top,5,-18.047,-3.6094,5.45
Fooneses,Europe,PRM,2026,full year (per-game derived),ROSSMANN Centaurs,Top,3,-19.516,-6.5053,2.78
CPM,Europe,PRM,2026,full year (per-game derived),ROSSMANN Centaurs,Top,21,-31.409,-1.4957,-8.974
Leks,Europe,PRM,2026,full year (per-game derived),ROSSMANN Centaurs,Top,6,-32.477,-5.4128,-1.07
Alan,Europe,LFL,2026,full year (per-game derived),Lille Esport,Top,2,-43.44,-21.72,9.165
TOG Sotse,Europe,PRM,2026,full year (per-game derived),TeamOrangeGaming,Top,1,-49.944,-49.944,3.215
jokaa,Europe,PRM,2026,full year (per-game derived),ROSSMANN Centaurs,Jungle,9,47.155,5.2394,13.77
Markoon,Europe,PRM,2026,full year (per-game derived),G2 NORD,Jungle,54,42.444,0.786,24.965
Habubu,Europe,PRM,2026,full year (per-game derived),Berlin International Gaming,Jungle,51,35.842,0.7028,26.829
Zicssi,Europe,LFL,2026,full year (per-game derived),Solary,Jungle,37,33.85,0.9149,16.31
Jeykup,Europe,LFL,2026,full year (per-game derived),BK ROG Esports,Jungle,10,31.582,3.1582,11.366
Daglas,Europe,LES,2026,full year (per-game derived),Team Heretics Academy,Jungle,16,30.359,1.8974,16.905
Time,Europe,LES,2026,full year (per-game derived),GIANTX iTero,Jungle,2,29.007,14.5035,12.98
Thayger,Europe,LFL,2026,full year (per-game derived),Galions,Jungle,50,26.053,0.5211,16.179
Manaty,Europe,LFL,2026,full year (per-game derived),ZYB Esport,Jungle,24,23.082,0.9618,12.788
Afroboi,Europe,PRM,2026,full year (per-game derived),E WIE EINFACH E-SPORTS,Jungle,48,23.044,0.4801,13.97
White,Europe,PRM,2026,full year (per-game derived),Unicorns of Love Sexy Edition,Jungle,46,22.032,0.479,13.63
Yukino,Europe,LFL,2026,full year (per-game derived),Karmine Corp Blue,Jungle,20,20.594,1.0297,7.823
Woldjo,Europe,PRM,2026,full year (per-game derived),TeamOrangeGaming,Jungle,38,16.667,0.4386,14.671
Densi,Europe,PRM,2026,full year (per-game derived),Kaufland Hangry Knights,Jungle,25,12.268,0.4907,10.684
XnS,Europe,LES,2026,full year (per-game derived),Movistar KOI Fénix,Jungle,2,12.049,6.0245,10.355
Th3Antonio,Europe,LES,2026,full year (per-game derived),GIANTX iTero,Jungle,21,11.968,0.5699,10.901
Time,Europe,LES,2026,full year (per-game derived),Movistar KOI Fénix,Jungle,34,11.643,0.3424,12.048
CRoNiiK,Europe,LFL,2026,full year (per-game derived),Esprit Shōnen,Jungle,3,11.513,3.8377,5.53
Lurox,Europe,LES,2026,full year (per-game derived),Team Heretics Academy,Jungle,17,10.669,0.6276,4.427
D4nKa,Europe,PRM,2026,full year (per-game derived),Eintracht Frankfurt,Jungle,35,10.636,0.3039,7.253
bluerzor,Europe,LES,2026,full year (per-game derived),UCAM Esports,Jungle,38,9.714,0.2556,10.703
Koldo,Europe,LES,2026,full year (per-game derived),Barça eSports,Jungle,40,7.61,0.1902,8.354
SPOOKY,Europe,LFL,2026,full year (per-game derived),Skillcamp,Jungle,22,6.09,0.2768,5.425
Stefan,Europe,LFL,2026,full year (per-game derived),TLN Pirates,Jungle,41,3.833,0.0935,4.324
Kaboom,Europe,LFL,2026,full year (per-game derived),Ici Japon Corp. Esport,Jungle,15,2.847,0.1898,4.28
NattyNatt,Europe,LFL,2026,full year (per-game derived),French Flair,Jungle,24,2.106,0.0878,3.728
Lurox,Europe,PRM,2026,full year (per-game derived),Kaufland Hangry Knights,Jungle,10,0.953,0.0953,3.497
Ivama,Europe,LES,2026,full year (per-game derived),UB Alma Mater,Jungle,21,0.0,0.0,6.12
Dawciu,Europe,LFL,2026,full year (per-game derived),Vitality.Bee,Jungle,27,0.0,0.0,2.674
Xagog,Europe,PRM,2026,full year (per-game derived),Eintracht Spandau,Jungle,50,-0.953,-0.0191,8.935
KKT,Europe,LFL,2026,full year (per-game derived),Lille Esport,Jungle,11,-2.866,-0.2605,2.939
Pasu,Europe,PRM,2026,full year (per-game derived),ROSSMANN Centaurs,Jungle,21,-3.906,-0.186,5.807
Pegaso,Europe,LES,2026,full year (per-game derived),LUA Gaming,Jungle,22,-4.109,-0.1868,4.318
Clicker,Europe,LES,2026,full year (per-game derived),Falke Esports,Jungle,20,-8.016,-0.4008,3.13
naau,Europe,LES,2026,full year (per-game derived),Falke Esports,Jungle,3,-8.889,-2.963,7.423
Kobs,Europe,LFL,2026,full year (per-game derived),Esprit Shōnen,Jungle,15,-9.551,-0.6367,0.287
Shift,Europe,LFL,2026,full year (per-game derived),Joblife,Jungle,27,-11.388,-0.4218,-2.576
ZWICKL,Europe,PRM,2026,full year (per-game derived),VfB eSports,Jungle,27,-12.131,-0.4493,1.02
Dome,Europe,PRM,2026,full year (per-game derived),A One Man Army Prime,Jungle,6,-15.585,-2.5975,7.82
Czajek,Europe,LFL,2026,full year (per-game derived),Vitality.Bee,Middle,27,46.285,1.7143,25.595
Kamiloo,Europe,LFL,2026,full year (per-game derived),Karmine Corp Blue,Middle,20,45.749,2.2875,22.908
SAKEN,Europe,LFL,2026,full year (per-game derived),French Flair,Middle,24,41.552,1.7313,30.602
Koussay,Europe,LFL,2026,full year (per-game derived),Lille Esport,Middle,11,39.181,3.5619,27.813
Mercy9,Europe,LES,2026,full year (per-game derived),Team Heretics Academy,Middle,33,35.517,1.0763,22.739
Nafkelah,Europe,LFL,2026,full year (per-game derived),Skillcamp,Middle,22,31.949,1.4522,26.73
Hydra,Europe,LES,2026,full year (per-game derived),LUA Gaming,Middle,22,29.836,1.3562,22.338
Fresskowy,Europe,LES,2026,full year (per-game derived),Movistar KOI Fénix,Middle,36,29.332,0.8148,22.551
Dajor,Europe,LFL,2026,full year (per-game derived),Ici Japon Corp. Esport,Middle,15,27.343,1.8229,22.248
Mentos,Europe,LES,2026,full year (per-game derived),Falke Esports,Middle,5,24.897,4.9794,20.099
Toffe,Europe,LFL,2026,full year (per-game derived),TLN Pirates,Middle,41,23.852,0.5818,24.406
Sencux,Europe,PRM,2026,full year (per-game derived),Eintracht Frankfurt,Middle,35,23.154,0.6615,16.08
ESCIK,Europe,LES,2026,full year (per-game derived),UCAM Esports,Middle,38,22.193,0.584,21.635
xKenzuke,Europe,LFL,2026,full year (per-game derived),Esprit Shōnen,Middle,18,20.926,1.1626,22.789
Midnight,Europe,LES,2026,full year (per-game derived),UB Alma Mater,Middle,2,19.339,9.6695,19.339
PowerOfEvil,Europe,PRM,2026,full year (per-game derived),Eintracht Spandau,Middle,50,14.621,0.2924,16.777
SAJATOR,Europe,PRM,2026,full year (per-game derived),TeamOrangeGaming,Middle,38,14.543,0.3827,10.096
Sayn,Europe,LFL,2026,full year (per-game derived),BK ROG Esports,Middle,10,13.27,1.327,21.306
Toasty,Europe,PRM,2026,full year (per-game derived),G2 NORD,Middle,54,11.975,0.2218,9.828
Fooneses,Europe,PRM,2026,full year (per-game derived),ROSSMANN Centaurs,Middle,21,11.599,0.5523,8.33
Reeker,Europe,PRM,2026,full year (per-game derived),Berlin International Gaming,Middle,51,10.276,0.2015,8.701
Midnight,Europe,LES,2026,full year (per-game derived),Falke Esports,Middle,18,5.22,0.29,14.212
Abbedagge,Europe,PRM,2026,full year (per-game derived),Kaufland Hangry Knights,Middle,35,2.035,0.0581,4.237
Macaquinho,Europe,LES,2026,full year (per-game derived),Barça eSports,Middle,40,1.343,0.0336,9.281
Czekolad,Europe,LFL,2026,full year (per-game derived),Joblife,Middle,27,0.0,0.0,14.913
Relative,Europe,PRM,2026,full year (per-game derived),E WIE EINFACH E-SPORTS,Middle,48,-0.678,-0.0141,2.783
RoyalKanin,Europe,PRM,2026,full year (per-game derived),Unicorns of Love Sexy Edition,Middle,46,-3.853,-0.0838,1.494
Miniduke,Europe,LES,2026,full year (per-game derived),GIANTX iTero,Middle,21,-4.029,-0.1919,5.114
Dyenn,Europe,LES,2026,full year (per-game derived),GIANTX iTero,Middle,2,-4.884,-2.442,17.896
Jool,Europe,LFL,2026,full year (per-game derived),Solary,Middle,37,-7.052,-0.1906,7.176
OMON,Europe,LFL,2026,full year (per-game derived),Galions,Middle,50,-8.08,-0.1616,-0.057
Pauporter,Europe,LES,2026,full year (per-game derived),UB Alma Mater,Middle,19,-12.754,-0.6713,7.281
Nisqy,Europe,LFL,2026,full year (per-game derived),ZYB Esport,Middle,24,-13.874,-0.5781,7.209
c0st0m,Europe,PRM,2026,full year (per-game derived),ROSSMANN Centaurs,Middle,9,-18.207,-2.023,0.751
Luke,Europe,PRM,2026,full year (per-game derived),VfB eSports,Middle,27,-40.085,-1.4846,-15.162
Artoria,Europe,PRM,2026,full year (per-game derived),A One Man Army Prime,Middle,6,-47.875,-7.9792,-2.474
UNF0RGIVEN,Europe,PRM,2026,full year (per-game derived),Kaufland Hangry Knights,ADC,19,53.06,2.7926,24.429
Wakz,Europe,LFL,2026,full year (per-game derived),Solary,ADC,1,44.337,44.337,12.838
Rayito,Europe,LES,2026,full year (per-game derived),GIANTX iTero,ADC,2,39.625,19.8125,4.929
Keduii,Europe,PRM,2026,full year (per-game derived),Eintracht Spandau,ADC,41,30.657,0.7477,17.115
Ryuk,Europe,PRM,2026,full year (per-game derived),TeamOrangeGaming,ADC,38,27.593,0.7261,18.006
Comp,Europe,LFL,2026,full year (per-game derived),Joblife,ADC,27,25.804,0.9557,19.604
DenVoksne,Europe,PRM,2026,full year (per-game derived),Unicorns of Love Sexy Edition,ADC,46,24.843,0.5401,16.314
Legolas,Europe,LES,2026,full year (per-game derived),Barça eSports,ADC,40,23.86,0.5965,17.803
Yakkey,Europe,LFL,2026,full year (per-game derived),Vitality.Bee,ADC,17,23.619,1.3894,15.963
Rin,Europe,PRM,2026,full year (per-game derived),G2 NORD,ADC,54,21.582,0.3997,18.337
Vespa,Europe,LFL,2026,full year (per-game derived),Lille Esport,ADC,11,21.411,1.9465,14.313
Deadly,Europe,LFL,2026,full year (per-game derived),Skillcamp,ADC,22,21.334,0.9697,15.071
Hazel,Europe,PRM,2026,full year (per-game derived),ROSSMANN Centaurs,ADC,9,19.041,2.1157,7.774
Axelent,Europe,LFL,2026,full year (per-game derived),TLN Pirates,ADC,41,17.583,0.4289,15.085
Noz2k,Europe,PRM,2026,full year (per-game derived),E WIE EINFACH E-SPORTS,ADC,43,17.563,0.4084,9.986
Hazel,Europe,LFL,2026,full year (per-game derived),Karmine Corp Blue,ADC,20,17.464,0.8732,12.524
Exofeng,Europe,PRM,2026,full year (per-game derived),Kaufland Hangry Knights,ADC,16,15.619,0.9762,8.474
HARPOON,Europe,LFL,2026,full year (per-game derived),Galions,ADC,50,12.217,0.2443,12.663
Jezu,Europe,LFL,2026,full year (per-game derived),ZYB Esport,ADC,24,11.463,0.4776,11.58
Flakked,Europe,LES,2026,full year (per-game derived),GIANTX iTero,ADC,21,11.323,0.5392,6.682
Xay,Europe,PRM,2026,full year (per-game derived),A One Man Army Prime,ADC,6,10.294,1.7157,7.077
ANDARIEL,Europe,LES,2026,full year (per-game derived),UCAM Esports,ADC,38,7.029,0.185,6.944
Lure,Europe,LES,2026,full year (per-game derived),Team Heretics Academy,ADC,33,6.906,0.2093,6.64
Kaii,Europe,LES,2026,full year (per-game derived),LUA Gaming,ADC,22,5.819,0.2645,6.139
3XA,Europe,LFL,2026,full year (per-game derived),French Flair,ADC,24,5.394,0.2248,17.035
Abner,Europe,LES,2026,full year (per-game derived),Falke Esports,ADC,3,5.211,1.737,6.263
13,Europe,LES,2026,full year (per-game derived),Movistar KOI Fénix,ADC,36,3.461,0.0961,3.593
Aetinoth,Europe,LFL,2026,full year (per-game derived),Solary,ADC,36,2.776,0.0771,6.544
Fun K3y,Europe,PRM,2026,full year (per-game derived),Eintracht Spandau,ADC,9,2.637,0.293,4.459
Devn,Europe,PRM,2026,full year (per-game derived),ROSSMANN Centaurs,ADC,21,2.627,0.1251,4.932
Notiko,Europe,PRM,2026,full year (per-game derived),Eintracht Frankfurt,ADC,26,0.173,0.0067,3.624
Patrik,Europe,PRM,2026,full year (per-game derived),Berlin International Gaming,ADC,36,-0.519,-0.0144,0.915
Soldier,Europe,LFL,2026,full year (per-game derived),Ici Japon Corp. Esport,ADC,15,-0.925,-0.0617,7.728
Avra,Europe,LFL,2026,full year (per-game derived),Esprit Shōnen,ADC,10,-2.942,-0.2942,8.284
Booshi,Europe,LFL,2026,full year (per-game derived),Esprit Shōnen,ADC,8,-3.418,-0.4272,3.126
Fun K3y,Europe,PRM,2026,full year (per-game derived),Berlin International Gaming,ADC,15,-5.608,-0.3739,2.062
Tazaku,Europe,PRM,2026,full year (per-game derived),VfB eSports,ADC,27,-5.766,-0.2136,2.376
UNF0RGIVEN,Europe,LFL,2026,full year (per-game derived),BK ROG Esports,ADC,10,-6.961,-0.6961,11.387
Marcv1,Europe,LES,2026,full year (per-game derived),Falke Esports,ADC,20,-10.383,-0.5192,0.04
Vizzpers,Europe,LFL,2026,full year (per-game derived),Vitality.Bee,ADC,10,-19.548,-1.9548,4.289
Devn,Europe,PRM,2026,full year (per-game derived),Eintracht Frankfurt,ADC,9,-20.216,-2.2462,0.546
Afriibi,Europe,PRM,2026,full year (per-game derived),E WIE EINFACH E-SPORTS,ADC,3,-21.413,-7.1377,7.252
adrianlaneitor,Europe,LES,2026,full year (per-game derived),UB Alma Mater,ADC,21,-31.144,-1.483,-8.621
Lothi,Europe,PRM,2026,full year (per-game derived),E WIE EINFACH E-SPORTS,ADC,2,-86.315,-43.1575,0.938
Wildenbruch,Europe,PRM,2026,full year (per-game derived),E WIE EINFACH E-SPORTS,Support,48,43.395,0.9041,25.522
Lilipp,Europe,PRM,2026,full year (per-game derived),TeamOrangeGaming,Support,38,41.163,1.0832,27.659
Seneca,Europe,PRM,2026,full year (per-game derived),Unicorns of Love Sexy Edition,Support,3,36.069,12.023,19.971
Urban,Europe,PRM,2026,full year (per-game derived),A One Man Army Prime,Support,6,34.384,5.7307,23.666
seaz,Europe,PRM,2026,full year (per-game derived),Eintracht Spandau,Support,50,30.235,0.6047,21.566
Kaiser,Europe,PRM,2026,full year (per-game derived),Berlin International Gaming,Support,51,27.998,0.549,25.767
Jakobobbi,Europe,PRM,2026,full year (per-game derived),VfB eSports,Support,27,24.422,0.9045,22.917
Zoelys,Europe,LFL,2026,full year (per-game derived),Galions,Support,50,23.62,0.4724,11.991
Doss,Europe,PRM,2026,full year (per-game derived),Kaufland Hangry Knights,Support,9,21.629,2.4032,12.046
Batuuu,Europe,LES,2026,full year (per-game derived),Team Heretics Academy,Support,33,18.899,0.5727,10.24
Rito,Europe,LES,2026,full year (per-game derived),Falke Esports,Support,3,18.692,6.2307,2.707
Piero,Europe,LFL,2026,full year (per-game derived),Solary,Support,37,17.823,0.4817,11.77
Pyrka,Europe,PRM,2026,full year (per-game derived),Kaufland Hangry Knights,Support,26,15.877,0.6107,21.695
Mxe,Europe,LFL,2026,full year (per-game derived),Esprit Shōnen,Support,18,15.374,0.8541,9.07
Infoneral,Europe,PRM,2026,full year (per-game derived),ROSSMANN Centaurs,Support,9,15.349,1.7054,8.758
Richu,Europe,PRM,2026,full year (per-game derived),Eintracht Frankfurt,Support,9,11.725,1.3028,19.432
Thomas,Europe,LFL,2026,full year (per-game derived),TLN Pirates,Support,41,10.684,0.2606,5.691
Seneca,Europe,LFL,2026,full year (per-game derived),Lille Esport,Support,11,7.145,0.6495,2.868
Steeelback,Europe,LFL,2026,full year (per-game derived),Skillcamp,Support,22,6.503,0.2956,3.699
Attila,Europe,LES,2026,full year (per-game derived),GIANTX iTero,Support,23,6.36,0.2765,3.368
whiteinn,Europe,LFL,2026,full year (per-game derived),Ici Japon Corp. Esport,Support,15,4.793,0.3195,5.79
Myrtus,Europe,LES,2026,full year (per-game derived),Movistar KOI Fénix,Support,36,3.786,0.1052,2.654
Deleted,Europe,LES,2026,full year (per-game derived),Falke Esports,Support,20,3.589,0.1794,2.119
Targamas,Europe,LFL,2026,full year (per-game derived),French Flair,Support,24,2.616,0.109,4.235
Dekap,Europe,LFL,2026,full year (per-game derived),Vitality.Bee,Support,27,2.054,0.0761,3.379
Oscure,Europe,LES,2026,full year (per-game derived),Barça eSports,Support,40,1.188,0.0297,1.118
Farfetch,Europe,PRM,2026,full year (per-game derived),Eintracht Frankfurt,Support,26,0.962,0.037,11.22
iLEVI,Europe,LES,2026,full year (per-game derived),UCAM Esports,Support,38,0.659,0.0173,5.864
HungryPanda,Europe,LFL,2026,full year (per-game derived),Joblife,Support,18,0.0,0.0,6.346
Smarty,Europe,PRM,2026,full year (per-game derived),ROSSMANN Centaurs,Support,21,-0.321,-0.0153,8.992
Twiizt,Europe,PRM,2026,full year (per-game derived),Unicorns of Love Sexy Edition,Support,43,-1.145,-0.0266,5.68
Doss,Europe,LFL,2026,full year (per-game derived),BK ROG Esports,Support,10,-1.551,-0.1551,1.062
TIMR,Europe,LES,2026,full year (per-game derived),LUA Gaming,Support,22,-1.977,-0.0899,-0.112
Tockimo,Europe,PRM,2026,full year (per-game derived),G2 NORD,Support,54,-2.504,-0.0464,5.664
Prime,Europe,LFL,2026,full year (per-game derived),Karmine Corp Blue,Support,20,-2.542,-0.1271,11.738
Simpy,Europe,LES,2026,full year (per-game derived),UB Alma Mater,Support,5,-3.946,-0.7892,0.486
Riippp,Europe,LFL,2026,full year (per-game derived),ZYB Esport,Support,22,-13.269,-0.6031,-3.908
Mersa,Europe,LFL,2026,full year (per-game derived),Joblife,Support,9,-14.255,-1.5839,-0.663
Xixauxas,Europe,LES,2026,full year (per-game derived),UB Alma Mater,Support,6,-16.753,-2.7922,-1.677
Kellie,Europe,LES,2026,full year (per-game derived),UB Alma Mater,Support,10,-31.37,-3.137,-6.645
Stend,Europe,LFL,2026,full year (per-game derived),ZYB Esport,Support,2,-51.903,-25.9515,3.387
Summit,Americas,LCS,2023,full year (per-game derived),Team Liquid,Top,58,70.578,1.2169,52.951
Impact,Americas,LCS,2023,full year (per-game derived),FlyQuest,Top,48,54.193,1.129,40.851
Rich,Americas,LCS,2023,full year (per-game derived),Dignitas,Top,27,49.221,1.823,33.776
Licorice,Americas,LCS,2023,full year (per-game derived),Golden Guardians,Top,66,41.688,0.6316,34.854
Revenge,Americas,LCS,2023,full year (per-game derived),Evil Geniuses,Top,30,32.137,1.0712,26.204
Fudge,Americas,LCS,2023,full year (per-game derived),Cloud9,Top,59,31.56,0.5349,27.728
Revenge,Americas,LCS,2023,full year (per-game derived),Immortals,Top,18,25.033,1.3907,22.188
Armut,Americas,LCS,2023,full year (per-game derived),Dignitas,Top,18,20.565,1.1425,20.565
Solo,Americas,LCS,2023,full year (per-game derived),TSM,Top,16,15.5,0.9688,18.861
Ssumday,Americas,LCS,2023,full year (per-game derived),100 Thieves,Top,23,4.893,0.2127,13.959
Dhokla,Americas,LCS,2023,full year (per-game derived),NRG,Top,64,2.991,0.0467,8.796
Ssumday,Americas,LCS,2023,full year (per-game derived),Evil Geniuses,Top,25,-2.991,-0.1196,10.154
Hauntzer,Americas,LCS,2023,full year (per-game derived),TSM,Top,30,-5.721,-0.1907,7.757
Tenacity,Americas,LCS,2023,full year (per-game derived),100 Thieves,Top,28,-6.521,-0.2329,7.833
Solo,Americas,LCS,2023,full year (per-game derived),Immortals,Top,18,-13.506,-0.7503,8.192
Blaber,Americas,LCS,2023,full year (per-game derived),Cloud9,Jungle,59,27.375,0.464,19.541
Pyosik,Americas,LCS,2023,full year (per-game derived),Team Liquid,Jungle,58,20.279,0.3496,14.858
Spica,Americas,LCS,2023,full year (per-game derived),FlyQuest,Jungle,48,18.804,0.3918,13.287
River,Americas,LCS,2023,full year (per-game derived),Golden Guardians,Jungle,66,18.752,0.2841,14.27
Closer,Americas,LCS,2023,full year (per-game derived),100 Thieves,Jungle,51,10.741,0.2106,8.507
Inspired,Americas,LCS,2023,full year (per-game derived),Evil Geniuses,Jungle,25,6.862,0.2745,5.766
Bugi,Americas,LCS,2023,full year (per-game derived),TSM,Jungle,46,2.935,0.0638,3.734
Santorin,Americas,LCS,2023,full year (per-game derived),Dignitas,Jungle,45,2.595,0.0577,3.545
Contractz,Americas,LCS,2023,full year (per-game derived),NRG,Jungle,64,2.47,0.0386,3.272
Sheiden,Americas,LCS,2023,full year (per-game derived),Evil Geniuses,Jungle,13,-7.41,-0.57,1.308
Kenvi,Americas,LCS,2023,full year (per-game derived),Immortals,Jungle,36,-8.981,-0.2495,-2.496
Armao,Americas,LCS,2023,full year (per-game derived),Evil Geniuses,Jungle,17,-12.355,-0.7268,-1.141
Ryoma,Americas,LCS,2023,full year (per-game derived),Evil Geniuses,Middle,1,20.545,20.545,1.694
Quid,Americas,LCS,2023,full year (per-game derived),100 Thieves,Middle,20,12.596,0.6298,5.556
Maple,Americas,LCS,2023,full year (per-game derived),TSM,Middle,18,12.302,0.6834,5.166
Gori,Americas,LCS,2023,full year (per-game derived),Golden Guardians,Middle,64,11.705,0.1829,8.201
Jojopyun,Americas,LCS,2023,full year (per-game derived),Evil Geniuses,Middle,54,11.405,0.2112,7.602
Jensen,Americas,LCS,2023,full year (per-game derived),Dignitas,Middle,45,10.3,0.2289,6.506
Bjergsen,Americas,LCS,2023,full year (per-game derived),100 Thieves,Middle,28,6.343,0.2265,3.563
Palafox,Americas,LCS,2023,full year (per-game derived),NRG,Middle,64,4.969,0.0776,3.69
Insanity,Americas,LCS,2023,full year (per-game derived),TSM,Middle,25,4.701,0.188,2.69
Haeri,Americas,LCS,2023,full year (per-game derived),Team Liquid,Middle,28,2.064,0.0737,1.551
VicLa,Americas,LCS,2023,full year (per-game derived),FlyQuest,Middle,47,0.129,0.0027,0.518
Bolulu,Americas,LCS,2023,full year (per-game derived),Immortals,Middle,25,-0.043,-0.0017,0.593
EMENES,Americas,LCS,2023,full year (per-game derived),Cloud9,Middle,50,-3.158,-0.0632,-1.511
Young,Americas,LCS,2023,full year (per-game derived),Golden Guardians,Middle,2,-9.939,-4.9695,0.439
Diplex,Americas,LCS,2023,full year (per-game derived),Cloud9,Middle,9,-11.257,-1.2508,-1.644
APA,Americas,LCS,2023,full year (per-game derived),Team Liquid,Middle,30,-11.649,-0.3883,-5.114
Nukeduck,Americas,LCS,2023,full year (per-game derived),100 Thieves,Middle,3,-13.224,-4.408,-0.146
Spirax,Americas,LCS,2023,full year (per-game derived),FlyQuest,Middle,1,-13.979,-13.979,0.634
Ablazeolive,Americas,LCS,2023,full year (per-game derived),Immortals,Middle,11,-16.338,-1.4853,-3.409
Ruby,Americas,LCS,2023,full year (per-game derived),TSM,Middle,3,-21.027,-7.009,-0.824
FBI,Americas,LCS,2023,full year (per-game derived),Evil Geniuses,ADC,25,21.145,0.8458,11.758
Doublelift,Americas,LCS,2023,full year (per-game derived),100 Thieves,ADC,51,19.984,0.3918,13.997
Berserker,Americas,LCS,2023,full year (per-game derived),Cloud9,ADC,59,18.351,0.311,13.462
UNF0RGIVEN,Americas,LCS,2023,full year (per-game derived),Evil Geniuses,ADC,30,17.476,0.5825,10.732
FBI,Americas,LCS,2023,full year (per-game derived),NRG,ADC,38,9.284,0.2443,7.033
Prince,Americas,LCS,2023,full year (per-game derived),FlyQuest,ADC,48,8.077,0.1683,6.588
Stixxay,Americas,LCS,2023,full year (per-game derived),Golden Guardians,ADC,66,4.527,0.0686,4.461
Yeon,Americas,LCS,2023,full year (per-game derived),Team Liquid,ADC,58,4.12,0.071,4.192
Tactical,Americas,LCS,2023,full year (per-game derived),Immortals,ADC,36,3.24,0.09,3.746
Luger,Americas,LCS,2023,full year (per-game derived),NRG,ADC,26,0.0,0.0,2.371
Tomo,Americas,LCS,2023,full year (per-game derived),Dignitas,ADC,36,-1.699,-0.0472,1.115
WildTurtle,Americas,LCS,2023,full year (per-game derived),TSM,ADC,35,-9.853,-0.2815,-3.13
Neo,Americas,LCS,2023,full year (per-game derived),TSM,ADC,11,-32.078,-2.9162,-5.083
Spawn,Americas,LCS,2023,full year (per-game derived),Dignitas,ADC,9,-63.221,-7.0246,-10.661
Ignar,Americas,LCS,2023,full year (per-game derived),NRG,Support,38,46.481,1.2232,28.928
Fleshy,Americas,LCS,2023,full year (per-game derived),Immortals,Support,18,39.325,2.1847,19.247
huhi,Americas,LCS,2023,full year (per-game derived),Golden Guardians,Support,66,28.225,0.4277,21.616
Vulcan,Americas,LCS,2023,full year (per-game derived),Evil Geniuses,Support,25,27.237,1.0895,16.389
Zven,Americas,LCS,2023,full year (per-game derived),Cloud9,Support,59,25.294,0.4287,19.196
Chime,Americas,LCS,2023,full year (per-game derived),TSM,Support,46,25.278,0.5495,18.164
CoreJJ,Americas,LCS,2023,full year (per-game derived),Team Liquid,Support,58,22.155,0.382,17.095
Vulcan,Americas,LCS,2023,full year (per-game derived),FlyQuest,Support,18,12.563,0.6979,9.529
Eyla,Americas,LCS,2023,full year (per-game derived),Evil Geniuses,Support,30,9.356,0.3119,8.557
Busio,Americas,LCS,2023,full year (per-game derived),100 Thieves,Support,51,6.241,0.1224,6.836
Winsome,Americas,LCS,2023,full year (per-game derived),FlyQuest,Support,14,5.111,0.3651,6.973
Ignar,Americas,LCS,2023,full year (per-game derived),Dignitas,Support,12,1.256,0.1047,5.996
Treatz,Americas,LCS,2023,full year (per-game derived),Immortals,Support,18,0.0,0.0,4.967
Eyla,Americas,LCS,2023,full year (per-game derived),FlyQuest,Support,16,-5.546,-0.3466,3.31
Poome,Americas,LCS,2023,full year (per-game derived),NRG,Support,26,-5.723,-0.2201,1.692
Poome,Americas,LCS,2023,full year (per-game derived),Dignitas,Support,15,-6.482,-0.4321,3.199
Diamond,Americas,LCS,2023,full year (per-game derived),Dignitas,Support,12,-16.948,-1.4123,0.982
Biofrost,Americas,LCS,2023,full year (per-game derived),Dignitas,Support,6,-21.434,-3.5723,3.13
Impact,Americas,LCS,2024,full year (per-game derived),Team Liquid,Top,62,53.851,0.8686,42.511
Castle,Americas,LCS,2024,full year (per-game derived),Immortals,Top,29,44.655,1.5398,28.225
Rich,Americas,LCS,2024,full year (per-game derived),Dignitas,Top,18,34.012,1.8896,25.814
Thanatos,Americas,LCS,2024,full year (per-game derived),Cloud9,Top,24,26.116,1.0882,18.74
Bwipo,Americas,LCS,2024,full year (per-game derived),FlyQuest,Top,64,14.501,0.2266,14.049
Fudge,Americas,LCS,2024,full year (per-game derived),Cloud9,Top,23,11.763,0.5114,18.293
Sniper,Americas,LCS,2024,full year (per-game derived),100 Thieves,Top,60,3.026,0.0504,5.526
FakeGod,Americas,LCS,2024,full year (per-game derived),Shopify Rebellion,Top,30,-1.009,-0.0336,9.91
Dhokla,Americas,LCS,2024,full year (per-game derived),NRG,Top,44,-5.362,-0.1219,2.522
Licorice,Americas,LCS,2024,full year (per-game derived),Dignitas,Top,30,-21.0,-0.7,10.062
Blaber,Americas,LCS,2024,full year (per-game derived),Cloud9,Jungle,47,29.545,0.6286,21.292
Spica,Americas,LCS,2024,full year (per-game derived),Dignitas,Jungle,30,27.816,0.9272,16.544
River,Americas,LCS,2024,full year (per-game derived),100 Thieves,Jungle,60,22.62,0.377,16.894
Inspired,Americas,LCS,2024,full year (per-game derived),FlyQuest,Jungle,64,8.763,0.1369,7.295
Bugi,Americas,LCS,2024,full year (per-game derived),Shopify Rebellion,Jungle,24,5.917,0.2465,4.552
eXyu,Americas,LCS,2024,full year (per-game derived),Dignitas,Jungle,18,2.996,0.1664,5.444
Tomio,Americas,LCS,2024,full year (per-game derived),Shopify Rebellion,Jungle,6,2.334,0.389,8.226
Contractz,Americas,LCS,2024,full year (per-game derived),NRG,Jungle,44,0.0,0.0,2.016
UmTi,Americas,LCS,2024,full year (per-game derived),Team Liquid,Jungle,62,-3.436,-0.0554,-0.773
Armao,Americas,LCS,2024,full year (per-game derived),Immortals,Jungle,29,-22.227,-0.7664,-8.568
Quid,Americas,LCS,2024,full year (per-game derived),100 Thieves,Middle,60,44.785,0.7464,34.652
Quad,Americas,LCS,2024,full year (per-game derived),FlyQuest,Middle,38,33.721,0.8874,27.94
Jojopyun,Americas,LCS,2024,full year (per-game derived),Cloud9,Middle,47,28.108,0.598,22.26
Jensen,Americas,LCS,2024,full year (per-game derived),FlyQuest,Middle,26,25.707,0.9887,20.063
Jensen,Americas,LCS,2024,full year (per-game derived),Dignitas,Middle,30,22.447,0.7482,19.118
Mask,Americas,LCS,2024,full year (per-game derived),Immortals,Middle,29,19.517,0.673,20.281
APA,Americas,LCS,2024,full year (per-game derived),Team Liquid,Middle,62,14.241,0.2297,13.769
Dove,Americas,LCS,2024,full year (per-game derived),Dignitas,Middle,18,-4.747,-0.2637,11.639
Palafox,Americas,LCS,2024,full year (per-game derived),NRG,Middle,44,-6.674,-0.1517,4.902
Insanity,Americas,LCS,2024,full year (per-game derived),Shopify Rebellion,Middle,30,-13.446,-0.4482,4.773
WildTurtle,Americas,LCS,2024,full year (per-game derived),Shopify Rebellion,ADC,2,38.71,19.355,4.745
Tomo,Americas,LCS,2024,full year (per-game derived),Dignitas,ADC,18,23.703,1.3168,12.019
Yeon,Americas,LCS,2024,full year (per-game derived),Team Liquid,ADC,62,14.55,0.2347,11.116
Berserker,Americas,LCS,2024,full year (per-game derived),Cloud9,ADC,47,10.623,0.226,12.065
Zven,Americas,LCS,2024,full year (per-game derived),Dignitas,ADC,30,9.929,0.331,9.715
Bvoy,Americas,LCS,2024,full year (per-game derived),Shopify Rebellion,ADC,28,9.512,0.3397,16.443
FBI,Americas,LCS,2024,full year (per-game derived),NRG,ADC,44,3.122,0.071,7.724
Tomo,Americas,LCS,2024,full year (per-game derived),100 Thieves,ADC,23,1.297,0.0564,5.599
Tactical,Americas,LCS,2024,full year (per-game derived),Immortals,ADC,29,-0.432,-0.0149,4.461
Massu,Americas,LCS,2024,full year (per-game derived),FlyQuest,ADC,64,-5.895,-0.0921,2.305
Meech,Americas,LCS,2024,full year (per-game derived),100 Thieves,ADC,37,-29.523,-0.7979,-5.105
huhi,Americas,LCS,2024,full year (per-game derived),NRG,Support,44,26.949,0.6125,21.227
Olleh,Americas,LCS,2024,full year (per-game derived),Immortals,Support,29,13.595,0.4688,10.365
Eyla,Americas,LCS,2024,full year (per-game derived),100 Thieves,Support,60,10.6,0.1767,9.029
Vulcan,Americas,LCS,2024,full year (per-game derived),Cloud9,Support,47,10.087,0.2146,11.123
CoreJJ,Americas,LCS,2024,full year (per-game derived),Team Liquid,Support,62,4.708,0.0759,8.902
Busio,Americas,LCS,2024,full year (per-game derived),FlyQuest,Support,64,0.054,0.0008,3.141
Isles,Americas,LCS,2024,full year (per-game derived),Dignitas,Support,48,-0.162,-0.0034,2.837
Zeyzal,Americas,LCS,2024,full year (per-game derived),Shopify Rebellion,Support,30,-22.63,-0.7543,0.971
Bwipo,Americas,LCS,2025,full year (per-game derived),FlyQuest,Top,52,50.109,0.9636,29.699
Castle,Americas,LCS,2025,full year (per-game derived),Disguised,Top,37,30.436,0.8226,23.818
Thanatos,Americas,LCS,2025,full year (per-game derived),Cloud9,Top,59,25.327,0.4293,20.069
Srtty,Americas,LCS,2025,full year (per-game derived),LYON,Top,9,22.047,2.4497,20.717
Impact,Americas,LCS,2025,full year (per-game derived),Team Liquid,Top,47,18.028,0.3836,26.276
Fudge,Americas,LCS,2025,full year (per-game derived),Shopify Rebellion,Top,58,17.001,0.2931,15.664
Dhokla,Americas,LCS,2025,full year (per-game derived),100 Thieves,Top,22,8.404,0.382,4.693
Srtty,Americas,LCS,2025,full year (per-game derived),Dignitas,Top,28,3.498,0.1249,14.396
Licorice,Americas,LCS,2025,full year (per-game derived),LYON,Top,22,-1.166,-0.053,6.829
Photon,Americas,LCS,2025,full year (per-game derived),Dignitas,Top,11,-1.961,-0.1783,5.726
Sniper,Americas,LCS,2025,full year (per-game derived),100 Thieves,Top,29,-4.252,-0.1466,2.118
Bejjaniii,Americas,LCS,2025,full year (per-game derived),LYON,Top,2,-9.244,-4.622,6.781
Gakgos,Americas,LCS,2025,full year (per-game derived),FlyQuest,Top,2,-14.399,-7.1995,7.045
Blaber,Americas,LCS,2025,full year (per-game derived),Cloud9,Jungle,59,22.148,0.3754,18.776
Inspired,Americas,LCS,2025,full year (per-game derived),FlyQuest,Jungle,54,13.883,0.2571,9.453
River,Americas,LCS,2025,full year (per-game derived),100 Thieves,Jungle,51,9.744,0.1911,11.499
Oddielan,Americas,LCS,2025,full year (per-game derived),LYON,Jungle,33,4.003,0.1213,3.437
UmTi,Americas,LCS,2025,full year (per-game derived),Team Liquid,Jungle,22,3.954,0.1797,1.169
Yuuji,Americas,LCS,2025,full year (per-game derived),Team Liquid,Jungle,25,1.737,0.0695,4.267
Sheiden,Americas,LCS,2025,full year (per-game derived),Dignitas,Jungle,37,0.0,0.0,1.094
Lira,Americas,LCS,2025,full year (per-game derived),Dignitas,Jungle,2,-3.303,-1.6515,2.479
eXyu,Americas,LCS,2025,full year (per-game derived),Disguised,Jungle,37,-6.652,-0.1798,-0.842
Contractz,Americas,LCS,2025,full year (per-game derived),Shopify Rebellion,Jungle,58,-11.66,-0.201,-4.625
Quid,Americas,LCS,2025,full year (per-game derived),100 Thieves,Middle,51,42.011,0.8237,30.062
Saint,Americas,LCS,2025,full year (per-game derived),LYON,Middle,33,24.417,0.7399,13.348
Quad,Americas,LCS,2025,full year (per-game derived),FlyQuest,Middle,54,11.31,0.2094,12.746
Keine,Americas,LCS,2025,full year (per-game derived),Dignitas,Middle,39,11.081,0.2841,6.919
Abbedagge,Americas,LCS,2025,full year (per-game derived),Disguised,Middle,20,1.777,0.0888,1.777
APA,Americas,LCS,2025,full year (per-game derived),Team Liquid,Middle,47,0.924,0.0197,3.5
DARKWINGS,Americas,LCS,2025,full year (per-game derived),Disguised,Middle,17,0.0,0.0,4.216
Loki,Americas,LCS,2025,full year (per-game derived),Cloud9,Middle,59,-0.446,-0.0076,0.329
Palafox,Americas,LCS,2025,full year (per-game derived),Shopify Rebellion,Middle,58,-17.331,-0.2988,-8.36
Rahel,Americas,LCS,2025,full year (per-game derived),Disguised,ADC,17,42.032,2.4725,27.724
Yeon,Americas,LCS,2025,full year (per-game derived),Team Liquid,ADC,47,41.585,0.8848,26.051
Zven,Americas,LCS,2025,full year (per-game derived),Cloud9,ADC,59,27.309,0.4629,23.032
Hena,Americas,LCS,2025,full year (per-game derived),LYON,ADC,33,20.572,0.6234,20.301
Bvoy,Americas,LCS,2025,full year (per-game derived),Shopify Rebellion,ADC,58,20.018,0.3451,20.625
FBI,Americas,LCS,2025,full year (per-game derived),100 Thieves,ADC,51,19.534,0.383,17.009
Massu,Americas,LCS,2025,full year (per-game derived),FlyQuest,ADC,54,0.0,0.0,5.407
ScaryJerry,Americas,LCS,2025,full year (per-game derived),Disguised,ADC,20,-5.065,-0.2533,11.347
Tomo,Americas,LCS,2025,full year (per-game derived),Dignitas,ADC,39,-8.929,-0.2289,6.071
Lyonz,Americas,LCS,2025,full year (per-game derived),LYON,Support,33,19.744,0.5983,12.452
CoreJJ,Americas,LCS,2025,full year (per-game derived),Team Liquid,Support,47,8.562,0.1822,8.077
huhi,Americas,LCS,2025,full year (per-game derived),Disguised,Support,37,7.469,0.2019,12.838
Busio,Americas,LCS,2025,full year (per-game derived),FlyQuest,Support,54,5.603,0.1038,4.285
Eyla,Americas,LCS,2025,full year (per-game derived),100 Thieves,Support,51,4.829,0.0947,6.301
Vulcan,Americas,LCS,2025,full year (per-game derived),Cloud9,Support,59,4.599,0.0779,6.554
Isles,Americas,LCS,2025,full year (per-game derived),Dignitas,Support,39,-13.797,-0.3538,-4.331
Ceos,Americas,LCS,2025,full year (per-game derived),Shopify Rebellion,Support,51,-18.951,-0.3716,-9.328
Zeyzal,Americas,LCS,2025,full year (per-game derived),Shopify Rebellion,Support,7,-44.536,-6.3623,-4.063
Srtty,Americas,LCS,2026,full year (per-game derived),Disguised,Top,4,63.331,15.8328,12.766
Castle,Americas,LCS,2026,full year (per-game derived),Disguised,Top,28,40.86,1.4593,25.855
Thanatos,Americas,LCS,2026,full year (per-game derived),Cloud9,Top,46,24.674,0.5364,19.603
Morgan,Americas,LCS,2026,full year (per-game derived),Team Liquid,Top,51,13.474,0.2642,10.978
Dhokla,Americas,LCS,2026,full year (per-game derived),LYON,Top,48,10.564,0.2201,7.75
Impact,Americas,LCS,2026,full year (per-game derived),Sentinels,Top,41,3.325,0.0811,13.128
Gakgos,Americas,LCS,2026,full year (per-game derived),FlyQuest,Top,45,2.409,0.0535,4.086
Castle,Americas,LCS,2026,full year (per-game derived),LYON,Top,3,-4.862,-1.6207,16.569
Photon,Americas,LCS,2026,full year (per-game derived),Dignitas,Top,24,-7.228,-0.3012,0.619
Fudge,Americas,LCS,2026,full year (per-game derived),Shopify Rebellion,Top,24,-8.429,-0.3512,5.583
Josedeodo,Americas,LCS,2026,full year (per-game derived),Team Liquid,Jungle,51,27.149,0.5323,20.679
Blaber,Americas,LCS,2026,full year (per-game derived),Cloud9,Jungle,46,24.598,0.5347,18.136
Inspired,Americas,LCS,2026,full year (per-game derived),LYON,Jungle,51,12.6,0.2471,9.643
HamBak,Americas,LCS,2026,full year (per-game derived),Sentinels,Jungle,41,4.464,0.1089,3.533
Contractz,Americas,LCS,2026,full year (per-game derived),Shopify Rebellion,Jungle,24,2.323,0.0968,-1.615
Gryffinn,Americas,LCS,2026,full year (per-game derived),FlyQuest,Jungle,45,1.702,0.0378,1.914
KryRa,Americas,LCS,2026,full year (per-game derived),Disguised,Jungle,26,-5.106,-0.1964,-0.229
eXyu,Americas,LCS,2026,full year (per-game derived),Dignitas,Jungle,24,-7.028,-0.2928,-2.474
Kisno,Americas,LCS,2026,full year (per-game derived),Disguised,Jungle,6,-27.996,-4.666,1.236
Quad,Americas,LCS,2026,full year (per-game derived),FlyQuest,Middle,45,29.78,0.6618,19.835
Quid,Americas,LCS,2026,full year (per-game derived),Team Liquid,Middle,51,27.173,0.5328,26.421
Callme,Americas,LCS,2026,full year (per-game derived),Disguised,Middle,32,26.465,0.827,17.369
APA,Americas,LCS,2026,full year (per-game derived),Cloud9,Middle,46,11.1,0.2413,8.843
Saint,Americas,LCS,2026,full year (per-game derived),LYON,Middle,51,5.198,0.1019,8.82
Palafox,Americas,LCS,2026,full year (per-game derived),Dignitas,Middle,24,0.349,0.0145,-2.229
DARKWINGS,Americas,LCS,2026,full year (per-game derived),Sentinels,Middle,41,-1.046,-0.0255,5.354
Zinie,Americas,LCS,2026,full year (per-game derived),Shopify Rebellion,Middle,24,-9.548,-0.3978,0.506
Berserker,Americas,LCS,2026,full year (per-game derived),LYON,ADC,51,21.694,0.4254,15.718
FBI,Americas,LCS,2026,full year (per-game derived),Dignitas,ADC,22,17.47,0.7941,12.682
Bvoy,Americas,LCS,2026,full year (per-game derived),Shopify Rebellion,ADC,24,17.427,0.7261,13.93
Rahel,Americas,LCS,2026,full year (per-game derived),Sentinels,ADC,41,8.343,0.2035,10.926
Zven,Americas,LCS,2026,full year (per-game derived),Cloud9,ADC,46,7.581,0.1648,12.057
Massu,Americas,LCS,2026,full year (per-game derived),FlyQuest,ADC,45,1.163,0.0258,1.948
Yeon,Americas,LCS,2026,full year (per-game derived),Team Liquid,ADC,51,-3.489,-0.0684,8.997
sajed,Americas,LCS,2026,full year (per-game derived),Disguised,ADC,32,-18.308,-0.5721,-1.075
Mobility,Americas,LCS,2026,full year (per-game derived),Dignitas,ADC,2,-30.369,-15.1845,7.531
Cryogen,Americas,LCS,2026,full year (per-game derived),FlyQuest,Support,45,38.147,0.8477,25.652
huhi,Americas,LCS,2026,full year (per-game derived),Sentinels,Support,41,28.657,0.699,18.8
CoreJJ,Americas,LCS,2026,full year (per-game derived),Team Liquid,Support,51,22.795,0.447,14.654
Isles,Americas,LCS,2026,full year (per-game derived),LYON,Support,51,22.509,0.4414,11.288
Breezy,Americas,LCS,2026,full year (per-game derived),Dignitas,Support,2,9.038,4.519,10.558
Vulcan,Americas,LCS,2026,full year (per-game derived),Cloud9,Support,46,8.065,0.1753,7.775
Lyonz,Americas,LCS,2026,full year (per-game derived),Disguised,Support,32,0.76,0.0238,7.428
Ignar,Americas,LCS,2026,full year (per-game derived),Dignitas,Support,22,-2.28,-0.1036,4.39
Ceos,Americas,LCS,2026,full year (per-game derived),Shopify Rebellion,Support,24,-31.298,-1.3041,-11.522
Guigo,Americas,CBLOL,2023,full year (per-game derived),Vivo Keyd Stars,Top,45,42.902,0.9534,28.068
Robo,Americas,CBLOL,2023,full year (per-game derived),LOUD,Top,58,27.209,0.4691,20.059
Wizer,Americas,CBLOL,2023,full year (per-game derived),paiN Gaming,Top,66,23.01,0.3486,17.805
Lonely,Americas,CBLOL,2023,full year (per-game derived),KaBuM! Esports,Top,36,19.783,0.5495,13.774
Zzk,Americas,CBLOL,2023,full year (per-game derived),INTZ,Top,47,18.864,0.4014,14.066
Boal,Americas,CBLOL,2023,full year (per-game derived),LØS,Top,6,13.25,2.2083,7.933
Kiari,Americas,CBLOL,2023,full year (per-game derived),Liberty,Top,32,12.039,0.3762,9.498
Boal,Americas,CBLOL,2023,full year (per-game derived),RED Canids,Top,26,6.922,0.2662,6.922
HiRit,Americas,CBLOL,2023,full year (per-game derived),LØS,Top,30,6.052,0.2017,6.498
fNb,Americas,CBLOL,2023,full year (per-game derived),RED Canids,Top,31,5.063,0.1633,6.001
fNb,Americas,CBLOL,2023,full year (per-game derived),FURIA,Top,29,0.0,0.0,3.608
Hidan,Americas,CBLOL,2023,full year (per-game derived),LØS,Top,12,-9.854,-0.8212,2.301
Betão,Americas,CBLOL,2023,full year (per-game derived),FURIA,Top,18,-16.189,-0.8994,-1.471
Tay,Americas,CBLOL,2023,full year (per-game derived),Fluxo,Top,44,-25.662,-0.5832,-12.05
SkB,Americas,CBLOL,2023,full year (per-game derived),Liberty,Top,4,-28.497,-7.1242,2.939
Yampi,Americas,CBLOL,2023,full year (per-game derived),INTZ,Jungle,47,35.528,0.7559,23.343
Accez,Americas,CBLOL,2023,full year (per-game derived),Liberty,Jungle,32,25.548,0.7984,15.444
Hugato,Americas,CBLOL,2023,full year (per-game derived),Vivo Keyd Stars,Jungle,6,19.871,3.3118,7.545
Croc,Americas,CBLOL,2023,full year (per-game derived),LOUD,Jungle,58,17.214,0.2968,12.98
Disamis,Americas,CBLOL,2023,full year (per-game derived),Fluxo,Jungle,44,16.608,0.3775,11.843
Ranger,Americas,CBLOL,2023,full year (per-game derived),LØS,Jungle,30,12.797,0.4266,8.903
Trick,Americas,CBLOL,2023,full year (per-game derived),LØS,Jungle,4,10.846,2.7115,5.837
Goot,Americas,CBLOL,2023,full year (per-game derived),FURIA,Jungle,47,7.32,0.1557,6.469
Drakehero,Americas,CBLOL,2023,full year (per-game derived),Liberty,Jungle,4,5.202,1.3005,5.202
Grell,Americas,CBLOL,2023,full year (per-game derived),Vivo Keyd Stars,Jungle,37,2.987,0.0807,4.007
enel1,Americas,CBLOL,2023,full year (per-game derived),LØS,Jungle,14,2.434,0.1739,4.352
Aegis,Americas,CBLOL,2023,full year (per-game derived),RED Canids,Jungle,57,0.937,0.0164,2.457
Samkz,Americas,CBLOL,2023,full year (per-game derived),KaBuM! Esports,Jungle,2,-2.181,-1.0905,4.762
SCARY,Americas,CBLOL,2023,full year (per-game derived),KaBuM! Esports,Jungle,24,-2.811,-0.1171,1.741
CarioK,Americas,CBLOL,2023,full year (per-game derived),paiN Gaming,Jungle,66,-2.882,-0.0437,-0.266
Sting,Americas,CBLOL,2023,full year (per-game derived),Vivo Keyd Stars,Jungle,2,-5.823,-2.9115,4.545
Flawless,Americas,CBLOL,2023,full year (per-game derived),KaBuM! Esports,Jungle,10,-8.316,-0.8316,1.95
Lava,Americas,CBLOL,2023,full year (per-game derived),LØS,Middle,48,48.635,1.0132,34.563
tinowns,Americas,CBLOL,2023,full year (per-game derived),LOUD,Middle,58,32.502,0.5604,25.687
Tutsz,Americas,CBLOL,2023,full year (per-game derived),FURIA,Middle,18,31.874,1.7708,19.96
Hauz,Americas,CBLOL,2023,full year (per-game derived),Fluxo,Middle,44,20.768,0.472,17.593
dyNquedo,Americas,CBLOL,2023,full year (per-game derived),paiN Gaming,Middle,66,20.302,0.3076,17.993
Envy,Americas,CBLOL,2023,full year (per-game derived),FURIA,Middle,29,18.542,0.6394,15.741
Avenger,Americas,CBLOL,2023,full year (per-game derived),Liberty,Middle,14,15.311,1.0936,13.826
Yuri,Americas,CBLOL,2023,full year (per-game derived),KaBuM! Esports,Middle,18,11.023,0.6124,12.388
Krastyel,Americas,CBLOL,2023,full year (per-game derived),KaBuM! Esports,Middle,18,3.288,0.1827,9.58
Envy,Americas,CBLOL,2023,full year (per-game derived),RED Canids,Middle,31,1.57,0.0506,7.421
Pilot,Americas,CBLOL,2023,full year (per-game derived),Liberty,Middle,22,-0.523,-0.0238,7.545
NOsFerus,Americas,CBLOL,2023,full year (per-game derived),INTZ,Middle,47,-0.92,-0.0196,4.74
Grevthar,Americas,CBLOL,2023,full year (per-game derived),Vivo Keyd Stars,Middle,45,-1.995,-0.0443,4.256
Avenger,Americas,CBLOL,2023,full year (per-game derived),RED Canids,Middle,26,-13.523,-0.5201,1.113
Bvoy,Americas,CBLOL,2023,full year (per-game derived),paiN Gaming,ADC,66,47.721,0.723,39.093
Route,Americas,CBLOL,2023,full year (per-game derived),LOUD,ADC,58,36.879,0.6358,31.302
Brance,Americas,CBLOL,2023,full year (per-game derived),Fluxo,ADC,44,35.039,0.7963,29.197
Netuno,Americas,CBLOL,2023,full year (per-game derived),LØS,ADC,48,29.575,0.6161,26.194
NinjaKiwi,Americas,CBLOL,2023,full year (per-game derived),INTZ,ADC,47,22.869,0.4866,22.14
Trigo,Americas,CBLOL,2023,full year (per-game derived),Vivo Keyd Stars,ADC,27,22.507,0.8336,21.724
TitaN,Americas,CBLOL,2023,full year (per-game derived),RED Canids,ADC,57,21.348,0.3745,21.243
Reaper,Americas,CBLOL,2023,full year (per-game derived),Liberty,ADC,4,21.054,5.2635,21.054
micaO,Americas,CBLOL,2023,full year (per-game derived),Vivo Keyd Stars,ADC,6,16.714,2.7857,20.361
Ayu,Americas,CBLOL,2023,full year (per-game derived),FURIA,ADC,18,14.383,0.7991,18.631
Juliera,Americas,CBLOL,2023,full year (per-game derived),Liberty,ADC,32,11.76,0.3675,16.375
RAV3N,Americas,CBLOL,2023,full year (per-game derived),KaBuM! Esports,ADC,24,0.0,0.0,11.961
Trigo,Americas,CBLOL,2023,full year (per-game derived),FURIA,ADC,29,-7.777,-0.2682,7.25
DudsTheBoy,Americas,CBLOL,2023,full year (per-game derived),KaBuM! Esports,ADC,12,-9.056,-0.7547,12.761
ST3PZ,Americas,CBLOL,2023,full year (per-game derived),Vivo Keyd Stars,ADC,12,-24.87,-2.0725,8.405
Guigs,Americas,CBLOL,2023,full year (per-game derived),KaBuM! Esports,Support,6,30.754,5.1257,12.287
ProDelta,Americas,CBLOL,2023,full year (per-game derived),paiN Gaming,Support,33,29.955,0.9077,19.601
frosty,Americas,CBLOL,2023,full year (per-game derived),RED Canids,Support,31,23.806,0.7679,16.224
Bounty,Americas,CBLOL,2023,full year (per-game derived),Vivo Keyd Stars,Support,6,16.251,2.7085,9.971
zay,Americas,CBLOL,2023,full year (per-game derived),LØS,Support,30,15.745,0.5248,12.173
Cavalo,Americas,CBLOL,2023,full year (per-game derived),Liberty,Support,22,13.804,0.6275,10.842
JoJo,Americas,CBLOL,2023,full year (per-game derived),Fluxo,Support,44,13.108,0.2979,11.299
Kuri,Americas,CBLOL,2023,full year (per-game derived),RED Canids,Support,10,10.821,1.0821,9.269
Ceos,Americas,CBLOL,2023,full year (per-game derived),LOUD,Support,58,9.442,0.1628,9.208
zay,Americas,CBLOL,2023,full year (per-game derived),FURIA,Support,18,9.44,0.5244,9.018
Ayu,Americas,CBLOL,2023,full year (per-game derived),FURIA,Support,21,8.938,0.4256,8.842
scuro,Americas,CBLOL,2023,full year (per-game derived),KaBuM! Esports,Support,12,8.617,0.7181,8.733
Wos,Americas,CBLOL,2023,full year (per-game derived),Liberty,Support,13,6.304,0.4849,8.056
Nia,Americas,CBLOL,2023,full year (per-game derived),INTZ,Support,47,5.854,0.1246,7.029
Damage,Americas,CBLOL,2023,full year (per-game derived),Vivo Keyd Stars,Support,27,2.533,0.0938,5.899
Ranger,Americas,CBLOL,2023,full year (per-game derived),LØS,Support,18,-0.844,-0.0469,5.284
RedBert,Americas,CBLOL,2023,full year (per-game derived),FURIA,Support,8,-4.434,-0.5542,6.106
scamber,Americas,CBLOL,2023,full year (per-game derived),RED Canids,Support,16,-5.533,-0.3458,3.964
Krastyel,Americas,CBLOL,2023,full year (per-game derived),Vivo Keyd Stars,Support,12,-6.921,-0.5768,4.454
RedBert,Americas,CBLOL,2023,full year (per-game derived),KaBuM! Esports,Support,18,-11.968,-0.6649,1.244
Damage,Americas,CBLOL,2023,full year (per-game derived),paiN Gaming,Support,33,-13.541,-0.4103,-2.629
Momochi,Americas,CBLOL,2023,full year (per-game derived),Liberty,Support,1,-56.056,-56.056,6.787
fNb,Americas,CBLOL,2024,full year (per-game derived),RED Canids,Top,64,36.48,0.57,25.001
Destroy,Americas,CBLOL,2024,full year (per-game derived),FURIA,Top,10,35.215,3.5215,19.22
Guigo,Americas,CBLOL,2024,full year (per-game derived),Vivo Keyd Stars,Top,71,28.458,0.4008,26.869
Makes,Americas,CBLOL,2024,full year (per-game derived),Liberty,Top,36,24.819,0.6894,19.836
Wizer,Americas,CBLOL,2024,full year (per-game derived),paiN Gaming,Top,69,23.342,0.3383,20.988
Robo,Americas,CBLOL,2024,full year (per-game derived),LOUD,Top,64,20.971,0.3277,20.377
SuperCleber,Americas,CBLOL,2024,full year (per-game derived),Los Grandes,Top,44,16.764,0.381,15.673
Kiari,Americas,CBLOL,2024,full year (per-game derived),Fluxo,Top,44,14.153,0.3217,13.847
Yupps,Americas,CBLOL,2024,full year (per-game derived),INTZ,Top,18,0.342,0.019,9.138
Lonely,Americas,CBLOL,2024,full year (per-game derived),KaBuM! Esports,Top,38,-1.025,-0.027,8.25
Betão,Americas,CBLOL,2024,full year (per-game derived),KaBuM! Esports,Top,6,-2.523,-0.4205,7.038
Zzk,Americas,CBLOL,2024,full year (per-game derived),FURIA,Top,35,-6.895,-0.197,6.561
Tay,Americas,CBLOL,2024,full year (per-game derived),INTZ,Top,18,-21.535,-1.1964,-5.844
xyno,Americas,CBLOL,2024,full year (per-game derived),FURIA,Top,8,-23.18,-2.8975,6.605
Forlin,Americas,CBLOL,2024,full year (per-game derived),Fluxo,Top,1,-60.762,-60.762,11.853
Drakehero,Americas,CBLOL,2024,full year (per-game derived),Liberty,Jungle,24,45.833,1.9097,23.241
Disamis,Americas,CBLOL,2024,full year (per-game derived),Vivo Keyd Stars,Jungle,71,21.971,0.3095,17.247
Shini,Americas,CBLOL,2024,full year (per-game derived),Fluxo,Jungle,27,21.956,0.8132,13.884
Seize,Americas,CBLOL,2024,full year (per-game derived),Los Grandes,Jungle,44,18.214,0.414,13.521
Sting,Americas,CBLOL,2024,full year (per-game derived),Fluxo,Jungle,18,13.188,0.7327,8.995
Mir,Americas,CBLOL,2024,full year (per-game derived),FURIA,Jungle,10,12.013,1.2013,17.007
Yampi,Americas,CBLOL,2024,full year (per-game derived),INTZ,Jungle,36,11.963,0.3323,15.271
Malrang,Americas,CBLOL,2024,full year (per-game derived),KaBuM! Esports,Jungle,29,6.98,0.2407,6.98
SCARY,Americas,CBLOL,2024,full year (per-game derived),KaBuM! Esports,Jungle,15,0.93,0.062,3.691
Wiz,Americas,CBLOL,2024,full year (per-game derived),FURIA,Jungle,35,0.779,0.0223,3.72
CarioK,Americas,CBLOL,2024,full year (per-game derived),paiN Gaming,Jungle,69,-0.26,-0.0038,0.995
Levizin,Americas,CBLOL,2024,full year (per-game derived),Liberty,Jungle,12,-0.658,-0.0548,4.876
Croc,Americas,CBLOL,2024,full year (per-game derived),LOUD,Jungle,64,-0.673,-0.0105,4.855
StineR,Americas,CBLOL,2024,full year (per-game derived),FURIA,Jungle,8,-15.909,-1.9886,2.352
Aegis,Americas,CBLOL,2024,full year (per-game derived),RED Canids,Jungle,64,-21.171,-0.3308,-9.405
Pilot,Americas,CBLOL,2024,full year (per-game derived),Liberty,Middle,36,19.6,0.5444,12.422
Toucouille,Americas,CBLOL,2024,full year (per-game derived),Vivo Keyd Stars,Middle,8,16.918,2.1148,9.68
Tutsz,Americas,CBLOL,2024,full year (per-game derived),FURIA,Middle,53,14.154,0.2671,13.374
Hauz,Americas,CBLOL,2024,full year (per-game derived),KaBuM! Esports,Middle,44,12.015,0.2731,12.256
tinowns,Americas,CBLOL,2024,full year (per-game derived),LOUD,Middle,64,11.502,0.1797,14.632
Fuuu,Americas,CBLOL,2024,full year (per-game derived),Fluxo,Middle,45,11.359,0.2524,9.91
Leleko,Americas,CBLOL,2024,full year (per-game derived),Vivo Keyd Stars,Middle,63,4.332,0.0688,5.505
Envy,Americas,CBLOL,2024,full year (per-game derived),Los Grandes,Middle,44,3.835,0.0872,6.868
dyNquedo,Americas,CBLOL,2024,full year (per-game derived),paiN Gaming,Middle,69,0.237,0.0034,6.301
Dioge,Americas,CBLOL,2024,full year (per-game derived),INTZ,Middle,18,-0.237,-0.0132,4.91
Aithusa,Americas,CBLOL,2024,full year (per-game derived),INTZ,Middle,18,-19.78,-1.0989,-2.186
Grevthar,Americas,CBLOL,2024,full year (per-game derived),RED Canids,Middle,64,-47.644,-0.7444,-24.985
Ayu,Americas,CBLOL,2024,full year (per-game derived),FURIA,ADC,53,49.296,0.9301,34.219
NinjaKiwi,Americas,CBLOL,2024,full year (per-game derived),INTZ,ADC,36,43.8,1.2167,28.144
Smiley,Americas,CBLOL,2024,full year (per-game derived),Vivo Keyd Stars,ADC,71,26.248,0.3697,22.303
TitaN,Americas,CBLOL,2024,full year (per-game derived),paiN Gaming,ADC,69,24.965,0.3618,21.345
Brance,Americas,CBLOL,2024,full year (per-game derived),RED Canids,ADC,64,21.732,0.3396,21.486
Kojima,Americas,CBLOL,2024,full year (per-game derived),Fluxo,ADC,18,13.701,0.7612,13.528
Route,Americas,CBLOL,2024,full year (per-game derived),LOUD,ADC,64,13.43,0.2098,18.011
Netuno,Americas,CBLOL,2024,full year (per-game derived),KaBuM! Esports,ADC,44,5.394,0.1226,12.97
brTT,Americas,CBLOL,2024,full year (per-game derived),Los Grandes,ADC,18,3.963,0.2202,9.992
Trigo,Americas,CBLOL,2024,full year (per-game derived),Fluxo,ADC,27,0.0,0.0,8.274
Celo,Americas,CBLOL,2024,full year (per-game derived),Los Grandes,ADC,26,-6.039,-0.2323,4.637
Leandrinn,Americas,CBLOL,2024,full year (per-game derived),Liberty,ADC,12,-10.875,-0.9062,6.736
micaO,Americas,CBLOL,2024,full year (per-game derived),Liberty,ADC,24,-25.97,-1.0821,-2.747
ProDelta,Americas,CBLOL,2024,full year (per-game derived),Vivo Keyd Stars,Support,71,28.059,0.3952,22.653
Kuri,Americas,CBLOL,2024,full year (per-game derived),paiN Gaming,Support,69,15.819,0.2293,13.099
sanghyeon,Americas,CBLOL,2024,full year (per-game derived),Los Grandes,Support,44,15.673,0.3562,12.235
Cavalo,Americas,CBLOL,2024,full year (per-game derived),Liberty,Support,36,11.874,0.3298,10.264
zay,Americas,CBLOL,2024,full year (per-game derived),FURIA,Support,16,10.816,0.676,9.988
JoJo,Americas,CBLOL,2024,full year (per-game derived),RED Canids,Support,29,9.56,0.3297,9.504
frosty,Americas,CBLOL,2024,full year (per-game derived),RED Canids,Support,35,7.442,0.2126,10.012
scamber,Americas,CBLOL,2024,full year (per-game derived),Fluxo,Support,45,6.807,0.1513,6.097
Damage,Americas,CBLOL,2024,full year (per-game derived),INTZ,Support,36,1.227,0.0341,2.555
RedBert,Americas,CBLOL,2024,full year (per-game derived),LOUD,Support,64,-3.68,-0.0575,-0.565
JoJo,Americas,CBLOL,2024,full year (per-game derived),FURIA,Support,35,-11.149,-0.3185,0.896
Ceos,Americas,CBLOL,2024,full year (per-game derived),KaBuM! Esports,Support,44,-16.711,-0.3798,-2.848
uZent,Americas,CBLOL,2024,full year (per-game derived),FURIA,Support,2,-22.643,-11.3215,5.649
Guigo,Americas,CBLOL,2025,full year (per-game derived),FURIA,Top,54,35.447,0.6564,27.576
curty,Americas,CBLOL,2025,full year (per-game derived),Fluxo W7M,Top,10,27.949,2.7949,13.521
Zamudo,Americas,CBLOL,2025,full year (per-game derived),Isurus,Top,16,26.174,1.6359,18.887
Makes,Americas,CBLOL,2025,full year (per-game derived),Flamengo MDL,Top,10,21.639,2.1639,15.3
Kiari,Americas,CBLOL,2025,full year (per-game derived),Alpha7 Esports,Top,11,17.074,1.5522,11.965
Robo,Americas,CBLOL,2025,full year (per-game derived),LOUD,Top,55,16.396,0.2981,16.457
Summit,Americas,CBLOL,2025,full year (per-game derived),Isurus,Top,26,14.82,0.57,16.999
Zothve,Americas,CBLOL,2025,full year (per-game derived),Leviatan,Top,38,3.08,0.0811,5.744
Boal,Americas,CBLOL,2025,full year (per-game derived),Vivo Keyd Stars,Top,51,0.52,0.0102,4.057
Wizer,Americas,CBLOL,2025,full year (per-game derived),paiN Gaming,Top,57,-1.559,-0.0274,8.825
fNb,Americas,CBLOL,2025,full year (per-game derived),RED Canids,Top,55,-2.163,-0.0393,9.537
Burdol,Americas,CBLOL,2025,full year (per-game derived),Isurus,Top,9,-8.578,-0.9531,5.061
ZOEN,Americas,CBLOL,2025,full year (per-game derived),Isurus,Top,8,-17.488,-2.186,3.605
Hidan,Americas,CBLOL,2025,full year (per-game derived),Fluxo W7M,Top,20,-34.459,-1.723,-7.973
Josedeodo,Americas,CBLOL,2025,full year (per-game derived),Isurus,Jungle,59,41.825,0.7089,29.617
Drakehero,Americas,CBLOL,2025,full year (per-game derived),Alpha7 Esports,Jungle,11,28.231,2.5665,18.302
Tatu,Americas,CBLOL,2025,full year (per-game derived),FURIA,Jungle,54,18.769,0.3476,14.354
Yampi,Americas,CBLOL,2025,full year (per-game derived),Fluxo W7M,Jungle,10,14.32,1.432,13.219
Disamis,Americas,CBLOL,2025,full year (per-game derived),Vivo Keyd Stars,Jungle,51,11.724,0.2299,13.215
Curse,Americas,CBLOL,2025,full year (per-game derived),RED Canids,Jungle,33,8.159,0.2472,7.495
Dizin,Americas,CBLOL,2025,full year (per-game derived),Flamengo MDL,Jungle,10,7.241,0.7241,6.907
Ganks,Americas,CBLOL,2025,full year (per-game derived),Fluxo W7M,Jungle,16,6.801,0.4251,6.801
CarioK,Americas,CBLOL,2025,full year (per-game derived),paiN Gaming,Jungle,57,6.226,0.1092,4.053
Gryffinn,Americas,CBLOL,2025,full year (per-game derived),LOUD,Jungle,19,1.031,0.0543,4.633
Shini,Americas,CBLOL,2025,full year (per-game derived),LOUD,Jungle,26,-0.344,-0.0132,6.478
Aegis,Americas,CBLOL,2025,full year (per-game derived),RED Canids,Jungle,22,-4.61,-0.2095,-4.616
SCARY,Americas,CBLOL,2025,full year (per-game derived),Leviatan,Jungle,38,-5.835,-0.1536,-0.186
Wiz,Americas,CBLOL,2025,full year (per-game derived),LOUD,Jungle,10,-13.373,-1.3373,1.653
Drakehero,Americas,CBLOL,2025,full year (per-game derived),Fluxo W7M,Jungle,4,-18.271,-4.5678,12.743
cody,Americas,CBLOL,2025,full year (per-game derived),Leviatan,Middle,23,41.413,1.8006,21.385
Mireu,Americas,CBLOL,2025,full year (per-game derived),Isurus,Middle,35,35.627,1.0179,21.953
Hauz,Americas,CBLOL,2025,full year (per-game derived),Leviatan,Middle,15,21.14,1.4093,12.687
tinowns,Americas,CBLOL,2025,full year (per-game derived),LOUD,Middle,36,19.459,0.5405,15.142
Keine,Americas,CBLOL,2025,full year (per-game derived),Isurus,Middle,11,19.22,1.7473,10.004
Envy,Americas,CBLOL,2025,full year (per-game derived),Flamengo MDL,Middle,10,17.352,1.7352,8.666
Kaze,Americas,CBLOL,2025,full year (per-game derived),RED Canids,Middle,27,13.205,0.4891,9.749
Mireu,Americas,CBLOL,2025,full year (per-game derived),Vivo Keyd Stars,Middle,18,10.432,0.5796,8.114
Roamer,Americas,CBLOL,2025,full year (per-game derived),paiN Gaming,Middle,47,7.649,0.1627,12.344
Leza,Americas,CBLOL,2025,full year (per-game derived),Isurus,Middle,13,5.936,0.4566,6.543
Fuuu,Americas,CBLOL,2025,full year (per-game derived),Fluxo W7M,Middle,30,5.153,0.1718,7.207
Kisee,Americas,CBLOL,2025,full year (per-game derived),Vivo Keyd Stars,Middle,33,3.695,0.112,5.209
Jool,Americas,CBLOL,2025,full year (per-game derived),LOUD,Middle,19,2.232,0.1175,5.079
dyNquedo,Americas,CBLOL,2025,full year (per-game derived),paiN Gaming,Middle,10,-0.744,-0.0744,5.846
Tutsz,Americas,CBLOL,2025,full year (per-game derived),FURIA,Middle,54,-3.684,-0.0682,3.899
Mago,Americas,CBLOL,2025,full year (per-game derived),RED Canids,Middle,11,-11.684,-1.0622,2.018
random,Americas,CBLOL,2025,full year (per-game derived),Alpha7 Esports,Middle,11,-26.316,-2.3924,-1.763
Grevthar,Americas,CBLOL,2025,full year (per-game derived),RED Canids,Middle,17,-32.589,-1.917,-18.964
TitaN,Americas,CBLOL,2025,full year (per-game derived),paiN Gaming,ADC,57,34.115,0.5985,25.275
Brance,Americas,CBLOL,2025,full year (per-game derived),RED Canids,ADC,28,28.366,1.0131,21.351
Trigo,Americas,CBLOL,2025,full year (per-game derived),Flamengo MDL,ADC,10,21.696,2.1696,11.872
Ayu,Americas,CBLOL,2025,full year (per-game derived),FURIA,ADC,54,18.56,0.3437,22.166
Morttheus,Americas,CBLOL,2025,full year (per-game derived),Vivo Keyd Stars,ADC,51,14.746,0.2891,13.315
Rabelo,Americas,CBLOL,2025,full year (per-game derived),RED Canids,ADC,27,11.003,0.4075,11.003
ceo,Americas,CBLOL,2025,full year (per-game derived),Leviatan,ADC,38,10.749,0.2829,10.864
Route,Americas,CBLOL,2025,full year (per-game derived),LOUD,ADC,55,10.566,0.1921,13.736
Snaker,Americas,CBLOL,2025,full year (per-game derived),Isurus,ADC,59,-10.566,-0.1791,-3.048
scuro,Americas,CBLOL,2025,full year (per-game derived),Alpha7 Esports,ADC,11,-11.8,-1.0727,5.11
Marvin,Americas,CBLOL,2025,full year (per-game derived),Fluxo W7M,ADC,30,-15.043,-0.5014,-1.688
frosty,Americas,CBLOL,2025,full year (per-game derived),RED Canids,Support,55,43.238,0.7861,27.095
Telas,Americas,CBLOL,2025,full year (per-game derived),Alpha7 Esports,Support,11,30.213,2.7466,13.984
JoJo,Americas,CBLOL,2025,full year (per-game derived),FURIA,Support,54,17.475,0.3236,11.899
Ackerman,Americas,CBLOL,2025,full year (per-game derived),Isurus,Support,59,16.89,0.2863,13.906
ProDelta,Americas,CBLOL,2025,full year (per-game derived),Fluxo W7M,Support,10,16.722,1.6722,18.608
Kuri,Americas,CBLOL,2025,full year (per-game derived),paiN Gaming,Support,57,15.75,0.2763,13.7
RedBert,Americas,CBLOL,2025,full year (per-game derived),LOUD,Support,45,11.882,0.264,6.71
TopLop,Americas,CBLOL,2025,full year (per-game derived),Leviatan,Support,15,4.777,0.3185,7.185
Winsome,Americas,CBLOL,2025,full year (per-game derived),LOUD,Support,10,0.233,0.0233,7.969
Guigs,Americas,CBLOL,2025,full year (per-game derived),Fluxo W7M,Support,20,0.0,0.0,5.682
Damage,Americas,CBLOL,2025,full year (per-game derived),Flamengo MDL,Support,10,-3.369,-0.3369,4.247
ProDelta,Americas,CBLOL,2025,full year (per-game derived),Leviatan,Support,23,-5.964,-0.2593,12.508
scamber,Americas,CBLOL,2025,full year (per-game derived),Vivo Keyd Stars,Support,2,-8.502,-4.251,6.404
Trymbi,Americas,CBLOL,2025,full year (per-game derived),Vivo Keyd Stars,Support,49,-15.304,-0.3123,-6.044
Zest,Americas,CBLOL,2026,full year (per-game derived),LØS,Top,57,38.616,0.6775,32.707
Guigo,Americas,CBLOL,2026,full year (per-game derived),FURIA,Top,50,34.144,0.6829,30.44
zekas,Americas,CBLOL,2026,full year (per-game derived),Vivo Keyd Stars,Top,1,33.296,33.296,22.384
xyno,Americas,CBLOL,2026,full year (per-game derived),LOUD,Top,48,30.239,0.63,25.996
Boal,Americas,CBLOL,2026,full year (per-game derived),Vivo Keyd Stars,Top,16,22.921,1.4326,15.787
zynts,Americas,CBLOL,2026,full year (per-game derived),RED Canids,Top,26,22.038,0.8476,22.038
Robo,Americas,CBLOL,2026,full year (per-game derived),paiN Gaming,Top,30,6.508,0.2169,15.774
Devost,Americas,CBLOL,2026,full year (per-game derived),Leviatan,Top,37,3.655,0.0988,12.118
Wizer,Americas,CBLOL,2026,full year (per-game derived),Vivo Keyd Stars,Top,22,-1.218,-0.0554,10.597
fNb,Americas,CBLOL,2026,full year (per-game derived),RED Canids,Top,20,-2.563,-0.1282,12.317
curty,Americas,CBLOL,2026,full year (per-game derived),Fluxo W7M,Top,39,-3.988,-0.1023,8.743
STEPZ,Americas,CBLOL,2026,full year (per-game derived),RED Canids,Jungle,26,35.313,1.3582,19.246
sarolu,Americas,CBLOL,2026,full year (per-game derived),Vivo Keyd Stars,Jungle,11,25.481,2.3165,11.044
Tatu,Americas,CBLOL,2026,full year (per-game derived),FURIA,Jungle,50,23.443,0.4689,17.131
YoungJae,Americas,CBLOL,2026,full year (per-game derived),LOUD,Jungle,48,13.999,0.2916,10.831
Disamis,Americas,CBLOL,2026,full year (per-game derived),Vivo Keyd Stars,Jungle,28,8.325,0.2973,10.344
Drakehero,Americas,CBLOL,2026,full year (per-game derived),LØS,Jungle,29,7.146,0.2464,7.704
CarioK,Americas,CBLOL,2026,full year (per-game derived),paiN Gaming,Jungle,26,4.881,0.1877,4.833
Curse,Americas,CBLOL,2026,full year (per-game derived),RED Canids,Jungle,20,2.263,0.1132,5.293
Peach,Americas,CBLOL,2026,full year (per-game derived),Fluxo W7M,Jungle,39,-2.263,-0.058,1.439
Booki,Americas,CBLOL,2026,full year (per-game derived),Leviatan,Jungle,37,-5.434,-0.1469,-0.164
Curse,Americas,CBLOL,2026,full year (per-game derived),LØS,Jungle,28,-10.877,-0.3885,-0.097
Samkz,Americas,CBLOL,2026,full year (per-game derived),paiN Gaming,Jungle,4,-14.584,-3.646,3.697
Keine,Americas,CBLOL,2026,full year (per-game derived),paiN Gaming,Middle,16,32.028,2.0018,20.305
Enga,Americas,CBLOL,2026,full year (per-game derived),Leviatan,Middle,37,25.121,0.6789,21.252
Hauz,Americas,CBLOL,2026,full year (per-game derived),Fluxo W7M,Middle,9,21.285,2.365,17.192
Feisty,Americas,CBLOL,2026,full year (per-game derived),LØS,Middle,57,21.253,0.3729,19.637
Mireu,Americas,CBLOL,2026,full year (per-game derived),Vivo Keyd Stars,Middle,35,20.982,0.5995,21.367
cody,Americas,CBLOL,2026,full year (per-game derived),Fluxo W7M,Middle,30,19.014,0.6338,20.902
Kaze,Americas,CBLOL,2026,full year (per-game derived),RED Canids,Middle,46,14.422,0.3135,15.093
Mago,Americas,CBLOL,2026,full year (per-game derived),LOUD,Middle,12,0.19,0.0158,9.978
Tutsz,Americas,CBLOL,2026,full year (per-game derived),FURIA,Middle,50,-0.063,-0.0013,5.23
tinowns,Americas,CBLOL,2026,full year (per-game derived),paiN Gaming,Middle,14,-3.468,-0.2477,12.459
Qats,Americas,CBLOL,2026,full year (per-game derived),Vivo Keyd Stars,Middle,4,-5.137,-1.2842,14.26
Envy,Americas,CBLOL,2026,full year (per-game derived),LOUD,Middle,36,-6.231,-0.1731,5.059
ceo,Americas,CBLOL,2026,full year (per-game derived),Leviatan,ADC,22,25.282,1.1492,11.941
Morttheus,Americas,CBLOL,2026,full year (per-game derived),RED Canids,ADC,24,20.947,0.8728,11.914
Trigger,Americas,CBLOL,2026,full year (per-game derived),paiN Gaming,ADC,25,15.334,0.6134,8.572
BAO,Americas,CBLOL,2026,full year (per-game derived),Fluxo W7M,ADC,39,14.746,0.3781,9.589
Ayu,Americas,CBLOL,2026,full year (per-game derived),FURIA,ADC,50,5.047,0.1009,11.228
Bull,Americas,CBLOL,2026,full year (per-game derived),LOUD,ADC,48,4.802,0.1,4.173
Snaker,Americas,CBLOL,2026,full year (per-game derived),Leviatan,ADC,15,1.632,0.1088,-1.758
ceo,Americas,CBLOL,2026,full year (per-game derived),Vivo Keyd Stars,ADC,23,0.013,0.0006,3.802
Morttheus,Americas,CBLOL,2026,full year (per-game derived),Vivo Keyd Stars,ADC,16,-0.013,-0.0008,5.917
Duduhh,Americas,CBLOL,2026,full year (per-game derived),LØS,ADC,57,-3.393,-0.0595,-1.037
Rabelo,Americas,CBLOL,2026,full year (per-game derived),RED Canids,ADC,22,-24.545,-1.1157,-4.965
Marvin,Americas,CBLOL,2026,full year (per-game derived),paiN Gaming,ADC,5,-38.805,-7.761,-5.621
Ackerman,Americas,CBLOL,2026,full year (per-game derived),LØS,Support,57,27.607,0.4843,18.549
frosty,Americas,CBLOL,2026,full year (per-game derived),RED Canids,Support,46,18.628,0.405,18.473
JoJo,Americas,CBLOL,2026,full year (per-game derived),FURIA,Support,50,10.474,0.2095,9.774
TopLop,Americas,CBLOL,2026,full year (per-game derived),Leviatan,Support,37,5.244,0.1417,4.44
Kaiwing,Americas,CBLOL,2026,full year (per-game derived),Vivo Keyd Stars,Support,39,4.714,0.1209,4.142
Kuri,Americas,CBLOL,2026,full year (per-game derived),paiN Gaming,Support,30,2.155,0.0718,7.645
uZent,Americas,CBLOL,2026,full year (per-game derived),LOUD,Support,17,0.0,0.0,2.029
ProDelta,Americas,CBLOL,2026,full year (per-game derived),Fluxo W7M,Support,9,-18.916,-2.1018,-0.455
Momochi,Americas,CBLOL,2026,full year (per-game derived),Fluxo W7M,Support,30,-21.552,-0.7184,-8.741
RedBert,Americas,CBLOL,2026,full year (per-game derived),LOUD,Support,31,-27.757,-0.8954,-6.269
Horder,Americas,NACL,2023,full year (per-game derived),Team Ambition,Top,3,51.734,17.2447,16.789
PhenomEX,Americas,NACL,2023,full year (per-game derived),CB Gaming,Top,5,46.349,9.2698,17.964
Hauntzer,Americas,NACL,2023,full year (per-game derived),TSM Challengers,Top,37,44.786,1.2104,30.368
Srtty,Americas,NACL,2023,full year (per-game derived),Team Liquid First,Top,42,42.809,1.0193,30.219
Lawrence,Americas,NACL,2023,full year (per-game derived),Miracle,Top,8,39.764,4.9705,18.785
Viceera,Americas,NACL,2023,full year (per-game derived),Mirage Alliance,Top,1,35.994,35.994,14.16
Niles,Americas,NACL,2023,full year (per-game derived),Maryville University,Top,61,32.696,0.536,26.139
Hoon,Americas,NACL,2023,full year (per-game derived),Dignitas Challengers,Top,45,32.371,0.7194,24.578
Dragoon,Americas,NACL,2023,full year (per-game derived),Supernova,Top,18,30.675,1.7042,19.717
FakeGod,Americas,NACL,2023,full year (per-game derived),Disguised,Top,50,29.24,0.5848,23.136
Qwacker,Americas,NACL,2023,full year (per-game derived),CCG Esports,Top,8,28.656,3.582,16.539
Faisal,Americas,NACL,2023,full year (per-game derived),Cincinnati Fear,Top,48,25.357,0.5283,20.64
Denathor,Americas,NACL,2023,full year (per-game derived),Winthrop University,Top,25,24.669,0.9868,18.418
Jenkins,Americas,NACL,2023,full year (per-game derived),CLG Challengers,Top,38,23.059,0.6068,18.707
Srtty,Americas,NACL,2023,full year (per-game derived),Evil Geniuses Challengers,Top,36,22.866,0.6352,18.475
Zamudo,Americas,NACL,2023,full year (per-game derived),Wildcard Gaming,Top,43,20.654,0.4803,17.612
Shockey,Americas,NACL,2023,full year (per-game derived),CCG Esports,Top,10,19.232,1.9232,14.855
Cozy,Americas,NACL,2023,full year (per-game derived),Team Ambition,Top,15,17.982,1.1988,14.922
FakeGod,Americas,NACL,2023,full year (per-game derived),Cloud9 Challengers,Top,48,16.693,0.3478,15.414
Bradley,Americas,NACL,2023,full year (per-game derived),Team Liquid Challengers,Top,96,15.822,0.1648,15.239
ADD,Americas,NACL,2023,full year (per-game derived),Immortals Challengers,Top,37,15.765,0.4261,14.707
Philip,Americas,NACL,2023,full year (per-game derived),FlyQuest NZXT,Top,44,14.579,0.3313,14.115
Dragoon,Americas,NACL,2023,full year (per-game derived),LiT Esports,Top,19,14.536,0.7651,13.869
Qwacker,Americas,NACL,2023,full year (per-game derived),Supernova,Top,47,14.44,0.3072,14.049
Concept,Americas,NACL,2023,full year (per-game derived),Golden Guardians Challengers,Top,41,14.066,0.3431,13.806
Philip,Americas,NACL,2023,full year (per-game derived),Cincinnati Fear,Top,49,13.791,0.2814,13.664
Allorim,Americas,NACL,2023,full year (per-game derived),Mirage Alliance,Top,21,13.468,0.6413,13.468
Spawn,Americas,NACL,2023,full year (per-game derived),Team Fish Taco,Top,2,6.067,3.0335,13.027
Allorim,Americas,NACL,2023,full year (per-game derived),Team Fish Taco,Top,15,5.219,0.3479,10.811
Faisal,Americas,NACL,2023,full year (per-game derived),FlyQuest NZXT,Top,48,2.847,0.0593,7.061
Bejjaniii,Americas,NACL,2023,full year (per-game derived),CLG Faith,Top,35,1.305,0.0373,7.073
IamSunlight,Americas,NACL,2023,full year (per-game derived),Kelyx's Grandpa Gamers,Top,5,0.631,0.1262,11.713
Dec0y,Americas,NACL,2023,full year (per-game derived),Apex Mission Impossible,Top,17,0.506,0.0298,8.931
Shockey,Americas,NACL,2023,full year (per-game derived),Native Gaming,Top,10,0.155,0.0155,10.265
Porsche,Americas,NACL,2023,full year (per-game derived),Team Ambition,Top,20,-0.466,-0.0233,8.064
lunacia,Americas,NACL,2023,full year (per-game derived),FLY FAM,Top,36,-1.484,-0.0412,5.502
Mabud,Americas,NACL,2023,full year (per-game derived),Winthrop University,Top,7,-1.801,-0.2573,10.697
s0ul,Americas,NACL,2023,full year (per-game derived),Evil Geniuses Challengers,Top,53,-2.144,-0.0405,3.684
s0ul,Americas,NACL,2023,full year (per-game derived),Team Fish Taco,Top,6,-2.78,-0.4633,10.873
MooseHater,Americas,NACL,2023,full year (per-game derived),Wildcard Gaming,Top,41,-2.799,-0.0683,4.277
Gamsu,Americas,NACL,2023,full year (per-game derived),AOE Gold,Top,37,-3.316,-0.0896,4.411
lunacia,Americas,NACL,2023,full year (per-game derived),Team Fish Taco,Top,32,-4.269,-0.1334,4.539
Tenacity,Americas,NACL,2023,full year (per-game derived),100 Thieves Challengers,Top,2,-7.291,-3.6455,12.231
Denathor,Americas,NACL,2023,full year (per-game derived),Mirage Alliance,Top,3,-9.058,-3.0193,11.513
Sniper,Americas,NACL,2023,full year (per-game derived),100 Thieves Challengers,Top,28,-10.564,-0.3773,2.172
Berik,Americas,NACL,2023,full year (per-game derived),Miracle,Top,5,-13.549,-2.7098,9.774
Darshan,Americas,NACL,2023,full year (per-game derived),100 Thieves Challengers,Top,10,-15.485,-1.5485,6.503
Concept,Americas,NACL,2023,full year (per-game derived),AOE Gold,Top,40,-15.524,-0.3881,-2.736
JJK,Americas,NACL,2023,full year (per-game derived),CB Gaming,Top,6,-16.487,-2.7478,8.684
Qwacker,Americas,NACL,2023,full year (per-game derived),AOE Gold,Top,7,-23.531,-3.3616,6.753
Geiger,Americas,NACL,2023,full year (per-game derived),CB Gaming,Top,4,-25.449,-6.3623,9.091
Livatious,Americas,NACL,2023,full year (per-game derived),LiT Esports,Top,8,-33.388,-4.1735,3.994
Dardoch,Americas,NACL,2023,full year (per-game derived),Mirage Alliance,Top,2,-73.949,-36.9745,8.26
Kaido,Americas,NACL,2023,full year (per-game derived),Miracle,Jungle,3,67.437,22.479,12.71
Hyper,Americas,NACL,2023,full year (per-game derived),Supernova,Jungle,2,44.702,22.351,9.725
Kolthro,Americas,NACL,2023,full year (per-game derived),CB Gaming,Jungle,4,35.513,8.8782,10.658
Dardoch,Americas,NACL,2023,full year (per-game derived),Team Fish Taco,Jungle,15,33.055,2.2037,15.738
Wilson,Americas,NACL,2023,full year (per-game derived),Mirage Alliance,Jungle,3,31.128,10.376,9.559
Will,Americas,NACL,2023,full year (per-game derived),AOE Gold,Jungle,38,28.638,0.7536,19.05
Mir,Americas,NACL,2023,full year (per-game derived),Team Liquid Challengers,Jungle,96,26.55,0.2766,21.838
Tomio,Americas,NACL,2023,full year (per-game derived),Disguised,Jungle,50,25.076,0.5015,18.277
Akaadian,Americas,NACL,2023,full year (per-game derived),AOE Gold,Jungle,2,24.862,12.431,8.543
Sarcasm,Americas,NACL,2023,full year (per-game derived),Team Ambition,Jungle,15,24.192,1.6128,12.883
Kisno,Americas,NACL,2023,full year (per-game derived),LiT Esports,Jungle,19,23.685,1.2466,13.587
Hyper,Americas,NACL,2023,full year (per-game derived),FLY FAM,Jungle,18,17.373,0.9652,11.091
eXyu,Americas,NACL,2023,full year (per-game derived),Dignitas Challengers,Jungle,45,13.804,0.3068,11.209
Music,Americas,NACL,2023,full year (per-game derived),Supernova,Jungle,47,13.788,0.2934,11.265
winnie,Americas,NACL,2023,full year (per-game derived),AOE Gold,Jungle,44,13.691,0.3112,11.109
Kevy,Americas,NACL,2023,full year (per-game derived),CLG Challengers,Jungle,38,13.543,0.3564,10.805
Fanatiik,Americas,NACL,2023,full year (per-game derived),Native Gaming,Jungle,10,12.193,1.2193,8.636
Frost4,Americas,NACL,2023,full year (per-game derived),Winthrop University,Jungle,7,12.181,1.7401,8.357
Keel,Americas,NACL,2023,full year (per-game derived),Wildcard Gaming,Jungle,84,10.19,0.1213,9.458
RoseThorn,Americas,NACL,2023,full year (per-game derived),Team Fish Taco,Jungle,40,9.422,0.2356,8.578
Hyper,Americas,NACL,2023,full year (per-game derived),CCG Esports,Jungle,5,9.409,1.8818,7.769
Leemo,Americas,NACL,2023,full year (per-game derived),Team Ambition,Jungle,23,9.097,0.3955,8.178
Hyphe,Americas,NACL,2023,full year (per-game derived),Apex Mission Impossible,Jungle,9,8.875,0.9861,7.812
Yuuji,Americas,NACL,2023,full year (per-game derived),FlyQuest NZXT,Jungle,92,8.169,0.0888,8.0
OddOrange,Americas,NACL,2023,full year (per-game derived),Maryville University,Jungle,61,7.509,0.1231,7.509
Goo,Americas,NACL,2023,full year (per-game derived),FLY FAM,Jungle,10,6.696,0.6696,7.313
Kaido,Americas,NACL,2023,full year (per-game derived),Team Liquid First,Jungle,42,5.857,0.1395,6.566
Tomio,Americas,NACL,2023,full year (per-game derived),Cloud9 Challengers,Jungle,48,5.282,0.11,6.166
Munchy,Americas,NACL,2023,full year (per-game derived),LiT Esports,Jungle,8,4.878,0.6098,6.977
RoseThorn,Americas,NACL,2023,full year (per-game derived),Golden Guardians Challengers,Jungle,41,3.721,0.0908,5.369
Perry,Americas,NACL,2023,full year (per-game derived),Cincinnati Fear,Jungle,97,3.609,0.0372,4.567
Rapid,Americas,NACL,2023,full year (per-game derived),Miracle,Jungle,5,3.298,0.6596,6.933
Kisno,Americas,NACL,2023,full year (per-game derived),CB Gaming,Jungle,5,2.624,0.5248,6.841
Munchy,Americas,NACL,2023,full year (per-game derived),CCG Esports,Jungle,5,2.437,0.4874,6.815
LJX,Americas,NACL,2023,full year (per-game derived),Miracle,Jungle,5,0.994,0.1988,6.618
Wilson,Americas,NACL,2023,full year (per-game derived),Winthrop University,Jungle,25,0.276,0.011,4.312
Sheiden,Americas,NACL,2023,full year (per-game derived),Evil Geniuses Challengers,Jungle,71,-0.276,-0.0039,2.12
Chad,Americas,NACL,2023,full year (per-game derived),Mirage Alliance,Jungle,24,-1.536,-0.064,3.602
Armao,Americas,NACL,2023,full year (per-game derived),Evil Geniuses Challengers,Jungle,18,-2.624,-0.1458,3.829
Nxi,Americas,NACL,2023,full year (per-game derived),CLG Faith,Jungle,35,-3.86,-0.1103,1.531
Yukino,Americas,NACL,2023,full year (per-game derived),100 Thieves Challengers,Jungle,40,-4.803,-0.1201,0.628
Last Dance,Americas,NACL,2023,full year (per-game derived),CB Gaming,Jungle,6,-5.844,-0.974,5.376
Svenskeren,Americas,NACL,2023,full year (per-game derived),TSM Challengers,Jungle,37,-6.459,-0.1746,-0.028
Chad,Americas,NACL,2023,full year (per-game derived),Immortals Challengers,Jungle,37,-9.029,-0.244,-1.415
Regedice,Americas,NACL,2023,full year (per-game derived),Apex Mission Impossible,Jungle,8,-10.054,-1.2568,3.958
Kisno,Americas,NACL,2023,full year (per-game derived),Supernova,Jungle,16,-10.41,-0.6506,1.482
RBM,Americas,NACL,2023,full year (per-game derived),Kelyx's Grandpa Gamers,Jungle,5,-18.777,-3.7554,3.915
Dragonmin,Americas,NACL,2023,full year (per-game derived),CCG Esports,Jungle,8,-22.145,-2.7681,1.513
Maniac,Americas,NACL,2023,full year (per-game derived),FLY FAM,Jungle,8,-25.678,-3.2098,0.799
Haeri,Americas,NACL,2023,full year (per-game derived),Team Liquid Challengers,Middle,18,66.468,3.6927,33.072
rovex,Americas,NACL,2023,full year (per-game derived),Miracle,Middle,5,45.968,9.1936,18.396
Yunbee,Americas,NACL,2023,full year (per-game derived),CCG Esports,Middle,8,40.08,5.01,19.296
EMENES,Americas,NACL,2023,full year (per-game derived),Cloud9 Challengers,Middle,20,35.004,1.7502,22.164
Spirax,Americas,NACL,2023,full year (per-game derived),FlyQuest NZXT,Middle,92,31.247,0.3396,26.848
Bolulu,Americas,NACL,2023,full year (per-game derived),Immortals Challengers,Middle,27,29.871,1.1063,21.332
Onat,Americas,NACL,2023,full year (per-game derived),Supernova,Middle,18,29.73,1.6517,19.731
Diplex,Americas,NACL,2023,full year (per-game derived),Cloud9 Challengers,Middle,28,29.643,1.0587,21.368
RobbyBob,Americas,NACL,2023,full year (per-game derived),Team Fish Taco,Middle,10,27.839,2.7839,17.351
Copy,Americas,NACL,2023,full year (per-game derived),CLG Challengers,Middle,38,26.945,0.7091,21.084
PrettyGRE,Americas,NACL,2023,full year (per-game derived),100 Thieves Challengers,Middle,40,26.192,0.6548,20.827
DARKWINGS,Americas,NACL,2023,full year (per-game derived),AOE Gold,Middle,84,25.007,0.2977,22.008
Ablazeolive,Americas,NACL,2023,full year (per-game derived),Immortals Challengers,Middle,4,23.8,5.95,15.128
Sudzzi,Americas,NACL,2023,full year (per-game derived),Mirage Alliance,Middle,24,23.699,0.9875,18.206
Ryoma,Americas,NACL,2023,full year (per-game derived),Evil Geniuses Challengers,Middle,79,22.98,0.2909,20.424
Young,Americas,NACL,2023,full year (per-game derived),Golden Guardians Challengers,Middle,41,22.615,0.5516,18.88
Yusui,Americas,NACL,2023,full year (per-game derived),Immortals Challengers,Middle,6,22.075,3.6792,15.314
Soligo,Americas,NACL,2023,full year (per-game derived),Wildcard Gaming,Middle,84,21.775,0.2592,19.659
APA,Americas,NACL,2023,full year (per-game derived),Team Liquid Challengers,Middle,78,19.937,0.2556,18.235
Ariendel,Americas,NACL,2023,full year (per-game derived),Apex Mission Impossible,Middle,17,18.64,1.0965,15.643
Avano,Americas,NACL,2023,full year (per-game derived),Winthrop University,Middle,7,16.864,2.4091,14.544
shochi,Americas,NACL,2023,full year (per-game derived),Cincinnati Fear,Middle,97,15.061,0.1553,14.808
Aspect,Americas,NACL,2023,full year (per-game derived),Team Liquid First,Middle,42,14.362,0.342,14.219
Kachu,Americas,NACL,2023,full year (per-game derived),Team Ambition,Middle,34,14.087,0.4143,14.059
Nemesis9,Americas,NACL,2023,full year (per-game derived),CB Gaming,Middle,5,13.971,2.7942,14.021
Insanity,Americas,NACL,2023,full year (per-game derived),Dignitas Challengers,Middle,45,12.693,0.2821,13.244
Onat,Americas,NACL,2023,full year (per-game derived),Team Fish Taco,Middle,40,12.412,0.3103,13.125
Klexo,Americas,NACL,2023,full year (per-game derived),CB Gaming,Middle,10,12.288,1.2288,13.61
Getback,Americas,NACL,2023,full year (per-game derived),Maryville University,Middle,61,5.987,0.0981,8.729
RobbyBob,Americas,NACL,2023,full year (per-game derived),Supernova,Middle,47,3.824,0.0814,7.924
Town,Americas,NACL,2023,full year (per-game derived),Team Ambition,Middle,4,3.218,0.8045,12.813
Comp9,Americas,NACL,2023,full year (per-game derived),Team Fish Taco,Middle,5,1.614,0.3228,12.331
Seranok,Americas,NACL,2023,full year (per-game derived),CLG Faith,Middle,18,0.327,0.0182,9.053
Messages,Americas,NACL,2023,full year (per-game derived),LiT Esports,Middle,19,-0.109,-0.0057,8.717
Young,Americas,NACL,2023,full year (per-game derived),Disguised,Middle,50,-2.694,-0.0539,3.778
Doxa,Americas,NACL,2023,full year (per-game derived),TSM Challengers,Middle,37,-2.94,-0.0795,4.872
Messages,Americas,NACL,2023,full year (per-game derived),Native Gaming,Middle,10,-3.388,-0.3388,9.839
omly,Americas,NACL,2023,full year (per-game derived),Kelyx's Grandpa Gamers,Middle,5,-4.15,-0.83,11.543
Nemesis9,Americas,NACL,2023,full year (per-game derived),Mirage Alliance,Middle,3,-7.292,-2.4307,12.179
Blazze,Americas,NACL,2023,full year (per-game derived),FLY FAM,Middle,36,-9.114,-0.2532,1.698
Rain1,Americas,NACL,2023,full year (per-game derived),CCG Esports,Middle,10,-9.291,-0.9291,8.419
Sword,Americas,NACL,2023,full year (per-game derived),Winthrop University,Middle,23,-10.248,-0.4456,3.796
Town,Americas,NACL,2023,full year (per-game derived),CLG Faith,Middle,17,-18.282,-1.0754,2.719
PAPA,Americas,NACL,2023,full year (per-game derived),LiT Esports,Middle,8,-19.174,-2.3968,7.316
Ariendel,Americas,NACL,2023,full year (per-game derived),Miracle,Middle,5,-21.768,-4.3536,9.134
Likeamaws,Americas,NACL,2023,full year (per-game derived),Miracle,Middle,3,-23.115,-7.705,10.805
RobbyBob,Americas,NACL,2023,full year (per-game derived),Evil Geniuses Challengers,Middle,10,-23.425,-2.3425,5.019
PAPA,Americas,NACL,2023,full year (per-game derived),Winthrop University,Middle,2,-32.678,-16.339,11.246
Forsen,Americas,NACL,2023,full year (per-game derived),CB Gaming,ADC,2,63.605,31.8025,17.081
Scoooped,Americas,NACL,2023,full year (per-game derived),Native Gaming,ADC,10,53.118,5.3118,23.512
Spawn,Americas,NACL,2023,full year (per-game derived),Dignitas Challengers,ADC,23,45.584,1.9819,27.389
UNF0RGIVEN,Americas,NACL,2023,full year (per-game derived),100 Thieves Challengers,ADC,38,42.665,1.1228,29.718
Tomo,Americas,NACL,2023,full year (per-game derived),Dignitas Challengers,ADC,22,42.194,1.9179,25.658
Lost,Americas,NACL,2023,full year (per-game derived),Cloud9 Challengers,ADC,48,30.993,0.6457,24.304
Airren,Americas,NACL,2023,full year (per-game derived),CB Gaming,ADC,2,27.941,13.9705,14.956
Meech,Americas,NACL,2023,full year (per-game derived),Disguised,ADC,50,27.83,0.5566,22.529
Array,Americas,NACL,2023,full year (per-game derived),Golden Guardians Challengers,ADC,41,27.023,0.6591,21.416
SophistSage,Americas,NACL,2023,full year (per-game derived),CCG Esports,ADC,8,26.562,3.3202,16.646
Mobility,Americas,NACL,2023,full year (per-game derived),Winthrop University,ADC,25,26.495,1.0598,19.596
Bazz,Americas,NACL,2023,full year (per-game derived),Apex Mission Impossible,ADC,17,26.489,1.5582,18.458
Meech,Americas,NACL,2023,full year (per-game derived),CLG Challengers,ADC,38,24.554,0.6462,19.825
Spawn,Americas,NACL,2023,full year (per-game derived),Team Fish Taco,ADC,38,24.392,0.6419,19.737
k1ng,Americas,NACL,2023,full year (per-game derived),Evil Geniuses Challengers,ADC,54,24.138,0.447,20.447
Neo,Americas,NACL,2023,full year (per-game derived),TSM Challengers,ADC,11,22.585,2.0532,16.317
ScaryJerry,Americas,NACL,2023,full year (per-game derived),Maryville University,ADC,61,21.169,0.347,18.77
Levitate,Americas,NACL,2023,full year (per-game derived),Team Ambition,ADC,23,20.772,0.9031,16.931
Wixxi,Americas,NACL,2023,full year (per-game derived),Immortals Challengers,ADC,37,20.08,0.5427,17.342
Massu,Americas,NACL,2023,full year (per-game derived),FlyQuest NZXT,ADC,92,18.462,0.2007,17.356
Neo,Americas,NACL,2023,full year (per-game derived),Mirage Alliance,ADC,22,18.272,0.8305,15.833
warcyclone,Americas,NACL,2023,full year (per-game derived),CB Gaming,ADC,6,15.596,2.5993,14.367
sajed,Americas,NACL,2023,full year (per-game derived),LiT Esports,ADC,15,15.174,1.0116,14.468
EU Red,Americas,NACL,2023,full year (per-game derived),Team Fish Taco,ADC,17,14.651,0.8618,14.314
Arrow,Americas,NACL,2023,full year (per-game derived),Team Liquid Challengers,ADC,96,14.269,0.1486,14.235
ROCKBOOM,Americas,NACL,2023,full year (per-game derived),LiT Esports,ADC,12,13.997,1.1664,14.096
Azog,Americas,NACL,2023,full year (per-game derived),Supernova,ADC,18,12.83,0.7128,13.66
links,Americas,NACL,2023,full year (per-game derived),AOE Gold,ADC,82,12.692,0.1548,13.093
LastDanceDF,Americas,NACL,2023,full year (per-game derived),CB Gaming,ADC,5,7.497,1.4994,13.226
EvanRL,Americas,NACL,2023,full year (per-game derived),Kelyx's Grandpa Gamers,ADC,5,5.625,1.125,12.97
Lens,Americas,NACL,2023,full year (per-game derived),Wildcard Gaming,ADC,84,3.968,0.0472,6.745
Instinct,Americas,NACL,2023,full year (per-game derived),FLY FAM,ADC,36,3.098,0.0861,8.254
Minui,Americas,NACL,2023,full year (per-game derived),Cincinnati Fear,ADC,97,0.215,0.0022,3.632
WildTurtle,Americas,NACL,2023,full year (per-game derived),TSM Challengers,ADC,26,-0.646,-0.0248,7.458
ZKG,Americas,NACL,2023,full year (per-game derived),Winthrop University,ADC,7,-1.237,-0.1767,11.343
Mobility,Americas,NACL,2023,full year (per-game derived),Evil Geniuses Challengers,ADC,35,-2.826,-0.0807,5.216
Sketch,Americas,NACL,2023,full year (per-game derived),Supernova,ADC,47,-4.666,-0.0993,2.887
LastDanceDF,Americas,NACL,2023,full year (per-game derived),Miracle,ADC,5,-4.943,-0.9886,11.525
Kaido,Americas,NACL,2023,full year (per-game derived),Miracle,ADC,5,-5.477,-1.0954,11.452
Viceera,Americas,NACL,2023,full year (per-game derived),Mirage Alliance,ADC,2,-9.588,-4.794,12.72
Lunar,Americas,NACL,2023,full year (per-game derived),CCG Esports,ADC,10,-12.585,-1.2585,7.705
Zev,Americas,NACL,2023,full year (per-game derived),Team Ambition,ADC,15,-16.561,-1.1041,4.246
Forsen,Americas,NACL,2023,full year (per-game derived),Mirage Alliance,ADC,3,-18.462,-6.154,11.304
Airren,Americas,NACL,2023,full year (per-game derived),CLG Faith,ADC,25,-18.81,-0.7524,-0.426
Sketch,Americas,NACL,2023,full year (per-game derived),CLG Faith,ADC,10,-22.469,-2.2469,5.328
miya,Americas,NACL,2023,full year (per-game derived),Team Liquid First,ADC,26,-22.894,-0.8805,-2.59
V1per,Americas,NACL,2023,full year (per-game derived),100 Thieves Challengers,ADC,2,-30.438,-15.219,11.477
Will,Americas,NACL,2023,full year (per-game derived),AOE Gold,ADC,2,-38.448,-19.224,11.0
LJX,Americas,NACL,2023,full year (per-game derived),Team Liquid First,ADC,16,-52.678,-3.2924,-8.34
LJX,Americas,NACL,2023,full year (per-game derived),Miracle,ADC,3,-96.879,-32.293,4.499
Kenji,Americas,NACL,2023,full year (per-game derived),Winthrop University,Support,7,67.865,9.695,22.356
Neo,Americas,NACL,2023,full year (per-game derived),Mirage Alliance,Support,2,64.33,32.165,15.367
destiny,Americas,NACL,2023,full year (per-game derived),100 Thieves Challengers,Support,38,41.589,1.0944,28.282
Zeyzal,Americas,NACL,2023,full year (per-game derived),Disguised,Support,50,41.022,0.8204,29.893
Rhino,Americas,NACL,2023,full year (per-game derived),Native Gaming,Support,10,33.483,3.3483,17.369
Breezy,Americas,NACL,2023,full year (per-game derived),AOE Gold,Support,40,33.178,0.8294,23.953
Prismal,Americas,NACL,2023,full year (per-game derived),Golden Guardians Challengers,Support,41,25.793,0.6291,19.908
Mixtsure,Americas,NACL,2023,full year (per-game derived),CB Gaming,Support,10,23.575,2.3575,14.985
Pockus,Americas,NACL,2023,full year (per-game derived),Miracle,Support,3,23.344,7.7813,13.226
dtro,Americas,NACL,2023,full year (per-game derived),Mirage Alliance,Support,3,22.896,7.632,13.187
Zeyzal,Americas,NACL,2023,full year (per-game derived),Cloud9 Challengers,Support,48,22.769,0.4744,18.601
Zyko,Americas,NACL,2023,full year (per-game derived),Maryville University,Support,61,22.53,0.3693,19.029
Pockus,Americas,NACL,2023,full year (per-game derived),Apex Mission Impossible,Support,17,21.058,1.2387,15.342
Joey,Americas,NACL,2023,full year (per-game derived),Immortals Challengers,Support,37,21.017,0.568,16.987
Winsome,Americas,NACL,2023,full year (per-game derived),FlyQuest NZXT,Support,70,20.533,0.2933,17.963
donbray,Americas,NACL,2023,full year (per-game derived),Wildcard Gaming,Support,37,19.606,0.5299,16.226
Sword,Americas,NACL,2023,full year (per-game derived),FLY FAM,Support,36,19.254,0.5348,15.989
Kim Down,Americas,NACL,2023,full year (per-game derived),Team Liquid Challengers,Support,96,18.645,0.1942,17.066
Chime,Americas,NACL,2023,full year (per-game derived),TSM Challengers,Support,4,18.377,4.5942,12.952
Yama,Americas,NACL,2023,full year (per-game derived),CCG Esports,Support,8,16.994,2.1242,13.221
Smoothie,Americas,NACL,2023,full year (per-game derived),Evil Geniuses Challengers,Support,89,15.947,0.1792,14.983
Diamond,Americas,NACL,2023,full year (per-game derived),Dignitas Challengers,Support,45,14.845,0.3299,13.781
Snow2,Americas,NACL,2023,full year (per-game derived),Team Ambition,Support,23,14.554,0.6328,13.23
JayJ,Americas,NACL,2023,full year (per-game derived),Cincinnati Fear,Support,49,13.677,0.2791,13.124
Daption,Americas,NACL,2023,full year (per-game derived),Miracle,Support,8,13.299,1.6624,12.474
Clyde,Americas,NACL,2023,full year (per-game derived),Kelyx's Grandpa Gamers,Support,2,12.431,6.2155,12.274
Plux,Americas,NACL,2023,full year (per-game derived),LiT Esports,Support,14,12.098,0.8641,12.213
dtro,Americas,NACL,2023,full year (per-game derived),CCG Esports,Support,2,10.825,5.4125,12.179
SkyTec,Americas,NACL,2023,full year (per-game derived),AOE Gold,Support,44,9.486,0.2156,10.647
Breezy,Americas,NACL,2023,full year (per-game derived),CLG Challengers,Support,38,8.971,0.2361,10.465
Sketch,Americas,NACL,2023,full year (per-game derived),CLG Faith,Support,25,8.638,0.3455,10.662
Trevor,Americas,NACL,2023,full year (per-game derived),Cincinnati Fear,Support,48,7.205,0.1501,9.212
Dardoch,Americas,NACL,2023,full year (per-game derived),Mirage Alliance,Support,22,6.987,0.3176,10.097
Trevor,Americas,NACL,2023,full year (per-game derived),Supernova,Support,47,5.639,0.12,8.301
winter,Americas,NACL,2023,full year (per-game derived),Team Fish Taco,Support,5,2.498,0.4996,10.929
Chookies,Americas,NACL,2023,full year (per-game derived),Supernova,Support,18,1.457,0.0809,8.34
Qitong,Americas,NACL,2023,full year (per-game derived),FlyQuest NZXT,Support,22,0.59,0.0268,7.47
Menace,Americas,NACL,2023,full year (per-game derived),Kelyx's Grandpa Gamers,Support,3,-0.086,-0.0287,11.193
Daption,Americas,NACL,2023,full year (per-game derived),Team Fish Taco,Support,10,-1.769,-0.1769,8.888
Sandwitch,Americas,NACL,2023,full year (per-game derived),CB Gaming,Support,5,-2.33,-0.466,10.269
Duoking1,Americas,NACL,2023,full year (per-game derived),Wildcard Gaming,Support,47,-3.292,-0.07,2.958
Chookies,Americas,NACL,2023,full year (per-game derived),Winthrop University,Support,25,-4.275,-0.171,4.955
Nxi,Americas,NACL,2023,full year (per-game derived),Team Fish Taco,Support,40,-5.965,-0.1491,2.076
Dragku,Americas,NACL,2023,full year (per-game derived),TSM Challengers,Support,29,-6.015,-0.2074,3.512
Chaye,Americas,NACL,2023,full year (per-game derived),LiT Esports,Support,13,-6.452,-0.4963,6.805
Lightpulse,Americas,NACL,2023,full year (per-game derived),100 Thieves Challengers,Support,2,-11.855,-5.9275,10.827
Pluto1,Americas,NACL,2023,full year (per-game derived),Team Ambition,Support,15,-12.075,-0.805,4.424
rovex,Americas,NACL,2023,full year (per-game derived),Team Liquid First,Support,42,-14.976,-0.3566,-3.287
Plux,Americas,NACL,2023,full year (per-game derived),CLG Faith,Support,10,-16.816,-1.6816,5.269
Hyphe,Americas,NACL,2023,full year (per-game derived),Miracle,Support,2,-26.606,-13.303,9.949
Bruhruto,Americas,NACL,2023,full year (per-game derived),CCG Esports,Support,8,-28.44,-3.555,4.035
Rocks908,Americas,NACL,2023,full year (per-game derived),TSM Challengers,Support,4,-29.626,-7.4065,7.553
Dec0y,Americas,NACL,2024,full year (per-game derived),Apex Mission Impossible,Top,8,54.667,6.8334,15.057
Dragoon,Americas,NACL,2024,full year (per-game derived),LiT Esports,Top,32,43.557,1.3612,25.846
Srtty,Americas,NACL,2024,full year (per-game derived),FlyQuest NZXT,Top,72,40.436,0.5616,31.768
Niles,Americas,NACL,2024,full year (per-game derived),Maryville University,Top,41,37.339,0.9107,26.669
Jenkins,Americas,NACL,2024,full year (per-game derived),Team Liquid Challengers,Top,62,35.85,0.5782,26.024
Horder,Americas,NACL,2024,full year (per-game derived),Pulse Star,Top,15,35.339,2.3559,17.785
Zamudo,Americas,NACL,2024,full year (per-game derived),Dragonsteel,Top,30,31.261,1.042,19.684
DrCalculus,Americas,NACL,2024,full year (per-game derived),DUCKIE GETTERS,Top,18,29.034,1.613,15.736
PCL,Americas,NACL,2024,full year (per-game derived),Gentle Hearts Gaming,Top,9,26.792,2.9769,12.288
Zamudo,Americas,NACL,2024,full year (per-game derived),Area of Effect Esports,Top,32,26.487,0.8277,18.079
Qwacker,Americas,NACL,2024,full year (per-game derived),Wildcard Gaming,Top,26,21.394,0.8228,14.837
Philip,Americas,NACL,2024,full year (per-game derived),Cincinnati Fear,Top,35,14.37,0.4106,12.26
Philip,Americas,NACL,2024,full year (per-game derived),Fear x Starforge,Top,37,10.419,0.2816,10.781
Denathor,Americas,NACL,2024,full year (per-game derived),Winthrop University,Top,33,8.153,0.2471,10.213
Dragoon,Americas,NACL,2024,full year (per-game derived),Dragoon's Goons,Top,22,7.014,0.3188,10.652
Crimson,Americas,NACL,2024,full year (per-game derived),CCG Esports,Top,34,3.822,0.1124,5.907
Qwacker,Americas,NACL,2024,full year (per-game derived),Blue Otter,Top,39,2.976,0.0763,7.225
Cozy,Americas,NACL,2024,full year (per-game derived),Area of Effect Esports,Top,18,0.714,0.0397,6.805
Lawrence,Americas,NACL,2024,full year (per-game derived),Blue Otter,Top,14,-0.238,-0.017,7.818
Faisal,Americas,NACL,2024,full year (per-game derived),Supernova,Top,64,-2.958,-0.0462,4.682
Tenacity,Americas,NACL,2024,full year (per-game derived),Disguised,Top,65,-5.208,-0.0801,-1.176
Allorim,Americas,NACL,2024,full year (per-game derived),Mirage Alliance,Top,27,-7.247,-0.2684,2.723
Dec0y,Americas,NACL,2024,full year (per-game derived),Winthrop University,Top,2,-10.251,-5.1255,5.953
Porsche,Americas,NACL,2024,full year (per-game derived),Lotus,Top,25,-11.697,-0.4679,-0.601
Berik,Americas,NACL,2024,full year (per-game derived),Area of Effect Esports,Top,11,-16.748,-1.5225,1.033
MooseHater,Americas,NACL,2024,full year (per-game derived),Area of Effect Esports,Top,5,-31.729,-6.3458,0.997
Brandini,Americas,NACL,2024,full year (per-game derived),Disguised,Top,2,-45.457,-22.7285,4.959
Kaido,Americas,NACL,2024,full year (per-game derived),Area of Effect Esports,Jungle,15,46.525,3.1017,19.155
Dardoch,Americas,NACL,2024,full year (per-game derived),Lotus,Jungle,24,42.618,1.7758,23.861
KryRa,Americas,NACL,2024,full year (per-game derived),CCG Esports,Jungle,13,29.506,2.2697,14.169
Kenvi,Americas,NACL,2024,full year (per-game derived),Supernova,Jungle,64,22.09,0.3452,15.54
Yuuji,Americas,NACL,2024,full year (per-game derived),Dragonsteel,Jungle,30,21.953,0.7318,12.272
Music,Americas,NACL,2024,full year (per-game derived),Blue Otter,Jungle,53,18.837,0.3554,14.564
eXyu,Americas,NACL,2024,full year (per-game derived),Fear x Starforge,Jungle,37,18.336,0.4956,13.571
Dardoch,Americas,NACL,2024,full year (per-game derived),Mirage Alliance,Jungle,5,17.668,3.5336,12.559
Kisno,Americas,NACL,2024,full year (per-game derived),Dragoon's Goons,Jungle,22,17.082,0.7765,12.971
RoseThorn,Americas,NACL,2024,full year (per-game derived),Area of Effect Esports,Jungle,32,15.535,0.4855,10.554
Yukino,Americas,NACL,2024,full year (per-game derived),CCG Esports,Jungle,6,12.621,2.1035,4.607
Nxi,Americas,NACL,2024,full year (per-game derived),Area of Effect Esports,Jungle,17,12.583,0.7402,6.518
Will,Americas,NACL,2024,full year (per-game derived),Mirage Alliance,Jungle,22,11.95,0.5432,13.758
Kisno,Americas,NACL,2024,full year (per-game derived),LiT Esports,Jungle,32,11.85,0.3703,11.22
Yukino,Americas,NACL,2024,full year (per-game derived),Disguised,Jungle,31,9.492,0.3062,5.923
Lojaz,Americas,NACL,2024,full year (per-game derived),Apex Mission Impossible,Jungle,8,6.215,0.7769,7.522
Yuuji,Americas,NACL,2024,full year (per-game derived),Maryville University,Jungle,41,4.757,0.116,6.799
Wilson,Americas,NACL,2024,full year (per-game derived),Winthrop University,Jungle,10,4.432,0.4432,6.929
Sheiden,Americas,NACL,2024,full year (per-game derived),FlyQuest NZXT,Jungle,72,1.6,0.0222,2.824
Bio,Americas,NACL,2024,full year (per-game derived),DUCKIE GETTERS,Jungle,18,1.095,0.0608,5.399
Keel,Americas,NACL,2024,full year (per-game derived),Team Liquid Challengers,Jungle,62,0.874,0.0141,5.068
winnie,Americas,NACL,2024,full year (per-game derived),Winthrop University,Jungle,25,-2.622,-0.1049,5.708
winnie,Americas,NACL,2024,full year (per-game derived),Wildcard Gaming,Jungle,26,-3.071,-0.1181,5.442
Frost4,Americas,NACL,2024,full year (per-game derived),Lotus,Jungle,1,-3.506,-3.506,7.875
Chad,Americas,NACL,2024,full year (per-game derived),CCG Esports,Jungle,15,-5.909,-0.3939,1.223
Chad,Americas,NACL,2024,full year (per-game derived),Cincinnati Fear,Jungle,35,-8.792,-0.2512,-1.692
Will,Americas,NACL,2024,full year (per-game derived),Pulse Star,Jungle,15,-9.724,-0.6483,8.7
Perry,Americas,NACL,2024,full year (per-game derived),Disguised,Jungle,36,-14.401,-0.4,-1.227
Kross,Americas,NACL,2024,full year (per-game derived),Gentle Hearts Gaming,Jungle,9,-17.978,-1.9976,2.123
Wilson,Americas,NACL,2024,full year (per-game derived),Area of Effect Esports,Jungle,2,-21.407,-10.7035,6.132
Bradley,Americas,NACL,2024,full year (per-game derived),CCG Esports,Middle,6,55.424,9.2373,17.156
Quad,Americas,NACL,2024,full year (per-game derived),FlyQuest NZXT,Middle,35,42.732,1.2209,27.154
Ablazeolive,Americas,NACL,2024,full year (per-game derived),Fear x Starforge,Middle,37,32.435,0.8766,20.892
Roamer,Americas,NACL,2024,full year (per-game derived),Team Liquid Challengers,Middle,62,28.307,0.4566,22.091
DARKWINGS,Americas,NACL,2024,full year (per-game derived),Winthrop University,Middle,25,25.08,1.0032,19.732
Zalt,Americas,NACL,2024,full year (per-game derived),Apex Mission Impossible,Middle,8,22.168,2.771,12.367
Spirax,Americas,NACL,2024,full year (per-game derived),Maryville University,Middle,41,21.55,0.5256,19.389
DARKWINGS,Americas,NACL,2024,full year (per-game derived),Wildcard Gaming,Middle,26,21.276,0.8183,18.706
Bradley,Americas,NACL,2024,full year (per-game derived),FlyQuest NZXT,Middle,37,13.757,0.3718,11.973
shochi,Americas,NACL,2024,full year (per-game derived),CCG Esports,Middle,28,11.465,0.4095,12.376
Samikin,Americas,NACL,2024,full year (per-game derived),Blue Otter,Middle,53,11.408,0.2152,10.839
Spirax,Americas,NACL,2024,full year (per-game derived),Dragonsteel,Middle,30,10.88,0.3627,15.1
Toasty,Americas,NACL,2024,full year (per-game derived),Supernova,Middle,36,10.287,0.2858,10.098
RJS,Americas,NACL,2024,full year (per-game derived),Mirage Alliance,Middle,22,9.883,0.4492,9.883
Sword,Americas,NACL,2024,full year (per-game derived),Winthrop University,Middle,10,7.043,0.7043,5.675
Ariendel,Americas,NACL,2024,full year (per-game derived),Pulse Star,Middle,15,6.049,0.4033,9.338
Sudzzi,Americas,NACL,2024,full year (per-game derived),Dragoon's Goons,Middle,22,4.737,0.2153,10.19
Soligo,Americas,NACL,2024,full year (per-game derived),Mirage Alliance,Middle,5,4.226,0.8452,15.174
XiaoDanny,Americas,NACL,2024,full year (per-game derived),Gentle Hearts Gaming,Middle,9,3.535,0.3928,8.475
Onat,Americas,NACL,2024,full year (per-game derived),Area of Effect Esports,Middle,52,3.093,0.0595,7.96
Young,Americas,NACL,2024,full year (per-game derived),Disguised,Middle,67,0.097,0.0014,4.665
Toasty,Americas,NACL,2024,full year (per-game derived),Cincinnati Fear,Middle,35,-0.097,-0.0028,4.636
RobbyBob,Americas,NACL,2024,full year (per-game derived),Lotus,Middle,25,-1.591,-0.0636,5.996
Messages,Americas,NACL,2024,full year (per-game derived),LiT Esports,Middle,32,-15.992,-0.4998,-2.834
Cupic,Americas,NACL,2024,full year (per-game derived),Area of Effect Esports,Middle,14,-22.949,-1.6392,-0.204
Roughbeanz,Americas,NACL,2024,full year (per-game derived),DUCKIE GETTERS,Middle,18,-26.623,-1.4791,-3.374
shochi,Americas,NACL,2024,full year (per-game derived),Supernova,Middle,28,-27.71,-0.9896,1.225
Array,Americas,NACL,2024,full year (per-game derived),Dragoon's Goons,ADC,22,50.826,2.3103,26.88
Tenacity,Americas,NACL,2024,full year (per-game derived),Disguised,ADC,2,49.063,24.5315,12.437
Instinct,Americas,NACL,2024,full year (per-game derived),CCG Esports,ADC,6,44.34,7.39,12.123
Devin,Americas,NACL,2024,full year (per-game derived),Gentle Hearts Gaming,ADC,9,34.335,3.815,15.49
Wixxi,Americas,NACL,2024,full year (per-game derived),Area of Effect Esports,ADC,49,28.147,0.5744,20.927
links,Americas,NACL,2024,full year (per-game derived),Blue Otter,ADC,14,26.95,1.925,14.202
ScaryJerry,Americas,NACL,2024,full year (per-game derived),Maryville University,ADC,41,18.938,0.4619,16.628
Lens,Americas,NACL,2024,full year (per-game derived),Cincinnati Fear,ADC,35,17.934,0.5124,10.786
SageWabe,Americas,NACL,2024,full year (per-game derived),Pulse Star,ADC,13,17.876,1.3751,12.38
Mobility,Americas,NACL,2024,full year (per-game derived),Winthrop University,ADC,10,17.116,1.7116,12.562
Tomo,Americas,NACL,2024,full year (per-game derived),Disguised,ADC,17,16.509,0.9711,12.855
ROCKBOOM,Americas,NACL,2024,full year (per-game derived),Dragonsteel,ADC,2,16.206,8.103,10.92
Mobility,Americas,NACL,2024,full year (per-game derived),Area of Effect Esports,ADC,15,14.904,0.9936,12.398
Levitate,Americas,NACL,2024,full year (per-game derived),Blue Otter,ADC,39,13.061,0.3349,12.785
Airren,Americas,NACL,2024,full year (per-game derived),Winthrop University,ADC,25,11.576,0.463,8.611
Array,Americas,NACL,2024,full year (per-game derived),Supernova,ADC,28,10.152,0.3626,13.78
Sushee,Americas,NACL,2024,full year (per-game derived),Lotus,ADC,25,10.117,0.4047,10.117
Spawn,Americas,NACL,2024,full year (per-game derived),Team Liquid Challengers,ADC,62,9.249,0.1492,9.89
ScaryJerry,Americas,NACL,2024,full year (per-game derived),Dragonsteel,ADC,28,8.581,0.3065,12.816
Lens,Americas,NACL,2024,full year (per-game derived),Supernova,ADC,36,6.42,0.1783,6.759
sajed,Americas,NACL,2024,full year (per-game derived),FlyQuest NZXT,ADC,72,4.858,0.0675,6.938
Bazz,Americas,NACL,2024,full year (per-game derived),Apex Mission Impossible,ADC,8,1.792,0.224,11.082
Minui,Americas,NACL,2024,full year (per-game derived),Disguised,ADC,48,1.427,0.0297,3.347
ROCKBOOM,Americas,NACL,2024,full year (per-game derived),CCG Esports,ADC,8,1.213,0.1516,8.931
Neo,Americas,NACL,2024,full year (per-game derived),Mirage Alliance,ADC,5,-1.706,-0.3412,7.078
Instinct,Americas,NACL,2024,full year (per-game derived),Fear x Starforge,ADC,37,-4.28,-0.1157,2.478
ROCKBOOM,Americas,NACL,2024,full year (per-game derived),LiT Esports,ADC,32,-7.321,-0.2288,2.227
Prismal,Americas,NACL,2024,full year (per-game derived),Mirage Alliance,ADC,22,-10.977,-0.499,1.454
Airren,Americas,NACL,2024,full year (per-game derived),Wildcard Gaming,ADC,26,-12.562,-0.4832,-1.246
Minui,Americas,NACL,2024,full year (per-game derived),CCG Esports,ADC,20,-14.424,-0.7212,0.434
Prismal,Americas,NACL,2024,full year (per-game derived),Pulse Star,ADC,2,-37.383,-18.6915,7.287
Enthralled,Americas,NACL,2024,full year (per-game derived),DUCKIE GETTERS,ADC,18,-45.164,-2.5091,-9.958
Cozy,Americas,NACL,2024,full year (per-game derived),Area of Effect Esports,ADC,2,-55.4,-27.7,6.213
Pockus,Americas,NACL,2024,full year (per-game derived),Apex Mission Impossible,Support,8,33.402,4.1752,14.469
Daption,Americas,NACL,2024,full year (per-game derived),Dragoon's Goons,Support,22,31.271,1.4214,17.003
Zyko,Americas,NACL,2024,full year (per-game derived),Dragonsteel,Support,30,22.8,0.76,17.518
Daption,Americas,NACL,2024,full year (per-game derived),Cincinnati Fear,Support,35,20.326,0.5807,14.25
Breezy,Americas,NACL,2024,full year (per-game derived),Area of Effect Esports,Support,66,20.101,0.3046,18.14
Poome,Americas,NACL,2024,full year (per-game derived),Disguised,Support,65,19.924,0.3065,14.795
Zyko,Americas,NACL,2024,full year (per-game derived),Maryville University,Support,41,17.148,0.4182,15.727
Chime,Americas,NACL,2024,full year (per-game derived),FlyQuest NZXT,Support,72,15.147,0.2104,14.177
Diamond,Americas,NACL,2024,full year (per-game derived),Supernova,Support,64,14.49,0.2264,12.084
Winsome,Americas,NACL,2024,full year (per-game derived),Fear x Starforge,Support,37,12.698,0.3432,12.228
Prismal,Americas,NACL,2024,full year (per-game derived),Pulse Star,Support,13,12.241,0.9416,14.014
rovex,Americas,NACL,2024,full year (per-game derived),Blue Otter,Support,53,10.59,0.1998,5.741
winter,Americas,NACL,2024,full year (per-game derived),Gentle Hearts Gaming,Support,4,9.015,2.2538,8.34
Kim Down,Americas,NACL,2024,full year (per-game derived),Team Liquid Challengers,Support,62,8.234,0.1328,11.357
Mixtsure,Americas,NACL,2024,full year (per-game derived),Lotus,Support,25,6.487,0.2595,8.73
SkyTec,Americas,NACL,2024,full year (per-game derived),Winthrop University,Support,21,3.712,0.1768,7.37
Plux,Americas,NACL,2024,full year (per-game derived),LiT Esports,Support,32,0.673,0.021,4.608
Trevor,Americas,NACL,2024,full year (per-game derived),CCG Esports,Support,34,-2.02,-0.0594,4.194
Qitong,Americas,NACL,2024,full year (per-game derived),Disguised,Support,2,-2.101,-1.0505,6.449
Doxa,Americas,NACL,2024,full year (per-game derived),Wildcard Gaming,Support,26,-3.008,-0.1157,3.371
Hiccup1357,Americas,NACL,2024,full year (per-game derived),DUCKIE GETTERS,Support,18,-3.219,-0.1788,4.324
Chookies,Americas,NACL,2024,full year (per-game derived),Winthrop University,Support,14,-10.97,-0.7836,1.866
Prismal,Americas,NACL,2024,full year (per-game derived),Mirage Alliance,Support,5,-11.654,-2.3308,12.026
Clareetz,Americas,NACL,2024,full year (per-game derived),Pulse Star,Support,2,-13.456,-6.728,7.309
Dardoch,Americas,NACL,2024,full year (per-game derived),Mirage Alliance,Support,22,-16.336,-0.7425,-0.411
Clyde,Americas,NACL,2024,full year (per-game derived),Gentle Hearts Gaming,Support,5,-54.537,-10.9074,0.255
Zamudo,Americas,NACL,2025,full year (per-game derived),DarkZero Dragonsteel,Top,26,46.516,1.7891,26.382
V1per,Americas,NACL,2025,full year (per-game derived),Conviction,Top,1,41.902,41.902,8.965
Ariana,Americas,NACL,2025,full year (per-game derived),Dorado Gaming,Top,20,23.449,1.1724,13.944
Tenacity,Americas,NACL,2025,full year (per-game derived),DarkZero Dragonsteel,Top,8,22.784,2.848,4.076
Philip,Americas,NACL,2025,full year (per-game derived),Citadel Gaming,Top,19,22.53,1.1858,12.892
Denathor,Americas,NACL,2025,full year (per-game derived),Winthrop University,Top,46,22.336,0.4856,15.752
Keii,Americas,NACL,2025,full year (per-game derived),DarkZero Dragonsteel,Top,18,18.897,1.0498,11.907
FakeGod,Americas,NACL,2025,full year (per-game derived),Luminosity Gaming,Top,50,12.716,0.2543,12.014
Dec0y,Americas,NACL,2025,full year (per-game derived),Apex Mission Impossible,Top,30,9.38,0.3127,10.777
Berik,Americas,NACL,2025,full year (per-game derived),Cupid Esports,Top,4,7.922,1.9805,4.748
Crimson,Americas,NACL,2025,full year (per-game derived),CCG Esports,Top,39,7.368,0.1889,7.003
Horder,Americas,NACL,2025,full year (per-game derived),Supernova,Top,23,0.986,0.0429,8.433
Qwacker,Americas,NACL,2025,full year (per-game derived),Blue Otter,Top,46,0.963,0.0209,4.596
DrCalculus,Americas,NACL,2025,full year (per-game derived),Pulse Star,Top,27,0.799,0.0296,7.309
TF Blade,Americas,NACL,2025,full year (per-game derived),Near Airport,Top,38,-0.799,-0.021,3.158
DrCalculus,Americas,NACL,2025,full year (per-game derived),Cupid Esports,Top,4,-9.83,-2.4575,9.816
Horder,Americas,NACL,2025,full year (per-game derived),Conviction,Top,35,-15.298,-0.4371,-0.578
TF Blade,Americas,NACL,2025,full year (per-game derived),Conviction,Top,21,-15.598,-0.7428,-1.474
Stray,Americas,NACL,2025,full year (per-game derived),Supernova,Top,21,-15.716,-0.7484,-1.521
Spica,Americas,NACL,2025,full year (per-game derived),Near Airport,Jungle,38,35.98,0.9468,24.964
Music,Americas,NACL,2025,full year (per-game derived),Blue Otter,Jungle,22,35.708,1.6231,20.156
Bio,Americas,NACL,2025,full year (per-game derived),Cupid Esports,Jungle,4,34.532,8.633,12.345
Dardoch,Americas,NACL,2025,full year (per-game derived),Supernova,Jungle,23,34.454,1.498,24.57
Tomio,Americas,NACL,2025,full year (per-game derived),Luminosity Gaming,Jungle,50,23.549,0.471,19.543
Kisno,Americas,NACL,2025,full year (per-game derived),Conviction,Jungle,35,23.101,0.66,16.92
Dardoch,Americas,NACL,2025,full year (per-game derived),CCG Esports,Jungle,28,22.242,0.7944,20.401
Music,Americas,NACL,2025,full year (per-game derived),CCG Esports,Jungle,11,19.986,1.8169,15.454
Kisno,Americas,NACL,2025,full year (per-game derived),DarkZero Dragonsteel,Jungle,18,19.169,1.0649,14.286
Yuuji,Americas,NACL,2025,full year (per-game derived),DarkZero Dragonsteel,Jungle,10,17.195,1.7195,13.864
KryRa,Americas,NACL,2025,full year (per-game derived),Blue Otter,Jungle,21,12.881,0.6134,13.95
Kenvi,Americas,NACL,2025,full year (per-game derived),Citadel Gaming,Jungle,19,11.317,0.5956,14.168
Perry,Americas,NACL,2025,full year (per-game derived),Conviction,Jungle,22,10.474,0.4761,5.437
Matty,Americas,NACL,2025,full year (per-game derived),Cupid Esports,Jungle,4,8.918,2.2295,11.741
Kaido,Americas,NACL,2025,full year (per-game derived),Dorado Gaming,Jungle,20,7.052,0.3526,14.486
Keel,Americas,NACL,2025,full year (per-game derived),Supernova,Jungle,21,1.969,0.0938,6.543
Lojaz,Americas,NACL,2025,full year (per-game derived),Blue Otter,Jungle,3,1.426,0.4753,10.753
Bio,Americas,NACL,2025,full year (per-game derived),Pulse Star,Jungle,27,-1.969,-0.0729,5.119
Wilson,Americas,NACL,2025,full year (per-game derived),Winthrop University,Jungle,46,-4.891,-0.1063,1.85
KryRa,Americas,NACL,2025,full year (per-game derived),DarkZero Dragonsteel,Jungle,13,-6.997,-0.5382,8.93
Shimmer,Americas,NACL,2025,full year (per-game derived),DarkZero Dragonsteel,Jungle,11,-13.989,-1.2717,5.358
Lojaz,Americas,NACL,2025,full year (per-game derived),Apex Mission Impossible,Jungle,30,-14.927,-0.4976,-0.71
DARKWINGS,Americas,NACL,2025,full year (per-game derived),Conviction,Middle,35,32.83,0.938,20.616
Bradley,Americas,NACL,2025,full year (per-game derived),Citadel Gaming,Middle,19,29.544,1.5549,16.091
KatEvolved,Americas,NACL,2025,full year (per-game derived),Conviction,Middle,22,26.282,1.1946,14.065
PhyMini,Americas,NACL,2025,full year (per-game derived),Luminosity Gaming,Middle,2,20.929,10.4645,6.466
PhyMini,Americas,NACL,2025,full year (per-game derived),Apex Mission Impossible,Middle,23,15.293,0.6649,9.657
Pobelter,Americas,NACL,2025,full year (per-game derived),Near Airport,Middle,38,15.09,0.3971,10.761
Toasty,Americas,NACL,2025,full year (per-game derived),DarkZero Dragonsteel,Middle,26,13.851,0.5327,8.646
Retrozing,Americas,NACL,2025,full year (per-game derived),Apex Mission Impossible,Middle,7,12.883,1.8404,6.881
Ablazeolive,Americas,NACL,2025,full year (per-game derived),Supernova,Middle,23,9.505,0.4133,12.146
Spirax,Americas,NACL,2025,full year (per-game derived),DarkZero Dragonsteel,Middle,26,8.521,0.3277,9.053
Samikin,Americas,NACL,2025,full year (per-game derived),Blue Otter,Middle,46,2.579,0.0561,5.424
Sword,Americas,NACL,2025,full year (per-game derived),Winthrop University,Middle,46,2.273,0.0494,3.027
shochi,Americas,NACL,2025,full year (per-game derived),Dorado Gaming,Middle,20,1.259,0.0629,2.539
Young,Americas,NACL,2025,full year (per-game derived),CCG Esports,Middle,11,1.035,0.0941,2.691
Insanity,Americas,NACL,2025,full year (per-game derived),Luminosity Gaming,Middle,48,-3.104,-0.0647,-0.485
aadurrr,Americas,NACL,2025,full year (per-game derived),Pulse Star,Middle,27,-5.4,-0.2,0.502
Aojune,Americas,NACL,2025,full year (per-game derived),CCG Esports,Middle,28,-7.027,-0.251,-0.362
aadurrr,Americas,NACL,2025,full year (per-game derived),Cupid Esports,Middle,4,-21.055,-5.2638,2.558
Asilah,Americas,NACL,2025,full year (per-game derived),Supernova,Middle,21,-26.044,-1.2402,-7.071
Likeamaws,Americas,NACL,2025,full year (per-game derived),Cupid Esports,Middle,4,-36.021,-9.0052,0.477
TF Blade,Americas,NACL,2025,full year (per-game derived),Conviction,ADC,1,43.63,43.63,4.218
ScaryJerry,Americas,NACL,2025,full year (per-game derived),Supernova,ADC,23,32.476,1.412,15.663
sajed,Americas,NACL,2025,full year (per-game derived),DarkZero Dragonsteel,ADC,44,25.682,0.5837,13.125
Doublelift,Americas,NACL,2025,full year (per-game derived),Near Airport,ADC,33,20.878,0.6327,12.698
Shogo,Americas,NACL,2025,full year (per-game derived),Supernova,ADC,21,19.542,0.9306,9.59
Sushee,Americas,NACL,2025,full year (per-game derived),Dorado Gaming,ADC,17,19.451,1.1442,8.974
Spawn,Americas,NACL,2025,full year (per-game derived),DarkZero Dragonsteel,ADC,8,18.697,2.3371,6.37
Hub,Americas,NACL,2025,full year (per-game derived),Cupid Esports,ADC,4,18.245,4.5612,4.687
Mobility,Americas,NACL,2025,full year (per-game derived),Winthrop University,ADC,46,14.558,0.3165,10.367
Tactical,Americas,NACL,2025,full year (per-game derived),Luminosity Gaming,ADC,50,11.978,0.2396,7.715
Array,Americas,NACL,2025,full year (per-game derived),Blue Otter,ADC,23,11.394,0.4954,12.468
Hub,Americas,NACL,2025,full year (per-game derived),Pulse Star,ADC,27,2.969,0.11,2.969
V1per,Americas,NACL,2025,full year (per-game derived),Conviction,ADC,21,1.569,0.0747,2.162
Bazz,Americas,NACL,2025,full year (per-game derived),Apex Mission Impossible,ADC,30,1.137,0.0379,3.281
Array,Americas,NACL,2025,full year (per-game derived),CCG Esports,ADC,28,0.447,0.016,8.252
Airren,Americas,NACL,2025,full year (per-game derived),Conviction,ADC,35,-1.34,-0.0383,-0.316
Shogo,Americas,NACL,2025,full year (per-game derived),CCG Esports,ADC,11,-2.711,-0.2465,1.501
Levitate,Americas,NACL,2025,full year (per-game derived),Blue Otter,ADC,22,-3.0,-0.1364,4.433
Instinct,Americas,NACL,2025,full year (per-game derived),Citadel Gaming,ADC,19,-4.221,-0.2222,1.462
Sushee,Americas,NACL,2025,full year (per-game derived),Near Airport,ADC,5,-6.359,-1.2718,3.502
Fatihcan,Americas,NACL,2025,full year (per-game derived),Dorado Gaming,ADC,3,-8.389,-2.7963,1.983
Airren,Americas,NACL,2025,full year (per-game derived),Blue Otter,ADC,1,-13.394,-13.394,0.158
Nightstar,Americas,NACL,2025,full year (per-game derived),Cupid Esports,ADC,4,-13.452,-3.363,1.122
Only35,Americas,NACL,2025,full year (per-game derived),Winthrop University,Support,46,30.628,0.6658,19.394
Kelpo,Americas,NACL,2025,full year (per-game derived),Near Airport,Support,10,23.389,2.3389,7.924
Zeyzal,Americas,NACL,2025,full year (per-game derived),Luminosity Gaming,Support,50,21.607,0.4321,14.864
Breezy,Americas,NACL,2025,full year (per-game derived),CCG Esports,Support,28,20.238,0.7228,15.518
Pockus,Americas,NACL,2025,full year (per-game derived),Apex Mission Impossible,Support,23,19.544,0.8497,11.408
Stunt,Americas,NACL,2025,full year (per-game derived),Conviction,Support,22,9.512,0.4324,5.689
Breezy,Americas,NACL,2025,full year (per-game derived),Supernova,Support,23,9.167,0.3986,12.391
Diamond,Americas,NACL,2025,full year (per-game derived),Citadel Gaming,Support,19,7.994,0.4207,7.729
Protos,Americas,NACL,2025,full year (per-game derived),Apex Mission Impossible,Support,7,6.395,0.9136,3.636
Zyko,Americas,NACL,2025,full year (per-game derived),DarkZero Dragonsteel,Support,44,3.486,0.0792,6.924
Bruhruto,Americas,NACL,2025,full year (per-game derived),Pulse Star,Support,27,2.563,0.0949,1.981
Cryogen,Americas,NACL,2025,full year (per-game derived),DarkZero Dragonsteel,Support,8,2.009,0.2511,2.819
Minui,Americas,NACL,2025,full year (per-game derived),Conviction,Support,35,1.856,0.053,2.41
Mixtsure,Americas,NACL,2025,full year (per-game derived),Dorado Gaming,Support,20,0.295,0.0148,3.357
Biofrost,Americas,NACL,2025,full year (per-game derived),Near Airport,Support,28,-0.885,-0.0316,0.961
rovex,Americas,NACL,2025,full year (per-game derived),Blue Otter,Support,46,-4.319,-0.0939,-0.042
Fatihcan,Americas,NACL,2025,full year (per-game derived),CCG Esports,Support,11,-6.562,-0.5965,0.547
Rhino,Americas,NACL,2025,full year (per-game derived),Supernova,Support,21,-10.045,-0.4783,-0.889
PicaPica,Americas,NACL,2025,full year (per-game derived),Cupid Esports,Support,4,-16.977,-4.2442,0.775
Bruhruto,Americas,NACL,2025,full year (per-game derived),Cupid Esports,Support,4,-19.899,-4.9748,-0.797
Zamudo,Americas,NACL,2026,full year (per-game derived),NRG,Top,29,54.81,1.89,35.015
Philip,Americas,NACL,2026,full year (per-game derived),Blue Otter,Top,2,31.048,15.524,16.067
Denathor,Americas,NACL,2026,full year (per-game derived),Winthrop University,Top,41,29.53,0.7202,21.683
Horder,Americas,NACL,2026,full year (per-game derived),Supernova,Top,30,22.111,0.737,12.927
Crimson,Americas,NACL,2026,full year (per-game derived),Maryville University,Top,7,19.946,2.8494,11.818
Keii,Americas,NACL,2026,full year (per-game derived),Maryville University,Top,25,18.04,0.7216,16.106
arbrio,Americas,NACL,2026,full year (per-game derived),Apex Mission Impossible,Top,19,17.309,0.911,15.205
Asilah,Americas,NACL,2026,full year (per-game derived),Citadel Gaming,Top,2,13.938,6.969,13.938
Bradley,Americas,NACL,2026,full year (per-game derived),Citadel Gaming,Top,7,9.463,1.3519,13.126
Dec0y,Americas,NACL,2026,full year (per-game derived),Dorado Gaming,Top,25,1.035,0.0414,9.49
Sniper,Americas,NACL,2026,full year (per-game derived),Conviction,Top,32,0.721,0.0225,6.058
Fiji,Americas,NACL,2026,full year (per-game derived),CCG Esports,Top,38,-0.24,-0.0063,6.194
Stray,Americas,NACL,2026,full year (per-game derived),Citadel Gaming,Top,11,-4.103,-0.373,5.157
Ariana,Americas,NACL,2026,full year (per-game derived),Blue Otter,Top,21,-7.409,-0.3528,7.793
Rovex,Americas,NACL,2026,full year (per-game derived),Blue Otter,Top,1,-42.457,-42.457,12.206
Yuuji,Americas,NACL,2026,full year (per-game derived),Maryville University,Jungle,29,48.506,1.6726,26.689
Will,Americas,NACL,2026,full year (per-game derived),Supernova,Jungle,1,32.652,32.652,9.163
Kisno,Americas,NACL,2026,full year (per-game derived),NRG,Jungle,29,20.175,0.6957,15.982
Dardoch,Americas,NACL,2026,full year (per-game derived),CCG Esports,Jungle,38,19.49,0.5129,17.083
Music,Americas,NACL,2026,full year (per-game derived),Supernova,Jungle,29,18.626,0.6423,16.886
Griffin,Americas,NACL,2026,full year (per-game derived),Citadel Gaming,Jungle,20,12.503,0.6252,10.864
Bio,Americas,NACL,2026,full year (per-game derived),Apex Mission Impossible,Jungle,19,7.147,0.3762,8.522
Wilson,Americas,NACL,2026,full year (per-game derived),Winthrop University,Jungle,41,3.682,0.0898,4.087
Tomio,Americas,NACL,2026,full year (per-game derived),Conviction,Jungle,32,-1.227,-0.0383,8.831
Niles,Americas,NACL,2026,full year (per-game derived),Maryville University,Jungle,3,-4.829,-1.6097,8.553
Munchy,Americas,NACL,2026,full year (per-game derived),Blue Otter,Jungle,24,-8.178,-0.3408,2.049
Lojaz,Americas,NACL,2026,full year (per-game derived),Dorado Gaming,Jungle,25,-28.041,-1.1216,-7.507
PhyMini,Americas,NACL,2026,full year (per-game derived),NRG,Middle,21,38.841,1.8496,17.742
Bradley,Americas,NACL,2026,full year (per-game derived),Citadel Gaming,Middle,13,38.013,2.9241,17.069
Spirax,Americas,NACL,2026,full year (per-game derived),Maryville University,Middle,29,35.8,1.2345,18.053
Leza,Americas,NACL,2026,full year (per-game derived),CCG Esports,Middle,2,27.122,13.561,5.438
Samikin,Americas,NACL,2026,full year (per-game derived),Blue Otter,Middle,22,21.652,0.9842,9.331
Insanity,Americas,NACL,2026,full year (per-game derived),Conviction,Middle,32,11.208,0.3502,4.482
aadam,Americas,NACL,2026,full year (per-game derived),Dorado Gaming,Middle,25,7.173,0.2869,5.393
shochi,Americas,NACL,2026,full year (per-game derived),Supernova,Middle,30,4.957,0.1652,4.639
Young,Americas,NACL,2026,full year (per-game derived),Blue Otter,Middle,2,3.008,1.504,2.678
WU Zach,Americas,NACL,2026,full year (per-game derived),Winthrop University,Middle,2,1.355,0.6775,3.826
AoJune,Americas,NACL,2026,full year (per-game derived),Maryville University,Middle,3,-0.774,-0.258,3.57
Zach,Americas,NACL,2026,full year (per-game derived),Winthrop University,Middle,39,-1.652,-0.0424,0.869
AoJune,Americas,NACL,2026,full year (per-game derived),CCG Esports,Middle,36,-2.19,-0.0608,0.694
Asilah,Americas,NACL,2026,full year (per-game derived),Citadel Gaming,Middle,7,-8.099,-1.157,-3.188
Siroinai,Americas,NACL,2026,full year (per-game derived),NRG,Middle,8,-8.658,-1.0822,1.427
Retrozing,Americas,NACL,2026,full year (per-game derived),Apex Mission Impossible,Middle,19,-12.172,-0.6406,-1.302
MU Scary Jerry,Americas,NACL,2026,full year (per-game derived),Maryville University,ADC,3,51.933,17.311,21.266
Mobility,Americas,NACL,2026,full year (per-game derived),Winthrop University,ADC,41,33.32,0.8127,24.176
ScaryJerry,Americas,NACL,2026,full year (per-game derived),Maryville University,ADC,29,29.59,1.0203,24.051
Cody Sun,Americas,NACL,2026,full year (per-game derived),CCG Esports,ADC,36,25.783,0.7162,22.311
Spawn,Americas,NACL,2026,full year (per-game derived),CCG Esports,ADC,2,24.802,12.401,16.341
Spawn,Americas,NACL,2026,full year (per-game derived),Blue Otter,ADC,22,22.21,1.0095,17.963
Tactical,Americas,NACL,2026,full year (per-game derived),Conviction,ADC,19,21.289,1.1205,16.635
Levitate,Americas,NACL,2026,full year (per-game derived),Blue Otter,ADC,2,20.997,10.4985,13.889
Levitate,Americas,NACL,2026,full year (per-game derived),Supernova,ADC,30,15.707,0.5236,14.405
Good Boi,Americas,NACL,2026,full year (per-game derived),Apex Mission Impossible,ADC,2,15.665,7.8325,18.192
Sushee,Americas,NACL,2026,full year (per-game derived),NRG,ADC,29,3.351,0.1156,11.737
Bazz,Americas,NACL,2026,full year (per-game derived),Apex Mission Impossible,ADC,17,0.144,0.0085,9.624
Meech,Americas,NACL,2026,full year (per-game derived),Conviction,ADC,13,-0.144,-0.0111,9.701
Biostir,Americas,NACL,2026,full year (per-game derived),Dorado Gaming,ADC,1,-1.922,-1.922,17.729
Array,Americas,NACL,2026,full year (per-game derived),Citadel Gaming,ADC,20,-10.463,-0.5232,6.346
Hub,Americas,NACL,2026,full year (per-game derived),Dorado Gaming,ADC,24,-15.351,-0.6396,4.094
Dionrray,Americas,NACL,2026,full year (per-game derived),Blue Otter,Support,1,24.539,24.539,4.259
InFlame,Americas,NACL,2026,full year (per-game derived),Dorado Gaming,Support,3,22.449,7.483,5.251
Obstinatus,Americas,NACL,2026,full year (per-game derived),Maryville University,Support,29,21.176,0.7302,12.024
Spica,Americas,NACL,2026,full year (per-game derived),NRG,Support,29,19.351,0.6673,11.15
Only35,Americas,NACL,2026,full year (per-game derived),CCG Esports,Support,38,9.118,0.2399,11.643
Bounty,Americas,NACL,2026,full year (per-game derived),Conviction,Support,19,8.066,0.4245,5.288
Kim Down,Americas,NACL,2026,full year (per-game derived),Winthrop University,Support,41,7.707,0.188,6.264
Redemption,Americas,NACL,2026,full year (per-game derived),Dorado Gaming,Support,22,4.216,0.1916,3.863
Rovex,Americas,NACL,2026,full year (per-game derived),Blue Otter,Support,21,3.017,0.1437,3.377
Spirax,Americas,NACL,2026,full year (per-game derived),Maryville University,Support,3,0.971,0.3237,3.387
Protos,Americas,NACL,2026,full year (per-game derived),Apex Mission Impossible,Support,19,0.761,0.0401,2.746
Zyko,Americas,NACL,2026,full year (per-game derived),Supernova,Support,30,-0.761,-0.0254,3.399
Minui,Americas,NACL,2026,full year (per-game derived),Blue Otter,Support,2,-11.759,-5.8795,2.452
Keel,Americas,NACL,2026,full year (per-game derived),Citadel Gaming,Support,11,-14.053,-1.2775,-0.95
Breezy,Americas,NACL,2026,full year (per-game derived),Conviction,Support,13,-15.152,-1.1655,3.081
Stray,Americas,NACL,2026,full year (per-game derived),Citadel Gaming,Support,9,-16.773,-1.8637,-0.907
Kiaya,Pacific,LCP,2025,full year (per-game derived),GAM Esports,Top,79,44.695,0.5658,35.504
Driver,Pacific,LCP,2025,full year (per-game derived),CTBC Flying Oyster,Top,44,37.618,0.855,27.127
BioPanther,Pacific,LCP,2025,full year (per-game derived),Chiefs Esports Club,Top,43,24.148,0.5616,19.218
Azhi,Pacific,LCP,2025,full year (per-game derived),PSG Talon,Top,87,20.547,0.2362,18.405
Kratos,Pacific,LCP,2025,full year (per-game derived),MVK Esports,Top,76,17.247,0.2269,15.855
Hiro02,Pacific,LCP,2025,full year (per-game derived),Team Secret Whales,Top,45,12.774,0.2839,12.662
Evi,Pacific,LCP,2025,full year (per-game derived),Fukuoka SoftBank HAWKS gaming,Top,54,12.233,0.2265,12.333
zorenous,Pacific,LCP,2025,full year (per-game derived),Chiefs Esports Club,Top,4,6.932,1.733,11.877
Rest,Pacific,LCP,2025,full year (per-game derived),CTBC Flying Oyster,Top,34,1.005,0.0296,6.541
Steller,Pacific,LCP,2025,full year (per-game derived),Team Secret Whales,Top,12,-1.005,-0.0837,8.783
Pun,Pacific,LCP,2025,full year (per-game derived),Team Secret Whales,Top,15,-1.121,-0.0747,8.115
RayFarky,Pacific,LCP,2025,full year (per-game derived),DetonatioN FocusMe,Top,53,-9.375,-0.1769,-1.208
Gury,Pacific,LCP,2025,full year (per-game derived),MVK Esports,Jungle,76,18.961,0.2495,15.968
Yohan,Pacific,LCP,2025,full year (per-game derived),Fukuoka SoftBank HAWKS gaming,Jungle,18,13.436,0.7464,10.46
JunJia,Pacific,LCP,2025,full year (per-game derived),CTBC Flying Oyster,Jungle,78,13.154,0.1686,11.889
Husha,Pacific,LCP,2025,full year (per-game derived),Chiefs Esports Club,Jungle,18,11.887,0.6604,9.898
Hizto,Pacific,LCP,2025,full year (per-game derived),Team Secret Whales,Jungle,72,11.369,0.1579,10.575
Citrus,Pacific,LCP,2025,full year (per-game derived),DetonatioN FocusMe,Jungle,21,9.277,0.4418,8.969
Mir,Pacific,LCP,2025,full year (per-game derived),Chiefs Esports Club,Jungle,15,8.25,0.55,8.598
Levi,Pacific,LCP,2025,full year (per-game derived),GAM Esports,Jungle,79,7.942,0.1005,8.177
Guwon,Pacific,LCP,2025,full year (per-game derived),DetonatioN FocusMe,Jungle,32,0.093,0.0029,4.399
Karsa,Pacific,LCP,2025,full year (per-game derived),PSG Talon,Jungle,87,-0.278,-0.0032,2.129
Courage,Pacific,LCP,2025,full year (per-game derived),Fukuoka SoftBank HAWKS gaming,Jungle,36,-5.781,-0.1606,1.014
Whynot,Pacific,LCP,2025,full year (per-game derived),Chiefs Esports Club,Jungle,14,-10.125,-0.7232,2.96
Aria,Pacific,LCP,2025,full year (per-game derived),DetonatioN FocusMe,Middle,53,30.319,0.5721,21.851
Kati,Pacific,LCP,2025,full year (per-game derived),MVK Esports,Middle,76,17.767,0.2338,14.793
FATE,Pacific,LCP,2025,full year (per-game derived),Fukuoka SoftBank HAWKS gaming,Middle,54,17.635,0.3266,13.945
HongQ,Pacific,LCP,2025,full year (per-game derived),CTBC Flying Oyster,Middle,78,10.596,0.1358,9.742
FoFo,Pacific,LCP,2025,full year (per-game derived),PSG Talon,Middle,63,8.49,0.1348,8.204
Maple,Pacific,LCP,2025,full year (per-game derived),PSG Talon,Middle,24,6.775,0.2823,7.262
Dire,Pacific,LCP,2025,full year (per-game derived),Team Secret Whales,Middle,72,2.623,0.0364,4.15
Aress,Pacific,LCP,2025,full year (per-game derived),GAM Esports,Middle,42,-0.874,-0.0208,2.776
Emo,Pacific,LCP,2025,full year (per-game derived),GAM Esports,Middle,37,-15.186,-0.4104,-4.681
JimieN,Pacific,LCP,2025,full year (per-game derived),Chiefs Esports Club,Middle,47,-20.599,-0.4383,-9.256
Marble,Pacific,LCP,2025,full year (per-game derived),Fukuoka SoftBank HAWKS gaming,ADC,54,33.115,0.6132,26.013
Eddie,Pacific,LCP,2025,full year (per-game derived),Team Secret Whales,ADC,72,30.858,0.4286,25.678
Doggo,Pacific,LCP,2025,full year (per-game derived),CTBC Flying Oyster,ADC,78,22.982,0.2946,20.355
Slayder,Pacific,LCP,2025,full year (per-game derived),Chiefs Esports Club,ADC,14,21.052,1.5037,16.072
Betty,Pacific,LCP,2025,full year (per-game derived),PSG Talon,ADC,87,17.391,0.1999,16.452
Shogun,Pacific,LCP,2025,full year (per-game derived),MVK Esports,ADC,54,16.482,0.3052,15.516
Artemis,Pacific,LCP,2025,full year (per-game derived),GAM Esports,ADC,78,13.864,0.1777,13.864
Milan,Pacific,LCP,2025,full year (per-game derived),DetonatioN FocusMe,ADC,3,4.336,1.4453,13.037
Sty1e,Pacific,LCP,2025,full year (per-game derived),MVK Esports,ADC,22,0.14,0.0064,8.228
Leemas,Pacific,LCP,2025,full year (per-game derived),Chiefs Esports Club,ADC,15,-0.14,-0.0093,9.353
Violet,Pacific,LCP,2025,full year (per-game derived),Chiefs Esports Club,ADC,18,-0.972,-0.054,8.476
Kakkun,Pacific,LCP,2025,full year (per-game derived),DetonatioN FocusMe,ADC,50,-2.358,-0.0472,3.92
EasyLove,Pacific,LCP,2025,full year (per-game derived),GAM Esports,ADC,1,-30.058,-30.058,12.515
Harp,Pacific,LCP,2025,full year (per-game derived),DetonatioN FocusMe,Support,53,27.252,0.5142,18.92
Taki,Pacific,LCP,2025,full year (per-game derived),Team Secret Whales,Support,72,14.11,0.196,11.313
Elio,Pacific,LCP,2025,full year (per-game derived),GAM Esports,Support,79,6.635,0.084,6.149
Woody,Pacific,LCP,2025,full year (per-game derived),PSG Talon,Support,87,6.024,0.0692,5.733
Luon,Pacific,LCP,2025,full year (per-game derived),Chiefs Esports Club,Support,47,3.84,0.0817,4.279
Kaiwing,Pacific,LCP,2025,full year (per-game derived),CTBC Flying Oyster,Support,78,2.8,0.0359,3.414
Gaeng,Pacific,LCP,2025,full year (per-game derived),Fukuoka SoftBank HAWKS gaming,Support,54,-8.399,-0.1555,-3.481
SiuLoong,Pacific,LCP,2025,full year (per-game derived),MVK Esports,Support,76,-12.706,-0.1672,-7.53
Hiro02,Pacific,LCP,2026,full year (per-game derived),Team Secret Whales,Top,1,67.497,67.497,14.904
1Jiang,Pacific,LCP,2026,full year (per-game derived),Ground Zero Gaming,Top,48,31.884,0.6642,24.968
Evi,Pacific,LCP,2026,full year (per-game derived),Fukuoka SoftBank HAWKS gaming,Top,52,28.213,0.5426,20.801
Kiaya,Pacific,LCP,2026,full year (per-game derived),GAM Esports,Top,50,18.02,0.3604,24.474
Flauren,Pacific,LCP,2026,full year (per-game derived),Deep Cross Gaming,Top,75,14.747,0.1966,14.66
Pun,Pacific,LCP,2026,full year (per-game derived),Team Secret Whales,Top,56,14.453,0.2581,13.454
Steller,Pacific,LCP,2026,full year (per-game derived),MVK Esports,Top,13,6.811,0.5239,10.938
Rest,Pacific,LCP,2026,full year (per-game derived),CTBC Flying Oyster,Top,44,0.0,0.0,5.27
Kratos,Pacific,LCP,2026,full year (per-game derived),MVK Esports,Top,34,-5.362,-0.1577,8.318
Momo,Pacific,LCP,2026,full year (per-game derived),DetonatioN FocusMe,Top,31,-19.533,-0.6301,-2.386
RayFarky,Pacific,LCP,2026,full year (per-game derived),DetonatioN FocusMe,Top,2,-25.402,-12.701,3.774
SofM,Pacific,LCP,2026,full year (per-game derived),MVK Esports,Jungle,3,24.361,8.1203,11.473
Gury,Pacific,LCP,2026,full year (per-game derived),MVK Esports,Jungle,44,23.213,0.5276,18.131
Hizto,Pacific,LCP,2026,full year (per-game derived),Team Secret Whales,Jungle,57,21.99,0.3858,16.226
Shad0w,Pacific,LCP,2026,full year (per-game derived),CTBC Flying Oyster,Jungle,44,13.912,0.3162,12.381
Husha,Pacific,LCP,2026,full year (per-game derived),Ground Zero Gaming,Jungle,48,10.248,0.2135,10.384
Citrus,Pacific,LCP,2026,full year (per-game derived),DetonatioN FocusMe,Jungle,33,5.617,0.1702,8.042
Pop9,Pacific,LCP,2026,full year (per-game derived),Deep Cross Gaming,Jungle,75,2.334,0.0311,4.678
Van1,Pacific,LCP,2026,full year (per-game derived),Fukuoka SoftBank HAWKS gaming,Jungle,52,-7.002,-0.1347,-0.486
Draktharr,Pacific,LCP,2026,full year (per-game derived),GAM Esports,Jungle,50,-8.526,-0.1705,-1.26
Keine,Pacific,LCP,2026,full year (per-game derived),DetonatioN FocusMe,Middle,15,39.641,2.6427,17.697
Fisher,Pacific,LCP,2026,full year (per-game derived),DetonatioN FocusMe,Middle,18,35.596,1.9776,17.556
Aria,Pacific,LCP,2026,full year (per-game derived),Fukuoka SoftBank HAWKS gaming,Middle,52,17.977,0.3457,17.248
Kati,Pacific,LCP,2026,full year (per-game derived),MVK Esports,Middle,16,15.093,0.9433,12.968
Aress,Pacific,LCP,2026,full year (per-game derived),GAM Esports,Middle,45,13.179,0.2929,8.652
HongSuo,Pacific,LCP,2026,full year (per-game derived),Deep Cross Gaming,Middle,74,12.807,0.1731,11.151
Pungyeon,Pacific,LCP,2026,full year (per-game derived),CTBC Flying Oyster,Middle,26,11.079,0.4261,8.99
Seany,Pacific,LCP,2026,full year (per-game derived),MVK Esports,Middle,17,3.46,0.2035,5.936
Dire,Pacific,LCP,2026,full year (per-game derived),Team Secret Whales,Middle,57,2.196,0.0385,3.665
Pout,Pacific,LCP,2026,full year (per-game derived),CTBC Flying Oyster,Middle,18,-6.587,-0.3659,2.238
XiaoXiang,Pacific,LCP,2026,full year (per-game derived),Deep Cross Gaming,Middle,1,-10.643,-10.643,6.719
Gloryy,Pacific,LCP,2026,full year (per-game derived),GAM Esports,Middle,5,-20.16,-4.032,3.519
Chika,Pacific,LCP,2026,full year (per-game derived),MVK Esports,Middle,14,-22.108,-1.5791,-1.756
JimieN,Pacific,LCP,2026,full year (per-game derived),Ground Zero Gaming,Middle,48,-22.229,-0.4631,-12.451
Eddie,Pacific,LCP,2026,full year (per-game derived),Team Secret Whales,ADC,57,33.597,0.5894,29.679
Shogun,Pacific,LCP,2026,full year (per-game derived),MVK Esports,ADC,19,32.076,1.6882,22.795
Marble,Pacific,LCP,2026,full year (per-game derived),Fukuoka SoftBank HAWKS gaming,ADC,52,30.812,0.5925,28.499
Doggo,Pacific,LCP,2026,full year (per-game derived),CTBC Flying Oyster,ADC,44,26.722,0.6073,24.094
Artemis,Pacific,LCP,2026,full year (per-game derived),GAM Esports,ADC,50,21.529,0.4306,19.408
Harky,Pacific,LCP,2026,full year (per-game derived),MVK Esports,ADC,28,21.055,0.752,21.306
Feng,Pacific,LCP,2026,full year (per-game derived),Deep Cross Gaming,ADC,75,0.0,0.0,6.377
Shunn,Pacific,LCP,2026,full year (per-game derived),Ground Zero Gaming,ADC,48,-4.217,-0.0879,5.997
Kakkun,Pacific,LCP,2026,full year (per-game derived),DetonatioN FocusMe,ADC,33,-24.224,-0.7341,-1.974
Bie,Pacific,LCP,2026,full year (per-game derived),Team Secret Whales,Support,57,31.469,0.5521,24.23
ShiauC,Pacific,LCP,2026,full year (per-game derived),Deep Cross Gaming,Support,75,28.66,0.3821,23.476
Taki,Pacific,LCP,2026,full year (per-game derived),GAM Esports,Support,50,25.445,0.5089,18.401
Woody,Pacific,LCP,2026,full year (per-game derived),DetonatioN FocusMe,Support,18,21.072,1.1707,11.155
Vsta,Pacific,LCP,2026,full year (per-game derived),Fukuoka SoftBank HAWKS gaming,Support,52,14.56,0.28,13.275
Orca,Pacific,LCP,2026,full year (per-game derived),Ground Zero Gaming,Support,48,11.158,0.2325,11.158
Kino,Pacific,LCP,2026,full year (per-game derived),CTBC Flying Oyster,Support,18,2.892,0.1607,8.156
Elio,Pacific,LCP,2026,full year (per-game derived),MVK Esports,Support,19,0.177,0.0093,6.879
SiuLoong,Pacific,LCP,2026,full year (per-game derived),MVK Esports,Support,28,-0.177,-0.0063,-0.433
2274,Pacific,LCP,2026,full year (per-game derived),CTBC Flying Oyster,Support,26,-3.52,-0.1354,4.529
Gaeng,Pacific,LCP,2026,full year (per-game derived),DetonatioN FocusMe,Support,15,-25.136,-1.6757,-3.025
