Region,League,Year,Dataset,Team,Player,Pos,GP,WAR,WAR_per_game,CPS,proj_WAR,proj_effective_gp,proj_hist_gp_used,cross_region_first,shrinkage_target_used,DMG_DTH_ratio,z_DMG_GOLD_ratio,z_neg_DTH,z_KS_pct,z_WCPM_type3,z_CWPM_type3,z_WPM_type3,z_CSD10,z_GOLD%,z_TDPG_share_oe,z_CS%P15,z_KP,z_GD10
Korea,LCK,2023,full year (per-game derived),KT Rolster,Kiin,Top,113,28.831,0.2551,0.624826903139838,24.749,722.8,0,False,10.137,1.259029495490376,0.6578918827045328,,,,,,,,-0.0223787667182914,,,0.8919581334315102
Korea,LCK,2023,full year (per-game derived),Gen.G,Doran,Top,109,28.119,0.258,0.6025316274562585,24.081,702.8,0,False,10.137,0.922529191322491,-0.000157303704959,,,,,,,,1.4095696361402137,,,0.7288052944590933
Korea,LCK,2023,full year (per-game derived),T1,Zeus,Top,120,25.224,0.2102,0.5119906987926852,22.082,757.8,0,False,10.137,1.1106453921147483,-0.2285262880436395,,,,,,,,0.1371357736280681,,,1.288256835824504
Korea,LCK,2023,full year (per-game derived),DN SOOPers,DuDu,Top,83,21.818,0.2629,0.4054191943131052,18.599,572.8,0,False,10.137,1.3042306721707668,-0.2959316270997224,,,,,,,,1.3967921286074254,,,0.5286276235170914
Korea,LCK,2023,full year (per-game derived),Liiv SANDBOX,Clear,Top,17,13.599,0.7999,0.1482922265621529,11.349,242.8,0,False,10.137,1.2314250912397924,1.9110983020177967,,,,,,,,-1.222379706871356,,,-0.6709709563408697
Korea,LCK,2023,full year (per-game derived),Hanwha Life Esports,Kingen,Top,107,12.943,0.121,0.1277873116235615,12.304,692.8,0,False,10.137,1.1499638029759147,-0.2746644103211991,,,,,,,,1.0458684244971184,,,0.0397563964540215
Korea,LCK,2023,full year (per-game derived),Dplus Kia,Canna,Top,88,7.331,0.0833,-0.0477984899308741,8.072,597.8,0,False,10.137,1.032203038618865,-0.7581528448578172,,,,,,,,0.070765762022203,,,0.4795076859397714
Korea,LCK,2023,full year (per-game derived),HANJIN BRION,Morgan,Top,89,4.924,0.0553,-0.1230859369535943,6.289,602.8,0,False,10.137,1.1662086626740915,-0.1367100464916128,,,,,,,,0.4975245269148082,,,-0.3940346036353985
Korea,LCK,2023,full year (per-game derived),KT Rolster,PerfecT,Top,1,-4.489,-4.489,-0.4175782618521446,9.688,162.8,0,False,10.137,,-1.958952105731825,,,,,,,,-0.7654388936989819,,,1.0016642612525204
Korea,LCK,2023,full year (per-game derived),DRX,Rascal,Top,90,-4.924,-0.0547,-0.431192721109261,-1.013,607.8,0,False,10.137,1.1004210368802656,-0.5081247151746064,,,,,,,,0.0468844609161523,,,-0.5855561723400754
Korea,LCK,2023,full year (per-game derived),Nongshim RedForce,DnDn,Top,85,-11.582,-0.1363,-0.6394768562590496,-5.7,582.8,0,False,10.137,1.165295434370528,1.405571262612976,,,,,,,,-1.6498636445340529,,,-1.8534313224838872
Korea,LCK,2023,full year (per-game derived),Liiv SANDBOX,Burdol,Top,74,-15.489,-0.2093,-0.761715695782684,-7.826,527.8,0,False,10.137,1.16182304734795,0.1866578940900597,,,,,,,,-0.9444797009033084,,,-1.4545831760782817
Korea,LCK,2023,full year (per-game derived),KT Rolster,HamBak,Jungle,1,45.746,45.746,0.9774558896403552,21.358,162.8,0,False,20.585,,2.4365754233228465,3.0811536582766124,,,,,-1.6366530039906355,0.0287474809525976,,,,
Korea,LCK,2023,full year (per-game derived),T1,Oner,Jungle,120,27.669,0.2306,0.4119372138990417,26.194,757.8,0,False,20.585,0.7374804148638233,0.1017613904141741,-0.1982102118151386,,,,,0.416330426758715,1.3278672502384166,,,,
Korea,LCK,2023,full year (per-game derived),KT Rolster,Cuzz,Jungle,113,26.043,0.2305,0.3610679355674432,24.851,722.8,0,False,20.585,0.7475565535850899,1.1639434628573193,-0.3577278139305367,,,,,0.6686220418908452,-0.0305659485478549,,,,
Korea,LCK,2023,full year (per-game derived),Liiv SANDBOX,Willer,Jungle,91,24.553,0.2698,0.314443301041918,23.531,612.8,0,False,20.585,0.7369738982233576,-1.2058200308801692,0.2505606341457337,,,,,1.6254292220739377,0.5876033788281695,,,,
Korea,LCK,2023,full year (per-game derived),DN SOOPers,YoungJae,Jungle,83,23.531,0.2835,0.2824860192161107,22.719,572.8,0,False,20.585,0.7836294370167971,-0.897116523185275,0.4320798231563421,,,,,1.3755205347744033,0.2194602421189725,,,,
Korea,LCK,2023,full year (per-game derived),HANJIN BRION,UmTi,Jungle,89,23.21,0.2608,0.2724534946463346,22.523,602.8,0,False,20.585,0.7459730801207293,0.9190700929733032,-0.3656797619786393,,,,,-0.3919264321770817,0.9283500797677564,,,,
Korea,LCK,2023,full year (per-game derived),Dplus Kia,Canyon,Jungle,88,20.585,0.2339,0.1903124926043033,20.585,597.8,0,False,20.585,0.7000171744501994,-0.7680787980394653,-0.1478242188007866,,,,,0.5441998714332253,1.1329531158242403,,,,
Korea,LCK,2023,full year (per-game derived),Gen.G,Peanut,Jungle,109,15.797,0.1449,0.0405336909066846,16.872,702.8,0,False,20.585,0.6979279376109713,-0.4827741210853685,-0.1941577632444864,,,,,0.5394031389861014,0.2996635089704922,,,,
Korea,LCK,2023,full year (per-game derived),Nongshim RedForce,Sylvie,Jungle,85,6.397,0.0753,-0.2535494066884279,10.239,582.8,0,False,20.585,0.7252950484641424,-0.4269113400962577,-0.0356680393664501,,,,,-0.8184764528673215,0.2668582055763175,,,,
Korea,LCK,2023,full year (per-game derived),DRX,Croco,Jungle,57,1.363,0.0239,-0.411042033974514,8.214,442.8,0,False,20.585,0.7360145476685453,0.0858356317746019,-0.0886850952758948,,,,,-1.3687089131221986,-0.2726097592745646,,,,
Korea,LCK,2023,full year (per-game derived),Hanwha Life Esports,Grizzly,Jungle,35,-4.088,-0.1168,-0.5815595676413337,7.612,332.8,0,False,20.585,0.590672924083347,-0.7263995395716694,-0.8444783024351786,,,,,0.0439205531356386,-0.7992809816941254,,,,
Korea,LCK,2023,full year (per-game derived),DRX,Juhan,Jungle,33,-7.577,-0.2296,-0.6907268812767615,6.192,322.8,0,False,20.585,0.616993332655267,0.0306481048290817,-0.7946131811248691,,,,,-0.0610363163308132,-1.9379061324804456,,,,
Korea,LCK,2023,full year (per-game derived),Hanwha Life Esports,Clid,Jungle,72,-14.708,-0.2043,-0.91381214794114,-3.951,517.8,0,False,20.585,0.6148055976526529,-0.2307337533131178,-0.7367497276067035,,,,,-0.936624670564815,-1.7511404402799235,,,,
Korea,LCK,2023,full year (per-game derived),Gen.G,Chovy,Middle,109,43.555,0.3996,1.0038847095186632,37.404,702.8,0,False,16.166,1.584421618919551,0.9881886738696132,1.140634643756567,,,,,1.4703394630575004,,,0.0955012925641022,,
Korea,LCK,2023,full year (per-game derived),KT Rolster,Feisty,Middle,1,36.066,36.066,0.7696102751913989,16.777,162.8,0,False,16.166,,0.5844084892274767,0.606195570631385,,,,,1.095528360044314,,,0.5682306612774847,,
Korea,LCK,2023,full year (per-game derived),Hanwha Life Esports,Zeka,Middle,107,33.098,0.3093,0.6767570075945814,29.241,692.8,0,False,16.166,1.3373545547616754,-0.5246266630033739,0.2959043556549863,,,,,1.1922092542376868,,,1.3892102850016868,,
Korea,LCK,2023,full year (per-game derived),DRX,FATE,Middle,81,30.183,0.3726,0.5855623026768141,26.252,562.8,0,False,16.166,1.6645750972230589,1.1529348877097811,1.4248602406437454,,,,,-0.1921972612540706,,,0.4911726667904732,,
Korea,LCK,2023,full year (per-game derived),Nongshim RedForce,Callme,Middle,4,28.163,7.0408,0.5223489714557356,17.515,177.8,0,False,16.166,,0.8115261429190787,0.5419298342376269,,,,,0.0915867436996985,,,0.940606614218917,,
Korea,LCK,2023,full year (per-game derived),Dplus Kia,ShowMaker,Middle,88,20.667,0.2349,0.2878553889298181,19.479,597.8,0,False,16.166,1.3105052192514637,0.0231404995907539,0.4176827271889289,,,,,0.4786250622175683,,,0.1007079418034145,,
Korea,LCK,2023,full year (per-game derived),Liiv SANDBOX,Clozer,Middle,91,20.233,0.2223,0.2742832142173831,19.185,612.8,0,False,16.166,1.2023813230739988,-0.2309299051647702,-0.3960697941544419,,,,,0.3842776481188376,,,1.2645190048701591,,
Korea,LCK,2023,full year (per-game derived),T1,Faker,Middle,102,16.549,0.1622,0.1590210153414893,16.458,667.8,0,False,16.166,1.1217914848875683,0.8952937178929457,-0.5909949000910018,,,,,0.7868314753121806,,,-0.8864798599064284,,
Korea,LCK,2023,full year (per-game derived),DN SOOPers,BuLLDoG,Middle,83,15.782,0.1901,0.1350211631842308,15.888,572.8,0,False,16.166,1.2640377017418505,0.5165940205070314,-0.0673368808867466,,,,,-0.0768019742841834,,,0.3134086250990099,,
Korea,LCK,2023,full year (per-game derived),KT Rolster,Bdd,Middle,113,11.852,0.1049,0.0120866337596074,12.794,722.8,0,False,16.166,1.2631731391046406,0.1517261317165516,0.2901164705650851,,,,,0.3621975479219735,,,-0.9966175443320802,,
Korea,LCK,2023,full year (per-game derived),HANJIN BRION,Karis,Middle,79,9.441,0.1195,-0.0633597921964614,11.361,552.8,0,False,16.166,1.367993829068066,-0.6578005933823711,0.7307488411974459,,,,,-0.3900829885166983,,,0.2880316339731587,,
Korea,LCK,2023,full year (per-game derived),Nongshim RedForce,FIESTA,Middle,69,0.0,0.0,-0.358702682840036,5.074,502.8,0,False,16.166,1.21564732585267,0.5773470359933686,-0.4534689794461696,,,,,-0.5950370027567418,,,-0.8010651871129016,,
Korea,LCK,2023,full year (per-game derived),DRX,kyeahoo,Middle,9,-2.447,-0.2719,-0.4352490086889311,12.036,202.8,0,False,16.166,1.2162738725125413,-1.6007649862302864,0.7514160674782745,,,,,0.3863139414298625,,,-1.843558578718356,,
Korea,LCK,2023,full year (per-game derived),HANJIN BRION,Ivory,Middle,10,-19.218,-1.9218,-0.9599363861427564,7.653,207.8,0,False,16.166,0.8511592647750178,0.4723438085264009,-2.509582310722061,,,,,-1.7194247073211724,,,0.4399926828048388,,
Korea,LCK,2023,full year (per-game derived),T1,Poby,Middle,18,-24.338,-1.3521,-1.120086649305147,1.457,247.8,0,False,16.166,0.9569590649913684,-2.510052021189123,-0.801362288909912,,,,,-1.4559929111256926,,,0.517935336489065,,
Korea,LCK,2023,full year (per-game derived),Nongshim RedForce,Quad,Middle,12,-36.133,-3.0111,-1.489096162696388,1.761,217.8,0,False,16.166,0.8953772051363085,-0.6493292389830856,-1.380673597143717,,,,,-1.8183726507810631,,,-1.881595574822521,,
Korea,LCK,2023,full year (per-game derived),T1,Gumayusi,ADC,119,28.771,0.2418,0.6868741887620472,23.896,752.8,0,False,5.52,1.5590767421846912,-0.3345818237761619,0.6134353432089362,-0.3123064415964792,,,,1.3692965437880793,,,1.245499378403321,,
Korea,LCK,2023,full year (per-game derived),Hanwha Life Esports,Viper,ADC,107,26.83,0.2507,0.6261483564317317,21.975,692.8,0,False,5.52,1.9030812914919493,1.3329365554376713,1.0852370072856463,-0.4946307311087311,,,,0.652477721521736,,,0.5218095226598308,,
Korea,LCK,2023,full year (per-game derived),Dplus Kia,Deft,ADC,85,21.186,0.2492,0.4495617487198717,16.944,582.8,0,False,5.52,1.5116272517161655,0.6617934070535372,0.048973953064365,0.0430281325529775,,,,0.8936896142377169,,,0.0451638047934561,,
Korea,LCK,2023,full year (per-game derived),KT Rolster,Aiming,ADC,113,19.577,0.1732,0.3992161951987996,16.508,722.8,0,False,5.52,1.7733282055831383,-0.0022696903286118,1.0510325235453803,0.100142093372577,,,,0.2045680363523701,,,0.8859182116103193,,
Korea,LCK,2023,full year (per-game derived),Nongshim RedForce,Jiwoo,ADC,36,17.405,0.4835,0.33127193459476,11.852,337.8,0,False,5.52,1.3141696714252675,0.2931801770140047,-0.8897030490657685,0.7627776122549922,,,,0.0701394928918968,,,1.7463809920072544,,
Korea,LCK,2023,full year (per-game derived),Gen.G,Peyz,ADC,109,17.22,0.158,0.3255013367406014,14.593,702.8,0,False,5.52,1.5588177242497172,0.3964427433907243,0.4733116509218347,0.7034698841991736,,,,0.0299545180709841,,,0.3937614104573119,,
Korea,LCK,2023,full year (per-game derived),Liiv SANDBOX,Teddy,ADC,40,15.302,0.3826,0.2655050307273253,10.987,357.8,0,False,5.52,1.3994258098522747,0.5516248879973904,-0.2298771125887549,0.0346990053823553,,,,0.7180112339505235,,,-0.3125656151338856,,
Korea,LCK,2023,full year (per-game derived),Liiv SANDBOX,Envyy,ADC,51,7.023,0.1377,0.0064910999486809,6.448,412.8,0,False,5.52,1.3748092909956016,0.2433486852847708,-0.0458294434725887,-0.6972333584559076,,,,0.8329691218188895,,,-1.3338970327695194,,
Korea,LCK,2023,full year (per-game derived),KT Rolster,Hype,ADC,1,4.017,4.017,-0.0875490422682386,5.474,162.8,0,False,5.52,,1.048161462629405,-2.625206718489489,1.2111045785556158,,,,0.0301015006720653,,,-0.2489692133841703,,
Korea,LCK,2023,full year (per-game derived),HANJIN BRION,Hena,ADC,89,2.611,0.0293,-0.1315537489707406,3.373,602.8,0,False,5.52,1.571338858494177,0.4990894028786166,0.6230063507486707,-0.7399619662328469,,,,-0.3223928080036433,,,-0.478960900453372,,
Korea,LCK,2023,full year (per-game derived),Dplus Kia,Rahel,ADC,3,0.316,0.1053,-0.203338327606271,5.068,172.8,0,False,5.52,,-2.479402684960018,-1.1461241727247975,0.3679318565636035,,,,0.9063436931764683,,,-0.0525428560650359,,
Korea,LCK,2023,full year (per-game derived),Nongshim RedForce,vital,ADC,49,0.0,0.0,-0.2132233197077815,2.163,402.8,0,False,5.52,1.5926219964610822,0.2202417242241688,0.5544674045923579,-0.5905258084472911,,,,-1.3184499280625428,,,1.449683269597851,,
Korea,LCK,2023,full year (per-game derived),DRX,Paduck,ADC,46,-0.272,-0.0059,-0.2217237714711172,2.085,387.8,0,False,5.52,1.4937824164859097,0.6457858016541145,0.2748330807895864,-0.6915949662116341,,,,-0.5796224608265571,,,-0.3106469510667962,,
Korea,LCK,2023,full year (per-game derived),DN SOOPers,Taeyoon,ADC,83,-5.48,-0.066,-0.3846750148667266,-2.449,572.8,0,False,5.52,1.1019982488308202,-0.3421777504120187,-1.1572761260879263,-0.7997286756645804,,,,0.3095482226126432,,,-0.8015197916309632,,
Korea,LCK,2023,full year (per-game derived),DRX,Pleata,ADC,6,-21.229,-3.5382,-0.8773498708841427,1.248,187.8,0,False,5.52,1.2930531199532271,-1.721400578522876,0.5994724509885919,2.655872697657931,,,,-2.3106063981585776,,,-1.8185168672927383,,
Korea,LCK,2023,full year (per-game derived),DRX,deokdam,ADC,38,-24.227,-0.6376,-0.9711567953488036,-10.729,347.8,0,False,5.52,1.3962433344722582,-1.0127723195647031,0.7702468572839635,-1.5530439128217726,,,,-1.486028104042051,,,-0.9305973617328944,,
Korea,LCK,2023,full year (per-game derived),Liiv SANDBOX,Kael,Support,91,38.468,0.4227,0.8884167904302932,31.331,612.8,0,False,10.756,0.4746416678661457,,0.5596724217168958,,1.1623433570093824,2.00363536940212,0.6904157366541027,,,,,0.6709581006621627,0.3724639637957349
Korea,LCK,2023,full year (per-game derived),T1,Keria,Support,120,38.341,0.3195,0.8844350880980495,32.596,757.8,0,False,10.756,0.5311946093210145,,0.9202582947129412,,0.0667670675867406,0.8605995252675833,0.9407087992542192,,,,,1.0656293751655392,1.3390049909006283
Korea,LCK,2023,full year (per-game derived),Dplus Kia,Kellin,Support,75,22.528,0.3004,0.3897388013851978,19.041,532.8,0,False,10.756,0.4493460474086712,,0.3984684844980189,,-0.4125817488139064,-0.4467575037312587,-0.486353733142253,,,,,1.7048516514704624,1.3425922867011384
Korea,LCK,2023,full year (per-game derived),Nongshim RedForce,Peter,Support,85,19.43,0.2286,0.2928069082472772,17.081,582.8,0,False,10.756,0.5040732261228086,,1.361966148238934,,-0.8193093548598982,0.3045285357922452,0.279520809551005,,,,,1.139445635171658,-0.3488868778787692
Korea,LCK,2023,full year (per-game derived),HANJIN BRION,Effort,Support,89,16.855,0.1894,0.2122671775820852,15.258,602.8,0,False,10.756,0.3892894800146997,,0.0863270119935716,,0.2227305511231061,0.8524296449934117,0.5379479781073333,,,,,-0.5565616539487179,0.147037062095462
Korea,LCK,2023,full year (per-game derived),Dplus Kia,Bible,Support,13,11.977,0.9213,0.0596472454480798,11.112,222.8,0,False,10.756,0.4019745835539863,,0.602485010698519,,-0.997813449966607,0.5982449689885656,0.6570635273744523,,,,,-0.7866410417940582,0.2395650149997018
Korea,LCK,2023,full year (per-game derived),Gen.G,Delight,Support,109,11.887,0.1091,0.0568275827308855,11.633,702.8,0,False,10.756,0.4553402203058854,,0.5088446949900908,,-0.5158554185027263,-0.778293546564166,0.0683769670620157,,,,,0.4213414859970926,0.5206065672685822
Korea,LCK,2023,full year (per-game derived),DRX,BeryL,Support,90,9.624,0.1069,-0.0139507476387876,9.918,607.8,0,False,10.756,0.4185128958167992,,-0.5431557014134103,,1.2696141697401564,0.2802677627004513,0.1154752280852139,,,,,-0.9915466329998204,-0.1742775990840112
Korea,LCK,2023,full year (per-game derived),Hanwha Life Esports,Life,Support,107,7.538,0.0704,-0.0792128571775145,8.271,692.8,0,False,10.756,0.4061853188899291,,0.0103455212459325,,-0.1501640711142139,-0.5973135476869126,0.7917145027203486,,,,,-0.2409321944105202,-0.24698445449128
Korea,LCK,2023,full year (per-game derived),KT Rolster,Lehends,Support,113,0.0,0.0,-0.3150358489789029,2.349,722.8,0,False,10.756,0.3791563259240774,,-0.511068217177851,,-0.0870374781348362,-0.5512399494711456,0.1460443724554178,,,,,-0.8083785420918428,-0.1258353933583081
Korea,LCK,2023,full year (per-game derived),DN SOOPers,Moham,Support,21,-0.038,-0.0018,-0.3162325101432117,6.444,262.8,0,False,10.756,0.3889875255348323,,-0.8399565175664068,,0.9562057865840085,-0.8891708364376099,-0.4245781763320266,,,,,0.8062917454305988,-1.26819615205891
Korea,LCK,2023,full year (per-game derived),KT Rolster,Way,Support,1,-5.471,-5.471,-0.4862047844163869,10.257,162.8,0,False,10.756,,,-2.7772902217367785,,1.714449074311417,1.016490142215267,0.8503258453343807,,,,,-0.5935794659709657,-2.5993402214045904
Korea,LCK,2023,full year (per-game derived),DN SOOPers,Jun,Support,42,-8.714,-0.2075,-0.5876357315128082,-0.36,367.8,0,False,10.756,0.4482038996422372,,-0.2020786447129771,,-0.4652585738646173,-1.027700775393113,-2.50320816382234,,,,,0.0146441662760053,0.4087029356495933
Korea,LCK,2023,full year (per-game derived),DN SOOPers,Andil,Support,20,-21.443,-1.0722,-0.985867114054258,-1.732,257.8,0,False,10.756,0.4405157108469528,,0.425181714512514,,-1.944089911098004,-1.6257197900754494,-1.663453693301875,,,,,-1.845522628957584,0.3935478768650283
Korea,LCK,2024,full year (per-game derived),Gen.G,Kiin,Top,103,38.191,0.3708,1.187424773682679,30.205,898.8,113,False,6.118,0.985708469329011,0.6592111392014935,,,,,,,,1.7230775689858926,,,1.3761210222112794
Korea,LCK,2024,full year (per-game derived),KT Rolster,Casting,Top,3,33.509,11.1697,1.007559774043608,9.026,198.8,26,False,6.118,,1.766295658759048,,,,,,,,-1.5745230020924494,,,1.560449857520093
Korea,LCK,2024,full year (per-game derived),T1,Zeus,Top,114,30.153,0.2645,0.87863668181638,25.011,967.8,120,False,6.118,1.0127724086047951,0.4730514115282191,,,,,,,,1.098397893448987,,,1.1105877158555082
Korea,LCK,2024,full year (per-game derived),Hanwha Life Esports,Doran,Top,112,18.248,0.1629,0.4212715918744944,18.502,935.8,109,False,6.118,0.8412376786905926,0.7729533179743671,,,,,,,,0.6803924167399008,,,0.0157498046721412
Korea,LCK,2024,full year (per-game derived),Dplus Kia,Kingen,Top,111,12.523,0.1128,0.201294078841822,11.529,926.8,107,False,6.118,0.964084257696099,0.3561762103339231,,,,,,,,-0.1952299231727023,,,0.254810517627614
Korea,LCK,2024,full year (per-game derived),HANJIN BRION,Morgan,Top,82,9.305,0.1135,0.0776911108983178,7.585,745.8,89,False,6.118,1.198850942747346,0.8135164347748235,,,,,,,,-1.1148309913945806,,,0.0177077105870398
Korea,LCK,2024,full year (per-game derived),Nongshim RedForce,DnDn,Top,55,6.118,0.1112,-0.0447622269192723,1.156,603.8,87,False,6.118,1.083762571306882,-0.4237230172874267,,,,,,,,0.6097866157013093,,,-0.0322255996274105
Korea,LCK,2024,full year (per-game derived),KT Rolster,PerfecT,Top,94,6.054,0.0644,-0.0472296806764891,6.568,656.3,54,False,6.118,0.9803332947482706,-0.0430810338746467,,,,,,,,-0.2557327988243402,,,0.0441501165528447
Korea,LCK,2024,full year (per-game derived),DN SOOPers,DuDu,Top,90,4.761,0.0529,-0.096881504347718,8.697,773.8,83,False,6.118,1.272034803206188,-1.0200099404069878,,,,,,,,0.7258013295708654,,,0.2844586551923283
Korea,LCK,2024,full year (per-game derived),BNK FEARX,Clear,Top,88,4.466,0.0508,-0.1082189698111179,5.589,660.3,74,False,6.118,1.1088723927329578,0.4846702618480573,,,,,,,,-0.4285840070078848,,,-0.4476896878973673
Korea,LCK,2024,full year (per-game derived),Nongshim RedForce,Mihile,Top,29,-13.398,-0.462,-0.7945294711690785,-0.456,404.8,102,False,6.118,1.038990115153215,-0.9295227810922496,,,,,,,,0.6642254889665197,,,-1.3471508358390287
Korea,LCK,2024,full year (per-game derived),DRX,Rascal,Top,62,-25.704,-0.4146,-1.26730072888157,-12.177,647.8,90,False,6.118,0.94374103838599,-1.8304650860878653,,,,,,,,-0.6973367105503999,,,-1.0656044449542237
Korea,LCK,2024,full year (per-game derived),DRX,Frog,Top,21,-29.548,-1.407,-1.4149554293520503,-8.967,318.8,56,False,6.118,0.8847145488334904,-1.0790725756707409,,,,,,,,-1.235443880371119,,,-1.7713648319008182
Korea,LCK,2024,full year (per-game derived),HANJIN BRION,YoungJae,Jungle,35,20.441,0.584,0.6648324785216403,16.134,498.8,83,False,3.579,1.0502829175171635,0.9365645399739894,1.967525390182135,,,,,-1.3429319452470143,1.0981719291774512,,,,
Korea,LCK,2024,full year (per-game derived),BNK FEARX,Raptor,Jungle,45,19.028,0.4228,0.6105307214576728,14.764,452.8,70,False,3.579,0.8322787042981148,1.344509692762496,-0.0969176718690724,,,,,0.2707379505372613,0.9237929144000062,,,,
Korea,LCK,2024,full year (per-game derived),DN SOOPers,Cuzz,Jungle,90,18.012,0.2001,0.5715141242066202,17.457,833.8,113,False,3.579,0.8212357587644723,0.810881620463142,0.1563300917039727,,,,,0.529031664654322,0.7898131200050436,,,,
Korea,LCK,2024,full year (per-game derived),T1,Oner,Jungle,112,16.887,0.1508,0.5282829590488909,17.396,957.8,120,False,3.579,0.7568704658800227,0.3389108465651422,-0.3272423046986667,,,,,1.18996415089679,0.9114991434322982,,,,
Korea,LCK,2024,full year (per-game derived),BNK FEARX,Willer,Jungle,43,13.544,0.315,0.3998527624830854,14.32,554.8,91,False,3.579,0.830534678295392,-0.5363325526193429,1.285609468130281,,,,,0.7510621195964051,0.0990720148249986,,,,
Korea,LCK,2024,full year (per-game derived),Hanwha Life Esports,Peanut,Jungle,112,10.349,0.0924,0.2770865974040232,10.476,935.8,109,False,3.579,0.7269210228760012,-1.100534877342228,0.2466916979278608,,,,,0.8814160309652314,1.0807735380652286,,,,
Korea,LCK,2024,full year (per-game derived),HANJIN BRION,GIDEON,Jungle,37,3.585,0.0969,0.0172327304122051,3.582,342.8,0,False,3.579,0.7120219057035603,-0.8712139520249389,0.3759109549747096,,,,,0.9418512099144511,-0.3776172912154013,,,,
Korea,LCK,2024,full year (per-game derived),KT Rolster,Pyosik,Jungle,97,3.573,0.0368,0.0167947406267591,3.574,642.8,0,True,3.579,0.7468640638091131,-0.8540304189082291,0.5058688843537659,,,,,-0.051906844945925,0.4672473420074247,,,,
Korea,LCK,2024,full year (per-game derived),Gen.G,Canyon,Jungle,103,0.269,0.0026,-0.1101396178626513,5.097,848.8,88,False,3.579,0.7026410878646224,-1.0225343122978725,0.2958800745041375,,,,,0.4549963907412145,-0.1689006243980853,,,,
Korea,LCK,2024,full year (per-game derived),Dplus Kia,Lucid,Jungle,111,0.0,0.0,-0.1204823860458006,4.397,837.8,125,False,3.579,0.6921784999566385,-0.8277884383635611,0.0585611064667674,,,,,0.557750773869748,-0.2704529861561568,,,,
Korea,LCK,2024,full year (per-game derived),Nongshim RedForce,Sylvie,Jungle,84,-5.952,-0.0709,-0.349132124640598,-1.133,747.8,85,False,3.579,0.7134934119287956,0.0747517312945748,-0.20776496523221,,,,,-0.7527370731461123,-0.510778191478645,,,,
Korea,LCK,2024,full year (per-game derived),DRX,Sponge,Jungle,83,-15.413,-0.1857,-0.712626563769315,-7.017,685.8,113,False,3.579,0.5772968265898648,-0.538273871520628,-1.991664859442568,,,,,-0.0597901943645031,-0.2607773297495607,,,,
Korea,LCK,2024,full year (per-game derived),HANJIN BRION,DDoiV,Jungle,10,-18.856,-1.8856,-0.8448831120893873,-1.82,219.8,12,False,3.579,0.647654245205851,0.1202505239097084,-0.816200203054704,,,,,-1.220122186993235,-1.4634605822193187,,,,
Korea,LCK,2024,full year (per-game derived),T1,Guwon,Jungle,2,-21.562,-10.781,-0.9488633097531368,-0.045,257.8,90,False,3.579,,2.1248394681077616,-1.452587663946421,,,,,-2.149322046478633,-2.3183829966952545,,,,
Korea,LCK,2024,full year (per-game derived),Gen.G,Chovy,Middle,103,42.737,0.4149,1.5008450478885986,35.81,890.8,109,False,2.514,1.568737705034882,0.7331881187425809,0.4663274986667629,,,,,2.370250442164717,,,1.8361536557244296,,
Korea,LCK,2024,full year (per-game derived),Hanwha Life Esports,Zeka,Middle,112,18.789,0.1678,0.5808107578458414,19.318,931.8,107,False,2.514,1.5437750326175357,-0.0606150417982656,0.9185156901586607,,,,,0.8969156623271971,,,0.350862913941689,,
Korea,LCK,2024,full year (per-game derived),KT Rolster,Bdd,Middle,97,17.362,0.179,0.5260144492669896,13.231,868.8,113,False,2.514,1.4887496620858862,0.6016950469315914,0.5114534202603568,,,,,0.5850659432604902,,,0.3652367383926137,,
Korea,LCK,2024,full year (per-game derived),BNK FEARX,Clozer,Middle,88,15.662,0.178,0.460699640724499,14.068,779.8,91,False,2.514,1.4751771357820744,-0.7305519245408609,0.6210357021231635,,,,,0.488001829771388,,,1.4454603313562204,,
Korea,LCK,2024,full year (per-game derived),DN SOOPers,BuLLDoG,Middle,90,6.641,0.0738,0.1141207030938663,7.76,773.8,83,False,2.514,1.5014353572710408,0.7855726166844511,0.5862927418448417,,,,,-0.5424052214892962,,,0.0783360177286934,,
Korea,LCK,2024,full year (per-game derived),Nongshim RedForce,Fisher,Middle,33,5.764,0.1747,0.0804439457981008,4.175,322.8,0,False,2.514,1.3636291050631435,0.6838515504210414,-0.39749389531668,,,,,-0.4187349496796599,,,0.7976942767864503,,
Korea,LCK,2024,full year (per-game derived),T1,Faker,Middle,114,5.623,0.0493,0.0750033655722624,7.488,931.8,102,False,2.514,1.262255922259044,-0.4056159173559809,-0.1278461802778916,,,,,0.6664306457630317,,,-0.2396222074969345,,
Korea,LCK,2024,full year (per-game derived),DRX,kyeahoo,Middle,49,2.827,0.0577,-0.0324058781800349,2.484,420.8,9,False,2.514,1.4387832976329311,-0.0347764232766252,0.5047117325747393,,,,,-0.122565323074454,,,-0.4152369175798252,,
Korea,LCK,2024,full year (per-game derived),Dplus Kia,ShowMaker,Middle,111,2.2,0.0198,-0.0565143519240901,5.912,888.8,88,False,2.514,1.3233471617718315,0.6837284725175212,-0.0983877001917454,,,,,0.1726370364143538,,,-1.141617594938239,,
Korea,LCK,2024,full year (per-game derived),HANJIN BRION,FATE,Middle,19,0.0,0.0,-0.1410154421838686,12.743,414.8,81,False,2.514,1.6474246781646384,1.183628772525653,1.2154947289239697,,,,,-1.898910751953995,,,0.1441061237106082,,
Korea,LCK,2024,full year (per-game derived),DRX,SeTab,Middle,34,-3.648,-0.1073,-0.2811779398105022,5.918,437.8,110,False,2.514,1.286113371338747,-1.24020642571478,-0.2592248879195648,,,,,-0.3034331525987719,,,0.6934487426725429,,
Korea,LCK,2024,full year (per-game derived),Nongshim RedForce,FIESTA,Middle,7,-7.626,-1.0894,-0.4339993087897127,0.392,330.8,69,False,2.514,1.2340382723215235,-0.0268064879727034,-0.7629927727121704,,,,,0.6227435188309987,,,-2.2955766244140525,,
Korea,LCK,2024,full year (per-game derived),Nongshim RedForce,Calix,Middle,8,-9.745,-1.2181,-0.5154039456836645,5.445,231.8,34,False,2.514,1.361436310199034,-1.6217663625314087,0.9957238280070128,,,,,-0.9528738416635492,,,-0.18253193836631,,
Korea,LCK,2024,full year (per-game derived),HANJIN BRION,Karis,Middle,57,-10.108,-0.1773,-0.5293626378372804,-1.315,606.3,90,False,2.514,1.2792674498172325,-2.11379109993626,0.1262338682975894,,,,,-0.281737466123121,,,-0.0187708200246519,,
Korea,LCK,2024,full year (per-game derived),HANJIN BRION,Pullbae,Middle,6,-10.511,-1.7518,-0.544840772083331,6.75,308.8,121,False,2.514,1.0480744480604618,0.2397867145268417,-1.8943967133409076,,,,,0.1157628606075792,,,-1.0942224542132453,,
Korea,LCK,2024,full year (per-game derived),Nongshim RedForce,Callme,Middle,36,-17.237,-0.4788,-0.8032176336976845,-4.208,380.8,74,False,2.514,1.0781831751126798,1.3226783907771822,-2.405447061098141,,,,,-1.3971472325569063,,,-0.3237202432800179,,
Korea,LCK,2024,full year (per-game derived),Dplus Kia,Aiming,ADC,111,29.91,0.2695,0.9073432318972116,23.58,938.8,113,False,7.051,2.144006615256078,-0.2410657926433429,1.0942610711708036,1.4438069542003489,,,,0.4738746348937019,,,2.307675038118933,,
Korea,LCK,2024,full year (per-game derived),DRX,Teddy,ADC,81,29.774,0.3676,0.9021503779031984,22.394,642.8,40,False,7.051,1.7229682754451736,1.126704315071526,0.1907806272868358,1.0562062608385052,,,,1.2422356831099295,,,0.4697183717007808,,
Korea,LCK,2024,full year (per-game derived),Hanwha Life Esports,Viper,ADC,112,17.163,0.1532,0.4176284082035107,17.67,931.8,107,False,7.051,1.840366637113276,1.3500052079119238,0.5230917556650411,0.2333221742491284,,,,-0.1374497564983873,,,0.8130203655672205,,
Korea,LCK,2024,full year (per-game derived),HANJIN BRION,Samver,ADC,18,16.96,0.9422,0.4098268444918954,10.65,247.8,0,False,7.051,1.417352962234134,-1.3029921538377596,0.3464285227779193,0.111381966546897,,,,1.5867537339377238,,,-0.163596458772589,,
Korea,LCK,2024,full year (per-game derived),KT Rolster,Deft,ADC,97,16.863,0.1738,0.4061156819168164,15.862,812.8,85,False,7.051,1.5625433855401996,0.8223520487160519,-0.0427428328327204,-0.0828899912563235,,,,0.9361020896808092,,,-0.2647259144287269,,
Korea,LCK,2024,full year (per-game derived),HANJIN BRION,Envyy,ADC,64,14.195,0.2218,0.3036173192110519,10.989,579.8,51,False,7.051,1.2578801065363792,0.4428523383380091,-0.716419973859378,0.1004633591272016,,,,0.5189887864388244,,,0.9029877519758868,,
Korea,LCK,2024,full year (per-game derived),Gen.G,Peyz,ADC,103,9.697,0.0941,0.13080590871936,11.069,890.8,109,False,7.051,1.738354894084996,-0.3863225694193785,0.7495604666930343,0.8256727643837235,,,,-0.0580060778492832,,,-0.240860057000492,,
Korea,LCK,2024,full year (per-game derived),T1,Gumayusi,ADC,114,4.406,0.0386,-0.0724417655893597,10.842,965.8,119,False,7.051,1.4031103505296925,-0.390707969224552,-0.0429567099699461,-0.3602976904419421,,,,0.5890127468328319,,,-0.9840773456709296,,
Korea,LCK,2024,full year (per-game derived),Nongshim RedForce,Jiwoo,ADC,84,2.693,0.0321,-0.1382658655839848,5.369,678.3,93,False,7.051,1.5255332145499438,0.8870215408773824,-0.0993072072590324,0.4350267583366755,,,,-1.067370712314433,,,0.3146813508525432,,
Korea,LCK,2024,full year (per-game derived),DRX,Paduck,ADC,2,-1.254,-0.627,-0.2899095897009891,4.075,261.3,49,False,7.051,,-1.7262645011512878,1.431792330694305,-2.8747785110206188,,,,0.5870453948471187,,,0.0364636074404026,,
Korea,LCK,2024,full year (per-game derived),BNK FEARX,Hena,ADC,88,-8.079,-0.0918,-0.5521027950583975,-2.548,775.8,89,False,7.051,1.51756801146341,0.3660728386563752,0.1475025308983039,-0.2228293973345646,,,,-1.5286374678264651,,,-0.3019541387255529,,
Korea,LCK,2024,full year (per-game derived),DN SOOPers,Leaper,ADC,44,-8.574,-0.1949,-0.5711224614876379,-2.047,377.8,0,False,7.051,1.2518263754768433,-0.707375215516923,-0.3579335825544006,-0.6304884801354723,,,,-0.8488280839812906,,,0.0361450828669631,,
Korea,LCK,2024,full year (per-game derived),DN SOOPers,Taeyoon,ADC,4,-17.587,-4.3968,-0.9173919206348208,-0.432,343.8,83,False,7.051,,1.008529638584696,-2.8134340599408563,-0.0568213562714757,,,,-1.2650852338748533,,,-1.0255319501215745,,
Korea,LCK,2024,full year (per-game derived),DN SOOPers,Bull,ADC,42,-18.078,-0.4304,-0.9362533742878536,-6.796,449.8,82,False,7.051,1.129238334346599,-1.2488097263627265,-0.4106229387699146,0.0222251887779099,,,,-1.028635737396227,,,-1.8999457038028431,,
Korea,LCK,2024,full year (per-game derived),T1,Keria,Support,114,37.105,0.3255,0.963750920727068,33.505,967.8,120,False,13.154,0.6096981959960455,,1.1680947842185618,,0.0853385669781808,0.7522750984223578,1.2982898346384113,,,,,-0.1220478484883091,2.2731942550199777
Korea,LCK,2024,full year (per-game derived),HANJIN BRION,Effort,Support,14,34.617,2.4726,0.8681973979758792,18.431,406.8,91,False,13.154,0.4593194800197478,,-0.1521341624539628,,1.7637759830386457,2.664133927292067,1.4420661212775536,,,,,1.1751011522590888,-1.1733674272513177
Korea,LCK,2024,full year (per-game derived),DRX,Pleata,Support,83,25.465,0.3068,0.5165730309108298,22.181,603.8,31,False,13.154,0.5794821620604429,,1.5446064044120091,,-0.3440584153096708,0.7824604747353775,1.678609861699911,,,,,0.6230439464709469,-0.8448646630527099
Korea,LCK,2024,full year (per-game derived),Hanwha Life Esports,Delight,Support,112,24.622,0.2198,0.4842161117476711,19.721,935.8,109,False,13.154,0.5002238873845857,,0.8137704882890909,,0.2658579885380576,0.0682952017116133,0.0597542716998903,,,,,0.7983691846089253,0.8162428508602938
Korea,LCK,2024,full year (per-game derived),KT Rolster,BeryL,Support,97,23.951,0.2469,0.4584224398172815,18.746,822.8,90,False,13.154,0.4629455971354724,,-0.3202826187863762,,1.3755632084102696,-0.2911191535346351,-0.3524956083554226,,,,,1.2411049690557237,0.96989556165476
Korea,LCK,2024,full year (per-game derived),Nongshim RedForce,vital,Support,11,19.324,1.7567,0.2806483166631036,14.748,212.8,0,False,13.154,0.5136235748842007,,0.6963176246020838,,2.1516779867804185,-0.8201275854312041,-1.3417238887920775,,,,,0.0982673190367591,0.7757124183587341
Korea,LCK,2024,full year (per-game derived),Gen.G,Lehends,Support,103,17.313,0.1681,0.2034122107514664,12.23,898.8,113,False,13.154,0.3641480200265021,,-1.3204373256055608,,-0.2231611946986083,0.4038751574757561,1.5718769447756866,,,,,-0.4107391438512615,0.9999295032805228
Korea,LCK,2024,full year (per-game derived),Nongshim RedForce,Peter,Support,44,15.692,0.3566,0.1411276217175643,16.121,547.8,85,False,13.154,0.5895989433144626,,1.6449209238577465,,-0.053016597468597,-0.4562933216018431,-0.2419975964942586,,,,,1.1255334814590114,-0.909679403213826
Korea,LCK,2024,full year (per-game derived),BNK FEARX,Duro,Support,34,10.616,0.3122,-0.0538691756567708,13.444,430.8,103,False,13.154,0.4059951723071082,,0.2441177943832254,,-0.5702211207535061,0.5982083854775639,-0.3783599458608885,,,,,-0.3877587683893157,0.1258650458304827
Korea,LCK,2024,full year (per-game derived),HANJIN BRION,Pollu,Support,68,1.65,0.0243,-0.3983219072286219,5.127,574.8,77,False,13.154,0.442558911472673,,-0.0356676465559726,,-0.7321662895846649,-1.036395552898635,-0.0275212305875791,,,,,0.3714997659570072,-0.8234087732072338
Korea,LCK,2024,full year (per-game derived),Dplus Kia,Kellin,Support,90,1.043,0.0116,-0.4216697910436635,7.837,760.3,80,False,13.154,0.4123034331177431,,-1.1572307805831368,,-0.6669241221224662,-0.826905793508085,-0.1743389396441604,,,,,-0.7441373255854511,0.7472806139363221
Korea,LCK,2024,full year (per-game derived),Dplus Kia,Moham,Support,21,0.36,0.0171,-0.4478923585432553,7.531,315.8,43,False,13.154,0.4291475769979747,,0.0403391501393121,,0.1361813673383674,0.2636276368686115,-1.3367950374692497,,,,,-0.8934800078102596,-0.8073602799697018
Korea,LCK,2024,full year (per-game derived),Nongshim RedForce,GuGer,Support,29,-1.081,-0.0373,-0.5032412334452535,6.338,302.8,0,False,13.154,0.473365728991332,,0.1539588185786795,,-0.0110634994550011,-0.6141363595659826,-1.0216292941227605,,,,,-1.0894031587259014,-0.4503873725934948
Korea,LCK,2024,full year (per-game derived),BNK FEARX,Execute,Support,54,-2.053,-0.038,-0.5406006122836136,3.557,427.8,0,True,13.154,0.4300374361842638,,-0.655713373297108,,-1.539158555614557,-1.1178560945903602,-0.0188683548573266,,,,,0.1301602184456205,-0.1418541334870826
Korea,LCK,2024,full year (per-game derived),DN SOOPers,Andil,Support,76,-4.646,-0.0611,-0.640214391453195,-0.872,607.8,80,False,13.154,0.404585483700433,,-1.0852737436793174,,-1.0218222960649506,-1.1097946602473177,-0.9560372837198796,,,,,0.6097859208992551,-0.3505583070162074
Korea,LCK,2024,full year (per-game derived),DN SOOPers,Quantum,Support,14,-11.682,-0.8344,-0.9105385806564816,5.523,227.8,0,False,13.154,0.4467138280581437,,-1.5793863375192596,,-0.6168030100119186,0.739752639394718,-0.2008298541878461,,,,,-2.525299705341803,-1.2066398891495196
Korea,LCK,2025,full year (per-game derived),HANJIN BRION,Casting,Top,4,77.075,19.2688,1.4567412072021726,18.316,241.8,119,False,12.932,,1.1265108066944507,,,,,,,,0.2600338225501076,,,2.270887618823066
Korea,LCK,2025,full year (per-game derived),DN SOOPers,Lancer,Top,6,44.948,7.4913,0.7132641070219478,27.366,304.3,129,False,12.932,1.0229946567978443,1.6167953324668272,,,,,,,,-0.6339003267696001,,,0.5863587561086592
Korea,LCK,2025,full year (per-game derived),Nongshim RedForce,Kingen,Top,125,36.059,0.2885,0.5075373872937536,25.852,1111.8,218,False,12.932,1.253364006711028,0.1885153691992519,,,,,,,,1.4274145317803368,,,0.3504294273317171
Korea,LCK,2025,full year (per-game derived),Gen.G,Kiin,Top,123,28.531,0.232,0.3333405360366955,28.13,1091.8,216,False,12.932,0.9902683184238394,0.3269791479894252,,,,,,,,0.1115271539627772,,,0.439369572654425
Korea,LCK,2025,full year (per-game derived),Hanwha Life Esports,Zeus,Top,136,28.175,0.2072,0.3250893221105198,26.228,1185.8,234,False,12.932,1.0173006374730509,-0.5295850521023401,,,,,,,,0.5359365824970571,,,0.9285286917453428
Korea,LCK,2025,full year (per-game derived),DRX,Rich,Top,101,26.614,0.2635,0.2889572741624387,23.356,662.8,0,True,12.932,1.223111967989498,1.3898195435977216,,,,,,,,0.4624014652287918,,,-0.6905864876784078
Korea,LCK,2025,full year (per-game derived),T1,Doran,Top,131,15.23,0.1163,0.0255132583580636,16.73,1145.8,221,False,12.932,0.901262111437235,-0.9502229062811326,,,,,,,,1.0721906336896465,,,0.3480804042757774
Korea,LCK,2025,full year (per-game derived),Dplus Kia,Siwoo,Top,148,12.932,0.0874,-0.027667813723834,14.94,1018.8,121,False,12.932,1.0409105411351045,-0.4194599464150777,,,,,,,,0.5928127831606577,,,0.0108527508033235
Korea,LCK,2025,full year (per-game derived),HANJIN BRION,Morgan,Top,101,7.597,0.0752,-0.1511321640867824,8.563,915.8,171,False,12.932,1.154185214431928,-0.6766886366520889,,,,,,,,0.4953866471220826,,,-0.0150036007191976
Korea,LCK,2025,full year (per-game derived),KT Rolster,Casting,Top,19,6.656,0.3503,-0.172900899319542,11.111,316.8,119,False,12.932,1.011696161944226,0.1696455408827736,,,,,,,,0.6983637140787078,,,-0.8491955383024594
Korea,LCK,2025,full year (per-game derived),DN SOOPers,DuDu,Top,88,5.637,0.0641,-0.196493301215215,8.352,860.8,173,False,12.932,1.168415892894469,-0.2191163549985303,,,,,,,,-1.2227613780287228,,,0.2885019595227282
Korea,LCK,2025,full year (per-game derived),KT Rolster,Sero,Top,4,-14.912,-3.728,-0.6720399125863928,9.801,177.8,0,False,12.932,,1.412764635363612,,,,,,,,-0.8852663529709016,,,-2.280867978916165
Korea,LCK,2025,full year (per-game derived),BNK FEARX,Clear,Top,97,-16.91,-0.1743,-0.718280844203474,-6.153,835.8,105,False,12.932,1.1127831133801709,-0.9477200185795392,,,,,,,,-1.0652347586323254,,,-0.3728515586099429
Korea,LCK,2025,full year (per-game derived),KT Rolster,PerfecT,Top,95,-18.977,-0.1998,-0.7661050598336362,-8.466,728.8,96,False,12.932,1.0122240113867005,-1.5261868611454947,,,,,,,,0.4213985110454417,,,-0.6839943000689691
Korea,LCK,2025,full year (per-game derived),BNK FEARX,Soboro,Top,10,-26.743,-2.6743,-0.9458230972167274,9.5,258.8,51,False,12.932,1.0525846850758147,-0.9620506000198876,,,,,,,,-2.2703030287140646,,,-0.3305097169698977
Korea,LCK,2025,full year (per-game derived),Hanwha Life Esports,Kanavi,Jungle,15,42.557,2.8371,0.9386525845652828,15.366,232.8,0,False,2.445,0.9961253581677606,2.13979062667454,-0.2253910042113886,,,,,0.9141365571631856,0.926074158634794,,,,
Korea,LCK,2025,full year (per-game derived),T1,Oner,Jungle,131,28.791,0.2198,0.6200738834032602,22.775,1156.8,232,False,2.445,0.9399421386142786,0.180210581380322,0.6894504101409421,,,,,0.6631521411691046,0.947482400922672,,,,
Korea,LCK,2025,full year (per-game derived),HANJIN BRION,Ellim,Jungle,5,25.39,5.078,0.5413819317945999,5.582,182.8,0,False,2.445,0.9258836080142512,0.6462402208329884,0.2096007443206095,,,,,0.2640687052962877,1.0456180567285138,,,,
Korea,LCK,2025,full year (per-game derived),KT Rolster,Cuzz,Jungle,114,23.961,0.2102,0.5083029761731035,19.816,1020.8,203,False,2.445,0.9310777992865116,0.1187246757470524,0.8111642599886043,,,,,0.594239695324589,0.5090832736321682,,,,
Korea,LCK,2025,full year (per-game derived),DN SOOPers,DDoiV,Jungle,9,11.262,1.2513,0.214428458051944,2.82,265.8,96,False,2.445,0.8817638826517278,0.9181817038291222,0.369649532907882,,,,,0.5042410700058158,-0.934358474535044,,,,
Korea,LCK,2025,full year (per-game derived),Nongshim RedForce,GIDEON,Jungle,117,10.821,0.0925,0.2042237318535567,8.596,818.3,40,False,2.445,0.816071224629984,-0.6971470915357438,0.4879323361082432,,,,,0.5118365977339427,0.5142730851077847,,,,
Korea,LCK,2025,full year (per-game derived),HANJIN BRION,Croco,Jungle,64,10.364,0.1619,0.193648770854959,7.068,534.8,57,False,2.445,0.8068299689642061,-0.0867977084277029,-0.2503483798826367,,,,,0.1764419336905264,0.9352992380396492,,,,
Korea,LCK,2025,full year (per-game derived),DRX,Sponge,Jungle,97,7.707,0.0795,0.1321445677448263,2.398,865.3,196,False,2.445,0.7940965562350907,0.5231589741978223,-0.4729348907038435,,,,,0.5897087013472876,-0.1113545138619612,,,,
Korea,LCK,2025,full year (per-game derived),Dplus Kia,Lucid,Jungle,147,7.377,0.0502,0.124518209128075,6.258,1177.3,236,False,2.445,0.7775446051312717,-0.0581288998501757,0.0102845633268101,,,,,1.1236262625046936,-0.5777090894690277,,,,
Korea,LCK,2025,full year (per-game derived),Gen.G,Canyon,Jungle,121,4.139,0.0342,0.0495848936443352,4.501,1056.8,191,False,2.445,0.8057008912513509,-0.4879177120889507,0.61860236588526,,,,,0.6579386133587373,-0.5902836925777055,,,,
Korea,LCK,2025,full year (per-game derived),Nongshim RedForce,Sponge,Jungle,8,2.445,0.3056,0.0103691651865244,-3.724,420.3,196,False,2.445,0.9029442378703858,0.6417242034829186,0.5774052064896229,,,,,-0.6710985914520181,-0.5065541577744255,,,,
Korea,LCK,2025,full year (per-game derived),BNK FEARX,Raptor,Jungle,107,2.06,0.0193,0.001466797047109,4.183,806.3,92,False,2.445,0.8405547600397629,0.2923687058942319,0.1754437453990944,,,,,-0.3024734689371525,-0.1594717941677375,,,,
Korea,LCK,2025,full year (per-game derived),Dplus Kia,Sharvel,Jungle,1,-4.774,-4.774,-0.1566884205905227,4.35,283.8,121,False,2.445,,2.0740923641273445,-0.504228511045358,,,,,0.1180040891926821,-2.3146216246367595,,,,
Korea,LCK,2025,full year (per-game derived),HANJIN BRION,GIDEON,Jungle,4,-5.176,-1.294,-0.16597890115021,2.371,253.3,40,False,2.445,,-1.0944913774363785,0.4314213013112447,,,,,-1.582122347675701,1.5812768191999946,,,,
Korea,LCK,2025,full year (per-game derived),DN SOOPers,Pyosik,Jungle,85,-6.18,-0.0727,-0.1892194317388869,-1.992,776.8,97,False,2.445,0.8014279691096806,-0.6413884333855284,0.5238951353778956,,,,,-0.5468570526776825,-0.0925273762702324,,,,
Korea,LCK,2025,full year (per-game derived),KT Rolster,Sylvie,Jungle,4,-7.222,-1.8055,-0.2133476366399513,-0.498,430.8,169,False,2.445,,-0.6097418421891867,-0.2957401447533817,,,,,-1.3836635220225837,1.4357549624053465,,,,
Korea,LCK,2025,full year (per-game derived),Hanwha Life Esports,Peanut,Jungle,121,-8.35,-0.069,-0.2394359287809635,-0.571,1095.8,221,False,2.445,0.7189137169905903,-0.6422111209657737,-0.2082681530954852,,,,,0.2331735092512999,-0.3404379503138949,,,,
Korea,LCK,2025,full year (per-game derived),DRX,Willer,Jungle,2,-14.564,-7.282,-0.3832579103181573,8.618,279.3,94,False,2.445,,-2.077284852191322,0.6995490238819561,,,,,0.4596386867011662,-0.6149344996644299,,,,
Korea,LCK,2025,full year (per-game derived),DRX,Vincenzo,Jungle,2,-14.625,-7.3125,-0.3846707928280818,0.816,214.8,90,False,2.445,,-0.2564274061073464,-3.35105925772608,,,,,1.396598304527925,0.6722051879931731,,,,
Korea,LCK,2025,full year (per-game derived),Gen.G,Juny,Jungle,2,-32.877,-16.4385,-0.8070587529693238,0.34,167.8,0,False,2.445,,-1.197130755646023,1.3937566985510708,,,,,-2.666890091581572,-0.757970863200772,,,,
Korea,LCK,2025,full year (per-game derived),HANJIN BRION,HamBak,Jungle,32,-41.177,-1.2868,-0.999138194431469,-12.246,436.8,119,False,2.445,0.6294399674577096,0.3141751436578316,-1.690184982271082,,,,,-1.0536997929205347,-1.566843146192091,,,,
Korea,LCK,2025,full year (per-game derived),Gen.G,Chovy,Middle,121,52.676,0.4353,1.1062848521769892,43.551,1077.8,212,False,9.636,1.5551927168582569,0.8775246323445264,0.0877310675344226,,,,,2.117837488232172,,,0.6468145453468068,,
Korea,LCK,2025,full year (per-game derived),KT Rolster,Hwichan,Middle,3,36.658,12.2193,0.7355876084627442,11.981,172.8,0,False,9.636,,1.3304282192750845,1.76384917977316,,,,,0.6501447321361908,,,-0.7437892603903066,,
Korea,LCK,2025,full year (per-game derived),HANJIN BRION,Clozer,Middle,101,27.281,0.2701,0.5185876188419396,21.397,929.8,179,False,9.636,1.4888313912774844,-0.2044206873683445,0.3787330542784675,,,,,0.7676895440841224,,,0.9610908664055252,,
Korea,LCK,2025,full year (per-game derived),KT Rolster,Bdd,Middle,115,24.799,0.2156,0.461136786792423,19.703,1039.8,210,False,9.636,1.5728188539789956,0.0405478989126728,0.5589374279599382,,,,,0.5122883724444611,,,0.6975473921598362,,
Korea,LCK,2025,full year (per-game derived),DRX,kyeahoo,Middle,39,18.604,0.477,0.3177677613384083,12.822,471.8,91,False,9.636,1.403261291764362,-0.0774652343308238,0.0075753927203744,,,,,0.7938879241534837,,,0.219760217156076,,
Korea,LCK,2025,full year (per-game derived),Nongshim RedForce,Calix,Middle,77,16.151,0.2098,0.2610005529329878,14.884,591.8,74,False,9.636,1.590997787756899,-1.20226996660075,1.1738984637260146,,,,,0.0568014647093247,,,1.15558498525288,,
Korea,LCK,2025,full year (per-game derived),DN SOOPers,Pungyeon,Middle,12,15.439,1.2866,0.2445380845204931,15.508,321.8,104,False,9.636,1.147264397367421,1.2307792713445893,-2.090692038312791,,,,,0.7870001493926245,,,0.6790740419001268,,
Korea,LCK,2025,full year (per-game derived),Nongshim RedForce,Scout,Middle,8,14.339,1.7924,0.2190873883216644,10.587,197.8,0,False,9.636,1.6663067363001856,0.4578450809804538,1.3810118659482669,,,,,-0.4625809950923971,,,-0.031644357297532,,
Korea,LCK,2025,full year (per-game derived),DRX,Ucal,Middle,62,12.095,0.1951,0.1671552812969928,11.265,467.8,0,False,9.636,1.3875130717600508,-1.447341851736771,0.2418350599133384,,,,,0.0614879350958778,,,1.8852791366733412,,
Korea,LCK,2025,full year (per-game derived),Hanwha Life Esports,Zeka,Middle,136,9.636,0.0709,0.1102278733759281,13.538,1168.8,219,False,9.636,1.407011574926866,0.4705784737184572,0.0578663741096409,,,,,0.2369448558427633,,,-0.4116050042504027,,
Korea,LCK,2025,full year (per-game derived),DN SOOPers,BuLLDoG,Middle,76,7.818,0.1029,0.0681651346894084,8.737,800.8,173,False,9.636,1.271983871089912,1.1944402622670645,-1.1285847885889797,,,,,0.4139024810641826,,,-0.4443219528850161,,
Korea,LCK,2025,full year (per-game derived),Nongshim RedForce,Fisher,Middle,40,0.0,0.0,-0.1127601851299852,4.486,423.8,33,False,9.636,1.260333819397416,1.1795170858645088,-1.0070391496082576,,,,,-0.5744497534222827,,,0.268883667198964,,
Korea,LCK,2025,full year (per-game derived),BNK FEARX,VicLa,Middle,99,-1.069,-0.0108,-0.1375012334496936,1.519,652.8,0,True,9.636,1.2358912143701544,0.6065227571135072,-0.8558596428847638,,,,,0.0114078173981224,,,-0.4141533240211917,,
Korea,LCK,2025,full year (per-game derived),Dplus Kia,ShowMaker,Middle,148,-1.206,-0.0081,-0.1406648566761798,2.43,1207.8,199,False,9.636,1.4201915171410495,-0.253850051749319,0.2900490084613495,,,,,0.2588921917667429,,,-1.132753343083589,,
Korea,LCK,2025,full year (per-game derived),DN SOOPers,Flip,Middle,6,-2.818,-0.4697,-0.1779846495673715,7.647,187.8,0,False,9.636,1.214044474193234,-2.286848837777411,0.9401537364173864,,,,,-0.3134588472664815,,,1.040865378316987,,
Korea,LCK,2025,full year (per-game derived),T1,Faker,Middle,131,-8.924,-0.0681,-0.3192863617527184,-1.185,1142.8,216,False,9.636,1.2936536918679422,-0.0816028559401469,-0.0906094678258288,,,,,-0.0621585588517266,,,-1.2197249458979451,,
Korea,LCK,2025,full year (per-game derived),BNK FEARX,Daystar,Middle,8,-27.224,-3.403,-0.7427782436665281,2.759,295.8,98,False,9.636,1.3857944257916717,-0.7267884222749611,0.4150526334837811,,,,,-1.5049387451762382,,,-0.6307949222563156,,
Korea,LCK,2025,full year (per-game derived),HANJIN BRION,Fisher,Middle,4,-43.924,-10.981,-1.129248250366274,4.195,243.8,33,False,9.636,,-0.1689972392852334,-0.6858833068597356,,,,,-1.2653329233135475,,,-2.303393291842424,,
Korea,LCK,2025,full year (per-game derived),Gen.G,Loid,Middle,2,-57.754,-28.877,-1.449315162141213,5.621,167.8,0,False,9.636,,-0.9385985347570364,-1.4380248702458105,,,,,-2.4853651331973943,,,-0.222719828485792,,
Korea,LCK,2025,full year (per-game derived),T1,Peyz,ADC,16,40.132,2.5082,0.8018432064980539,14.814,552.8,212,False,6.997,1.6771873712902634,0.4625259280958748,0.3031552204952663,0.9056486899460314,,,,1.7693360732054213,,,-0.6408159626365341,,
Korea,LCK,2025,full year (per-game derived),BNK FEARX,Diable,ADC,107,36.139,0.3377,0.709448105758231,28.686,833.8,184,False,6.997,1.6138551598672657,-0.3211110128056449,0.4156746367872816,0.616580837540011,,,,0.6910440118949007,,,2.168057172703769,,
Korea,LCK,2025,full year (per-game derived),Nongshim RedForce,vital,ADC,4,35.827,8.9568,0.702216275082613,14.534,284.8,107,False,6.997,,3.581993688496917,1.9509559267509595,-0.0725943772195324,,,,-0.0731867119370515,,,-0.9068334169036482,,
Korea,LCK,2025,full year (per-game derived),Dplus Kia,Aiming,ADC,131,33.362,0.2547,0.645164798861015,27.712,1147.8,224,False,6.997,1.9686966104295591,-0.0498695691653056,1.1690182385495786,0.0660862047611726,,,,0.709464148634867,,,1.2507507843074472,,
Korea,LCK,2025,full year (per-game derived),DN SOOPers,Enosh,ADC,6,30.083,5.0138,0.5692790973010905,11.187,291.8,134,False,6.997,1.469967188509809,-1.346360343225401,0.1276108582304643,2.572086962052437,,,,1.069365612371955,,,-0.2014157467625836,,
Korea,LCK,2025,full year (per-game derived),Gen.G,Ruler,ADC,121,28.925,0.239,0.5424787614927862,24.388,762.8,0,False,6.997,1.5367743248230736,-0.1969148671211613,0.1720162491473023,0.7030293509525152,,,,0.9147082250344424,,,0.6542680200237625,,
Korea,LCK,2025,full year (per-game derived),T1,Gumayusi,ADC,91,27.967,0.3073,0.5203135146489145,19.022,959.8,233,False,6.997,1.5406557773510154,0.2519924012365058,0.1550748361739743,0.1673499318325987,,,,1.005431350500128,,,0.4153217586873485,,
Korea,LCK,2025,full year (per-game derived),DN SOOPers,Berserker,ADC,88,27.819,0.3161,0.516901103337637,22.322,597.8,0,True,6.997,1.8280725397640745,-0.4060524285697059,1.0756111795681165,-0.0791178251364144,,,,0.747947422550954,,,0.9573092692585876,,
Korea,LCK,2025,full year (per-game derived),Hanwha Life Esports,Viper,ADC,121,24.031,0.1986,0.4292426996750277,20.44,1093.8,219,False,6.997,1.7873518904274557,0.734366610408764,0.6514723898489942,0.3034904258255457,,,,0.2226013004401515,,,0.4925845208952781,,
Korea,LCK,2025,full year (per-game derived),T1,Smash,ADC,24,18.818,0.7841,0.3086029195191401,13.378,429.8,201,False,6.997,1.6086067204971557,-0.7161576764322516,0.6918169719020621,0.4313552247615647,,,,0.3343530899365426,,,0.7694592744060297,,
Korea,LCK,2025,full year (per-game derived),HANJIN BRION,Teddy,ADC,4,17.64,4.41,0.281336796524172,18.146,379.8,121,False,6.997,,-0.0061563432419539,-0.6205827101970405,-0.7330889518298022,,,,1.4973691684105968,,,-0.2508976453789714,,
Korea,LCK,2025,full year (per-game derived),DRX,Teddy,ADC,62,13.205,0.213,0.1786860890156413,15.875,669.8,121,False,6.997,1.5726950748953412,-0.6021616000496549,0.508848908003944,0.362527413726437,,,,0.1526403012562925,,,0.5041326568403738,,
Korea,LCK,2025,full year (per-game derived),Dplus Kia,Smash,ADC,17,6.997,0.4116,0.0350261467503744,10.351,394.8,201,False,6.997,1.573840440476036,0.3525470417717545,-0.1114869565098766,1.4612672890844751,,,,-0.6738014178696555,,,0.0326392330502114,,
Korea,LCK,2025,full year (per-game derived),HANJIN BRION,Bull,ADC,11,4.982,0.4529,-0.0116140371586386,-0.091,310.8,70,False,6.997,1.832200322868302,-0.0142368017584105,1.2207479944447044,-0.5743235041691387,,,,0.0756717612268767,,,-0.8750368835191196,,
Korea,LCK,2025,full year (per-game derived),HANJIN BRION,Hype,ADC,90,0.121,0.0013,-0.1241003267631405,5.505,726.8,119,False,6.997,1.638272141131479,0.1453577039374541,0.5502080956784212,0.267691814857656,,,,-0.5400345238495551,,,-0.5238069780816612,,
Korea,LCK,2025,full year (per-game derived),KT Rolster,deokdam,ADC,106,-0.363,-0.0034,-0.1352925377905391,0.274,742.8,72,False,6.997,1.4896465324681711,0.4973862551367355,-0.0443046743866213,0.1469322997941595,,,,-0.443576721297354,,,-0.4475446188160975,,
Korea,LCK,2025,full year (per-game derived),Nongshim RedForce,Jiwoo,ADC,109,-3.805,-0.0349,-0.2149490192705307,-0.97,787.8,85,False,6.997,1.338195156651042,0.2717590109758132,-0.2906446234865749,-0.3504757735247291,,,,-0.0250960254749757,,,-0.9176039270866309,,
Korea,LCK,2025,full year (per-game derived),DRX,LazyFeel,ADC,35,-5.816,-0.1662,-0.2614823304458639,0.26,332.8,0,False,6.997,1.3306193233479984,-0.8401641969102435,-0.00652244505506,-0.3077148703992524,,,,-0.0166983254082568,,,-0.4422918207535153,,
Korea,LCK,2025,full year (per-game derived),Hanwha Life Esports,Gumayusi,ADC,15,-10.502,-0.7001,-0.3699454351402661,8.183,579.8,233,False,6.997,1.0608467156394714,0.0215511923260485,-1.7894345871780115,-0.1355576197130045,,,,0.285459319375678,,,-1.0510014236569711,,
Korea,LCK,2025,full year (per-game derived),KT Rolster,FenRir,ADC,4,-14.067,-3.5168,-0.4524332544818323,4.628,177.8,0,False,6.997,,0.5720713852351116,-0.1246956828423858,-0.3958415121252492,,,,-2.039535074469057,,,1.7097118867764507,,
Korea,LCK,2025,full year (per-game derived),DRX,Jiwoo,ADC,4,-16.414,-4.1035,-0.5067474749119484,3.735,262.8,85,False,6.997,,-1.5213948805861552,-0.0431110957581049,-0.1118219039965583,,,,0.2105156879421245,,,-1.9645041357286397,,
Korea,LCK,2025,full year (per-game derived),Nongshim RedForce,Trigger,ADC,4,-20.235,-5.0588,-0.5951802080853353,3.934,177.8,0,True,6.997,,0.8203331087698925,-0.4057937797737365,-1.4537320786817638,,,,-1.349179605775524,,,0.3549705621471903,,
Korea,LCK,2025,full year (per-game derived),Nongshim RedForce,Taeyoon,ADC,8,-32.978,-4.1222,-0.8900822753446872,0.731,243.8,80,False,6.997,1.0092681756446595,-0.390891481282365,-1.7543947450196102,0.087530380037835,,,,-1.4006256972945568,,,-0.353850555727402,,
Korea,LCK,2025,full year (per-game derived),Gen.G,Harusary,ADC,2,-45.364,-22.682,-1.176713685018492,3.877,167.8,0,False,6.997,,0.3164225307153243,-2.2245873158222365,-2.962757732065938,,,,-1.4946757408467766,,,0.8794824027125216,,
Korea,LCK,2025,full year (per-game derived),KT Rolster,Paduck,ADC,8,-59.42,-7.4275,-1.501998930053407,-3.009,286.8,89,False,6.997,0.8362893206787935,-1.6168356559579262,-1.576652889551824,-0.91455067631107,,,,-1.6294976285581646,,,-1.6130844267571012,,
Korea,LCK,2025,full year (per-game derived),KT Rolster,Effort,Support,4,82.951,20.7377,1.5237670644837653,24.395,269.8,92,False,14.956,,,0.9465090959399376,,1.9855199729124944,0.2361583778762549,-0.0872530838147623,,,,,2.276228328146065,3.3331051695708345
Korea,LCK,2025,full year (per-game derived),T1,Keria,Support,131,39.812,0.3039,0.525430546068138,35.749,1160.8,234,False,14.956,0.4502425221201971,,1.2965535595999649,,-1.255983622867921,1.4578574983629238,1.373072513996258,,,,,0.0730957182523218,0.2714761964658528
Korea,LCK,2025,full year (per-game derived),BNK FEARX,Kellin,Support,107,38.29,0.3579,0.4902179253434179,26.084,947.8,165,False,14.956,0.434374990383407,,0.6120915410505596,,0.6232703044267089,1.2602853900718387,1.212181280394867,,,,,0.347375114182099,-0.7930732773837686
Korea,LCK,2025,full year (per-game derived),Hanwha Life Esports,Delight,Support,136,27.637,0.2032,0.2436887047505871,23.884,1170.8,221,False,14.956,0.4237435799785355,,1.4638576107406271,,-1.1823611300763228,-0.2376528365292474,0.4593394682224512,,,,,0.0108918223345624,0.8071835759992794
Korea,LCK,2025,full year (per-game derived),HANJIN BRION,Namgung,Support,4,27.002,6.7505,0.228987591957525,19.038,240.8,63,False,14.956,,,0.1474824345216172,,-0.0330797157385257,0.3532627385654187,1.270462776971946,,,,,0.8245350163111017,-0.905192640717621
Korea,LCK,2025,full year (per-game derived),KT Rolster,Peter,Support,92,26.593,0.2891,0.2195148708353254,22.287,790.8,129,False,14.956,0.3711649043389311,,-0.3412958203509197,,1.987411217909946,0.3606273929899724,-0.6685508794191062,,,,,0.3548376959971971,-0.2568493315250444
Korea,LCK,2025,full year (per-game derived),Gen.G,Duro,Support,123,17.515,0.1424,0.0094407223282395,16.763,872.3,97,False,14.956,0.4011032214313393,,1.0601926754226758,,-0.4950541197086498,-0.1051790466090328,0.1185459067312851,,,,,-0.4420127475362112,-0.061990522998856
Korea,LCK,2025,full year (per-game derived),Nongshim RedForce,Lehends,Support,125,15.929,0.1274,-0.0272675923033064,14.415,1101.8,216,False,14.956,0.4109006338335729,,-0.2518730788370496,,-0.0538565315340469,0.7872093126709871,1.239059669543921,,,,,-1.6046883798894556,-0.2290187550800172
Korea,LCK,2025,full year (per-game derived),DRX,Pleata,Support,10,13.982,1.3982,-0.0723211935378986,19.519,374.3,84,False,14.956,0.3723596150579398,,0.6803051343180074,,-0.664105798496848,0.9838586945153288,0.6632178514807526,,,,,-1.732365333856868,-0.3063344060577916
Korea,LCK,2025,full year (per-game derived),DN SOOPers,Life,Support,80,12.417,0.1552,-0.1085343654624551,12.234,664.8,107,False,14.956,0.3801309989974329,,-0.4312770214937502,,0.3873063777611702,-0.5666640598479572,0.0466686495363705,,,,,0.0980460561830703,-0.1699358290233989
Korea,LCK,2025,full year (per-game derived),HANJIN BRION,Pollu,Support,101,11.656,0.1154,-0.1261640201558136,10.629,806.3,83,False,14.956,0.3890022678956181,,0.0620624892904256,,-0.7342669251623318,0.3923507038732526,0.3313180854357021,,,,,0.1014645375164251,-0.7531632135418471
Korea,LCK,2025,full year (per-game derived),DN SOOPers,Quantum,Support,14,1.917,0.1369,-0.3515366800227906,7.438,287.3,77,False,14.956,0.4238065679486006,,-0.7451621686057237,,-0.3267594054894309,-0.4712103683698193,-1.1272218498366715,,,,,0.1886220879575954,0.2277019633612867
Korea,LCK,2025,full year (per-game derived),KT Rolster,Way,Support,22,-0.639,-0.029,-0.4106869545352967,11.879,386.8,119,False,14.956,0.3744470752097242,,-1.4407514548962217,,-0.2516334992710387,0.3162905401921596,-1.5213682639494774,,,,,0.9769021476668228,-0.5169863484702794
Korea,LCK,2025,full year (per-game derived),Dplus Kia,BeryL,Support,131,-6.771,-0.0517,-0.5525976906026666,3.135,1096.8,187,False,14.956,0.366814243942274,,-1.6803751799112974,,1.104502893729845,-0.8685086160716023,-1.2338553040227462,,,,,-1.182635697371168,0.3257090699042423
Korea,LCK,2025,full year (per-game derived),DRX,Andil,Support,91,-9.47,-0.1041,-0.6150525674482538,-3.502,692.8,80,False,14.956,0.395102049003588,,0.1833680748326225,,-0.1097691273884518,-1.658492114581919,-1.0001582427559863,,,,,-0.7216933463347298,-0.4298670322584972
Korea,LCK,2025,full year (per-game derived),Dplus Kia,Career,Support,17,-25.105,-1.4768,-0.9768863616985084,3.237,299.3,69,False,14.956,0.4100872954266417,,-1.5616878916214805,,-0.9811408910065966,-2.240193607108554,-1.075458578514807,,,,,0.4313969804412289,-0.5427646182443732
Korea,LCK,2026,full year (per-game derived),Hanwha Life Esports,Zeus,Top,70,53.285,0.7612,0.9302767819054732,37.536,893.8,250,False,24.077,1.1600530163100695,0.7298964970330739,,,,,,,,0.3945748839877483,,,1.3377251504000387
Korea,LCK,2026,full year (per-game derived),DN SOOPers,DuDu,Top,75,42.783,0.5704,0.6512437634590331,26.619,798.8,178,False,24.077,1.4751808378317508,0.2276979576868301,,,,,,,,1.172340467267328,,,0.760919102814338
Korea,LCK,2026,full year (per-game derived),Gen.G,Kiin,Top,77,41.52,0.5392,0.6176918698000199,34.466,891.8,226,False,24.077,1.035122258161509,-0.3694714628048777,,,,,,,,1.14703500660892,,,1.1847604433817995
Korea,LCK,2026,full year (per-game derived),KT Rolster,PerfecT,Top,71,29.306,0.4128,0.293182233052992,20.041,624.8,112,False,24.077,1.2209714105354872,-0.4834543978977243,,,,,,,,-0.0647123786561628,,,1.0912915727895578
Korea,LCK,2026,full year (per-game derived),Kiwoom DRX,Rich,Top,77,26.104,0.339,0.2081031728843142,25.813,744.8,101,False,24.077,1.3545748641866309,2.284765271867916,,,,,,,,-0.935526855173346,,,-0.9711521680760598
Korea,LCK,2026,full year (per-game derived),Dplus Kia,Siwoo,Top,89,24.077,0.2705,0.1542560800673898,21.002,959.3,269,False,24.077,1.008373403465005,-0.2291089018577027,,,,,,,,0.3991667438543236,,,0.356595309012041
Korea,LCK,2026,full year (per-game derived),HANJIN BRION,Casting,Top,71,12.577,0.1771,-0.1512862485621419,16.505,567.3,97,False,24.077,1.2298539652546272,-0.6657248353832567,,,,,,,,0.5591702723240489,,,-0.0533167324749529
Korea,LCK,2026,full year (per-game derived),Nongshim RedForce,Kingen,Top,70,-4.192,-0.0599,-0.5968264620480839,14.661,868.8,236,False,24.077,1.255097384602763,0.5438538909965074,,,,,,,,-0.9763240980990132,,,-1.3576114617886903
Korea,LCK,2026,full year (per-game derived),T1,Doran,Top,76,-5.265,-0.0693,-0.6253365605369606,8.591,911.8,243,False,24.077,1.0148837274445377,-0.9647252211644428,,,,,,,,0.6236696017584571,,,-0.9153850028851194
Korea,LCK,2026,full year (per-game derived),BNK FEARX,Clear,Top,77,-8.448,-0.1097,-0.709906091259587,-3.58,740.8,105,False,24.077,1.13695641264768,-1.4104821819894504,,,,,,,,-0.2187213819030429,,,-0.3599732485517643
Korea,LCK,2026,full year (per-game derived),Kiwoom DRX,Frog,Top,5,-10.763,-2.1526,-0.7713985387624488,6.824,312.8,130,False,24.077,1.2976748792955997,0.3367533835131339,,,,,,,,-2.1006722619692697,,,-1.0738529646211887
Korea,LCK,2026,full year (per-game derived),DN SOOPers,Sharvel,Jungle,5,41.266,8.2532,0.9777350307717224,15.466,226.8,85,False,6.917,1.204111998722874,1.820043718332661,1.7729657305518438,,,,,-0.5433580294390254,0.8612887036414102,,,,
Korea,LCK,2026,full year (per-game derived),Dplus Kia,Lucid,Jungle,86,21.742,0.2528,0.4590063588712534,12.701,992.8,258,False,6.917,0.7897094560256204,0.8672931731878475,-0.940284880977236,,,,,2.0357823391415333,-0.1267651958671309,,,,
Korea,LCK,2026,full year (per-game derived),T1,Oner,Jungle,76,16.96,0.2232,0.3319425845610644,18.612,911.8,243,False,6.917,0.8811847048376807,0.2948313590756585,0.3850707834249711,,,,,0.0425573207041974,0.6053108750394308,,,,
Korea,LCK,2026,full year (per-game derived),HANJIN BRION,GIDEON,Jungle,71,16.579,0.2335,0.3218123944417051,12.859,637.8,121,False,6.917,0.8253481543161872,-0.8913398496461831,0.7835212085941343,,,,,0.3658859334899817,1.0291822853288874,,,,
Korea,LCK,2026,full year (per-game derived),Kiwoom DRX,Willer,Jungle,82,15.783,0.1925,0.3006730693181632,13.566,671.8,104,False,6.917,0.8513100425554705,-0.0797096422195277,0.4673840507571566,,,,,0.2904974428495533,0.5245204258854707,,,,
Korea,LCK,2026,full year (per-game derived),Gen.G,Canyon,Jungle,77,13.702,0.1779,0.2453975996140533,8.331,887.8,224,False,6.917,0.8241650715090538,0.1143011189071653,0.0986079918725366,,,,,0.5364206225656433,0.2322606651108681,,,,
Korea,LCK,2026,full year (per-game derived),DN SOOPers,Pyosik,Jungle,68,6.917,0.1017,0.0651163730743455,3.583,668.8,87,False,6.917,0.819714220155416,-0.3219509430920116,0.6613648606415555,,,,,0.0179489040299586,-0.0968973292821205,,,,
Korea,LCK,2026,full year (per-game derived),Hanwha Life Esports,Kanavi,Jungle,70,3.033,0.0433,-0.0380662789727439,6.377,537.8,15,False,6.917,0.7291682790407646,0.7364344061132365,-2.186923816404,,,,,0.647191565332874,0.6510327290669132,,,,
Korea,LCK,2026,full year (per-game derived),Dplus Kia,Sharvel,Jungle,3,-0.304,-0.1013,-0.1267302126004964,11.401,216.8,85,False,6.917,,-1.046300411155214,0.7418996469908307,,,,,0.0842362511874549,-0.2867563374250576,,,,
Korea,LCK,2026,full year (per-game derived),BNK FEARX,Raptor,Jungle,77,-1.011,-0.0131,-0.1455240076483496,2.494,801.8,152,False,6.917,0.7698062331506692,0.2498514074068482,-0.6204924897747796,,,,,-0.203794569515191,-0.007660378710276,,,,
Korea,LCK,2026,full year (per-game derived),KT Rolster,Cuzz,Jungle,71,-3.848,-0.0542,-0.2208883914156001,8.196,830.8,204,False,6.917,0.7565825350613682,0.3286495473114526,-0.7830981289871047,,,,,-0.227077414049727,-0.2020275699370216,,,,
Korea,LCK,2026,full year (per-game derived),Nongshim RedForce,Sponge,Jungle,70,-5.168,-0.0738,-0.2559631291073825,1.124,709.8,105,False,6.917,0.7686726574796272,0.183873605926283,-0.4557017052027718,,,,,-0.5502065619717192,-0.2018178551813219,,,,
Korea,LCK,2026,full year (per-game derived),DN SOOPers,DDoiV,Jungle,2,-67.593,-33.7965,-1.9145113909077227,-1.491,294.8,127,False,6.917,,-2.255977490148206,0.0756867485128846,,,,,-2.496083804325534,-2.981671017670036,,,,
Korea,LCK,2026,full year (per-game derived),Gen.G,Chovy,Middle,77,69.516,0.9028,1.3210088985759032,53.75,887.8,224,False,24.13,1.5273304356935091,1.827639006826806,0.5325953673612581,,,,,1.8176264601988528,,,0.7649888483509895,,
Korea,LCK,2026,full year (per-game derived),KT Rolster,Bdd,Middle,71,45.941,0.6471,0.6946625471308882,32.751,839.8,212,False,24.13,1.3471559207082962,1.4216037459834534,0.2225914161152699,,,,,1.0559619445992754,,,-0.1697742153873426,,
Korea,LCK,2026,full year (per-game derived),Hanwha Life Esports,Zeka,Middle,70,37.315,0.5331,0.465459332040166,24.213,891.8,248,False,24.13,1.5732794514783586,-0.1131104704259999,1.680468625046312,,,,,0.1203760404735352,,,0.4108692743866668,,
Korea,LCK,2026,full year (per-game derived),Nongshim RedForce,Scout,Middle,70,35.998,0.5143,0.4304909791280594,31.76,523.8,8,False,24.13,1.422918283075343,0.1409628710609911,0.6963067246770662,,,,,0.1094241496213341,,,0.995963665358574,,
Korea,LCK,2026,full year (per-game derived),DN SOOPers,Clozer,Middle,75,35.736,0.4765,0.4235141358861523,29.287,822.8,189,False,24.13,1.2977368347850748,-0.1958119556175248,0.2486050218123927,,,,,0.3175980593976325,,,1.396592653452687,,
Korea,LCK,2026,full year (per-game derived),Kiwoom DRX,Ucal,Middle,82,27.761,0.3385,0.2116336603143391,24.414,714.3,107,False,24.13,1.478270753765853,-1.3144060821230088,1.3111759100410103,,,,,-0.2189198550494152,,,1.364288261820041,,
Korea,LCK,2026,full year (per-game derived),BNK FEARX,VicLa,Middle,67,20.498,0.3059,0.0186740209419994,15.134,693.8,105,False,24.13,1.110855464615959,0.3136199822678653,-1.1619906986991324,,,,,0.5229712134885401,,,0.0538118001443233,,
Korea,LCK,2026,full year (per-game derived),Dplus Kia,ShowMaker,Middle,89,15.406,0.1731,-0.1166205555135093,10.449,1009.8,259,False,24.13,1.233919964470798,0.1697749986321575,-0.160633227339014,,,,,0.2422060163309101,,,-0.9645972709176306,,
Korea,LCK,2026,full year (per-game derived),T1,Faker,Middle,76,2.392,0.0315,-0.4623999007412362,3.305,913.8,245,False,24.13,1.046093899932443,0.1735361151527374,-1.4143492076286497,,,,,-0.0995170365358544,,,-0.7584008440808898,,
Korea,LCK,2026,full year (per-game derived),HANJIN BRION,Roamer,Middle,54,-7.175,-0.1329,-0.7165613621003541,4.374,427.8,0,False,24.13,1.0444349930609762,0.1865667747111651,-1.2409363895931598,,,,,-0.4972257256930629,,,-1.465255360326126,,
Korea,LCK,2026,full year (per-game derived),BNK FEARX,Daystar,Middle,10,-21.898,-2.1898,-1.1077473427329747,7.846,288.3,137,False,24.13,1.166186019720211,-1.6523016652232665,0.0935714493598495,,,,,-1.9464793211982685,,,-0.3494936202666077,,
Korea,LCK,2026,full year (per-game derived),HANJIN BRION,Loki,Middle,17,-23.944,-1.4085,-1.1621144129294498,6.066,292.3,99,False,24.13,1.0464912915636024,-0.9580733212454144,-0.8074049911532156,,,,,-1.424021945633479,,,-1.278993192534713,,
Korea,LCK,2026,full year (per-game derived),BNK FEARX,Taeyoon,ADC,25,34.588,1.3835,0.7530021192737847,18.454,302.8,12,False,11.803,1.5976254178677878,1.40079469222748,0.5763428516768043,0.1436150704059177,,,,0.955847803610505,,,0.4348530730273158,,
Korea,LCK,2026,full year (per-game derived),KT Rolster,Aiming,ADC,63,26.82,0.4257,0.5466344416122417,26.45,845.8,242,False,11.803,1.6898955089599303,-0.557756728115731,1.4694065382668218,1.1765668492600014,,,,-0.2015214349533421,,,1.7816718293104383,,
Korea,LCK,2026,full year (per-game derived),T1,Peyz,ADC,76,25.158,0.331,0.5024701673979397,20.37,672.8,119,False,11.803,1.6576077418545,0.1685844212351384,1.2736120863802816,0.4478446400970668,,,,0.4877883479300863,,,0.1528736156819416,,
Korea,LCK,2026,full year (per-game derived),Kiwoom DRX,Aiming,ADC,3,22.807,7.6023,0.4400007455555939,26.136,545.8,242,False,11.803,,1.5049275338476689,-1.3352828639671124,-0.5215465927341406,,,,1.0484650670985756,,,0.7428601816042512,,
Korea,LCK,2026,full year (per-game derived),BNK FEARX,Diable,ADC,50,20.867,0.4173,0.388465150302145,24.326,670.8,205,False,11.803,1.3784883901691125,-0.4954325267330339,0.0434778450512251,0.8469392028688789,,,,0.5423504433417775,,,0.8126341706823371,,
Korea,LCK,2026,full year (per-game derived),Dplus Kia,Smash,ADC,89,19.946,0.2241,0.3639807380003671,17.611,667.8,41,False,11.803,1.5655821206909426,-1.152886618205416,1.3347667284975702,0.5566968986497625,,,,0.173696687609218,,,1.1454850564396373,,
Korea,LCK,2026,full year (per-game derived),Hanwha Life Esports,Gumayusi,ADC,70,15.427,0.2204,0.2439216163927995,17.302,704.8,106,False,11.803,1.420645732736193,-0.0449525120455886,0.3207707308494883,-0.3922319606088714,,,,0.7151567544418386,,,0.0318211467658324,,
Korea,LCK,2026,full year (per-game derived),HANJIN BRION,Teddy,ADC,71,14.987,0.2111,0.2322312305239052,13.972,582.8,66,False,11.803,1.4747088487145266,-0.2029809443457237,0.4515761469750988,1.0240848594666851,,,,0.0020469881308595,,,0.1741594053839132,,
Korea,LCK,2026,full year (per-game derived),Gen.G,Ruler,ADC,77,11.803,0.1533,0.1476430881426586,17.082,784.8,121,False,11.803,1.353779922271526,-0.8308227638579682,0.3499929292129959,0.6954418046814116,,,,0.5267037140930114,,,-0.4769260258540985,,
Korea,LCK,2026,full year (per-game derived),Nongshim RedForce,Diable,ADC,29,10.744,0.3705,0.1194945188151729,22.373,565.8,205,False,11.803,1.36296849987502,-1.4249061706931163,0.6846121671568157,-0.1252173582496768,,,,0.4802517458240857,,,0.5317856762766157,,
Korea,LCK,2026,full year (per-game derived),Kiwoom DRX,Jiwoo,ADC,38,0.0,0.0,-0.1659496300382755,2.123,572.8,123,False,11.803,1.3336821113653845,-0.1283666368833169,-0.285285705520332,1.241874877494597,,,,-0.1727999123962231,,,-1.476607919938668,,
Korea,LCK,2026,full year (per-game derived),Nongshim RedForce,Taeyoon,ADC,41,-0.25,-0.0061,-0.1725970870675791,3.17,382.8,12,False,11.803,1.1827870888564038,-0.5095526406752571,-0.9971952417972983,0.332602016943041,,,,0.4008293681131747,,,-0.8064520068974979,,
Korea,LCK,2026,full year (per-game derived),BNK FEARX,Slayer,ADC,2,-0.631,-0.3155,-0.182720878134176,15.637,330.8,206,False,11.803,,2.596794819450359,-2.324169996090476,-2.6769337362918377,,,,1.0132962250763355,,,-1.017613081828401,,
Korea,LCK,2026,full year (per-game derived),Kiwoom DRX,LazyFeel,ADC,41,-15.039,-0.3668,-0.5655237832427057,-2.259,467.8,105,False,11.803,1.2131604559054776,-0.0793927156815176,-0.6337057530203729,-1.375646287538567,,,,-0.5867283898956245,,,-0.125640011761298,,
Korea,LCK,2026,full year (per-game derived),KT Rolster,FenRir,ADC,8,-23.415,-2.9269,-0.7880489862698445,3.954,205.8,4,False,11.803,1.224902845047691,-0.2541703360792641,-0.5593856339861802,-0.3650710543413443,,,,-2.1164697816625413,,,1.0153778689609774,,
Korea,LCK,2026,full year (per-game derived),DN SOOPers,deokdam,ADC,71,-24.766,-0.3488,-0.8239581026772809,-9.505,728.8,114,False,11.803,1.2417476496390225,-0.0428199476064612,-0.4691816031931677,-0.6455177913374427,,,,-0.934165716604654,,,-1.8903459372354623,,
Korea,LCK,2026,full year (per-game derived),DN SOOPers,Enosh,ADC,4,-32.862,-8.2155,-1.0390453485867523,7.505,218.8,64,False,11.803,,0.0529390741617116,0.0996487735078432,-0.3635014387654636,,,,-2.3347479097570827,,,-1.0299370406178583,,
Korea,LCK,2026,full year (per-game derived),T1,Keria,Support,76,27.547,0.3625,0.7156353250083834,28.852,913.8,245,False,7.84,0.4436581220933505,,0.703350598453746,,-0.6628436339123548,1.7019504448034648,1.7445559104993271,,,,,0.2028487672454735,0.6262869553701919
Korea,LCK,2026,full year (per-game derived),Hanwha Life Esports,Delight,Support,67,20.288,0.3028,0.5227793825058038,20.881,876.8,248,False,7.84,0.4034900988197179,,0.4735978706500424,,1.681088269385714,0.173907115698918,-0.2951622591360129,,,,,-0.0314810631281734,1.0123369657526284
Korea,LCK,2026,full year (per-game derived),Gen.G,Duro,Support,77,19.394,0.2519,0.4990365454268937,16.253,822.8,157,False,7.84,0.3812524778399164,,0.1815732236719434,,0.0132819017209085,0.7190485932203341,1.1530039729828565,,,,,0.2833945701819563,0.6149409177120698
Korea,LCK,2026,full year (per-game derived),BNK FEARX,Kellin,Support,77,18.18,0.2361,0.4667645452808749,19.513,846.8,197,False,7.84,0.4817780581400239,,0.9282414245406292,,-0.7480218918370217,0.7136310164270955,1.274041855286266,,,,,0.2741601361090717,0.3801806939835424
Korea,LCK,2026,full year (per-game derived),Nongshim RedForce,Pleata,Support,7,17.966,2.5666,0.4610788113376126,10.061,299.8,107,False,7.84,0.72883465691334,,2.322573268801318,,0.2458297588332726,-0.4974975843804473,0.1422744097213702,,,,,-1.4565201980712494,1.700066332764652
Korea,LCK,2026,full year (per-game derived),HANJIN BRION,Namgung,Support,71,17.841,0.2513,0.4577783073984333,15.595,577.8,118,False,7.84,0.439663310565038,,0.0592154254529242,,1.2579244171067765,0.6812497378115878,1.263089213761589,,,,,-0.5825802731682976,0.1457727202205024
Korea,LCK,2026,full year (per-game derived),KT Rolster,Effort,Support,54,17.782,0.3293,0.4562016951008854,15.977,449.8,18,False,7.84,0.3338904113252724,,-0.4367077333592884,,0.7654496265889782,2.005103980006281,0.3165082637105733,,,,,0.1448953979547638,0.0448088475833807
Korea,LCK,2026,full year (per-game derived),Dplus Kia,Career,Support,89,12.517,0.1406,0.316310450152809,10.769,704.3,152,False,7.84,0.4441321097586996,,0.6205473516084101,,0.6400463064510963,-0.3332887605593805,0.4891811973855153,,,,,-0.0763834097457308,0.5094701026521167
Korea,LCK,2026,full year (per-game derived),Nongshim RedForce,Lehends,Support,63,3.164,0.0502,0.0678048680108554,8.599,724.3,128,False,7.84,0.3948505977778563,,-0.2071790058208902,,0.5934243418135593,0.2252152166419204,-0.8231649296320903,,,,,-0.0491189043699271,0.5476829651482196
Korea,LCK,2026,full year (per-game derived),DN SOOPers,Peter,Support,49,1.463,0.0299,0.022618276158326,11.233,600.3,119,False,7.84,0.4070147498282569,,0.1572857546560236,,0.1151852586961953,-0.4365208454019331,-0.4259770873216386,,,,,0.4206825024258671,0.2485669143480186
Korea,LCK,2026,full year (per-game derived),DN SOOPers,Quantum,Support,8,-2.315,-0.2894,-0.0777515596588314,5.374,303.8,106,False,7.84,0.3954642810321505,,-0.7199467134007436,,1.2391218747305408,-0.8866591417532779,-0.3764115195457454,,,,,1.0697315206955569,-0.6494266148752215
Korea,LCK,2026,full year (per-game derived),Kiwoom DRX,Andil,Support,82,-4.388,-0.0535,-0.1328433390165577,-2.384,670.8,103,False,7.84,0.3531731559837576,,-0.5793956491063454,,-0.1639984183380103,0.1400576213985592,-0.1994123059260118,,,,,0.2394331083248594,-0.2135641801652293
Korea,LCK,2026,full year (per-game derived),Hanwha Life Esports,Bluffing,Support,3,-4.41,-1.47,-0.1334228276754365,9.677,269.8,97,False,7.84,,,0.4663480421355137,,-1.6323458060813076,-0.5552964272841148,-0.4995490448189338,,,,,2.378704577612684,-0.7934032116282553
Korea,LCK,2026,full year (per-game derived),KT Rolster,Ghost,Support,11,-39.37,-3.5791,-1.0622646348665217,-4.359,212.8,0,False,7.84,0.3169769697198165,,-1.091779849818774,,-1.186153193865217,-1.7337326939858613,-2.050306070105633,,,,,0.3743333154823756,-0.7612123804981197
Korea,LCK,2026,full year (per-game derived),DN SOOPers,Life,Support,18,-42.129,-2.3405,-1.1355656994757766,-1.391,407.8,80,False,7.84,0.3375990813639013,,-2.124777556806198,,-0.7558998424807791,-1.0070056647463863,-0.8814045575497801,,,,,-1.4536550375897992,-0.6996343700405289
Korea,LCK,2026,full year (per-game derived),KT Rolster,Pollu,Support,6,-53.744,-8.9573,-1.4441601456877546,4.569,457.8,169,False,7.84,0.3164796109293521,,-0.7529464516583152,,-1.4020889688123517,-0.91016260789676,-0.831267049311648,,,,,-1.7384450099594326,-2.712872658327968
Korea,LCK CL,2023,full year (per-game derived),DN SOOPers Challengers,Lancer,Top,25,58.246,2.3298,1.438918941966493,32.158,282.8,0,False,11.497,1.0478530564397333,1.7564207778264955,,,,,,,,-0.1089979219983128,,,1.882743287155948
Korea,LCK CL,2023,full year (per-game derived),DN SOOPers Challengers,IlllIma,Top,57,40.674,0.7136,0.8898074165267216,30.275,442.8,0,False,11.497,1.303732094076321,1.0794642958427825,,,,,,,,1.020146675585487,,,0.6753884884232331
Korea,LCK CL,2023,full year (per-game derived),Dplus Kia Challengers,Thanatos,Top,125,27.474,0.2198,0.4773267276354612,24.253,782.8,0,False,11.497,1.3112118656593557,0.2644531908752691,,,,,,,,-0.0175862050715322,,,0.8764564089424335
Korea,LCK CL,2023,full year (per-game derived),KT Rolster Challengers,PerfecT,Top,53,19.208,0.3624,0.2190181121479068,16.33,422.8,0,False,11.497,1.227715372668856,-0.2085204158952661,,,,,,,,0.4850917484820015,,,0.4478798003950053
Korea,LCK CL,2023,full year (per-game derived),Nongshim Esports Academy,DnDn,Top,2,18.681,9.3405,0.2025530236913798,11.925,167.8,0,False,11.497,,1.4589613977107785,,,,,,,,-1.5202686942895276,,,-0.0423166832422611
Korea,LCK CL,2023,full year (per-game derived),Gen.G Global Academy,Zest,Top,64,17.205,0.2688,0.1564058773837472,15.32,477.8,0,False,11.497,1.432309891107136,-0.2580326610741859,,,,,,,,0.6018967079912514,,,0.2929961222095542
Korea,LCK CL,2023,full year (per-game derived),Hanwha Life Esports Challengers,Rooster,Top,103,15.814,0.1535,0.1129518008266885,14.801,672.8,0,False,11.497,1.164096044631579,-0.1945933811471058,,,,,,,,-0.2458897567656094,,,0.5276894758926558
Korea,LCK CL,2023,full year (per-game derived),Gen.G Global Academy,Casting,Top,26,12.554,0.4828,0.0110632067694513,11.974,287.8,0,False,11.497,1.4353748524594645,-0.1914135478364421,,,,,,,,0.5669643729418424,,,-0.0759563422677227
Korea,LCK CL,2023,full year (per-game derived),DRX Challengers,Clear,Top,57,10.44,0.1832,-0.0549742072223784,10.817,442.8,0,False,11.497,1.4925037914947334,-2.189653200117156,,,,,,,,0.573567947366525,,,1.4058803530602106
Korea,LCK CL,2023,full year (per-game derived),T1 Esports Academy,Dal,Top,100,8.93,0.0893,-0.1021699639337796,9.546,657.8,0,False,11.497,1.1463030485360954,-0.2699855069264186,,,,,,,,0.0055755925692029,,,-0.0138415908047944
Korea,LCK CL,2023,full year (per-game derived),Nongshim Esports Academy,Mihile,Top,102,7.769,0.0762,-0.1384503514476431,8.65,667.8,0,False,11.497,1.0902606822025755,0.4508098272574059,,,,,,,,0.0083336816674937,,,-0.6872923308950182
Korea,LCK CL,2023,full year (per-game derived),Liiv SANDBOX Youth,DDahyuk,Top,86,1.168,0.0136,-0.3447390657431901,3.941,587.8,0,False,11.497,1.184238938869162,-0.1623034954953857,,,,,,,,2.0424361699893283,,,-1.5790841849152657
Korea,LCK CL,2023,full year (per-game derived),KT Rolster Challengers,Castle,Top,46,-1.168,-0.0254,-0.4177067218814076,3.986,387.8,0,False,11.497,0.9213531061625624,-1.173516771630257,,,,,,,,0.0499741498875303,,,-0.0118988956182299
Korea,LCK CL,2023,full year (per-game derived),HANJIN BRION Challengers,Kangin,Top,22,-10.763,-0.4892,-0.717564445079593,2.355,267.8,0,False,11.497,1.1527741703600256,0.8683181346274288,,,,,,,,-1.862421088452532,,,-1.494715354215821
Korea,LCK CL,2023,full year (per-game derived),DRX Challengers,Frog,Top,56,-12.894,-0.2302,-0.7841407918785627,-4.101,437.8,0,False,11.497,1.274289068083978,-1.0519855825645754,,,,,,,,0.0391990507979628,,,-0.9392404370793364
Korea,LCK CL,2023,full year (per-game derived),HANJIN BRION Challengers,Frim,Top,60,-18.147,-0.3024,-0.9482995597612828,-7.927,457.8,0,False,11.497,1.0324836544766132,-0.178423061453333,,,,,,,,-1.6380224307011164,,,-1.26468811704059
Korea,LCK CL,2023,full year (per-game derived),T1 Esports Academy,Forest,Jungle,100,32.622,0.3262,0.6332411014761532,26.959,657.8,0,False,9.019,0.6473370207190168,1.7890553652319892,-2.096634047217512,,,,,1.0368700384922855,1.80367304939785,,,,
Korea,LCK CL,2023,full year (per-game derived),Hanwha Life Esports Challengers,Grizzly,Jungle,13,31.02,2.3862,0.583195369424375,15.437,222.8,0,False,9.019,0.6501400293849124,0.2937545755893724,-1.073303758280536,,,,,1.816310087802646,1.2960205725860174,,,,
Korea,LCK CL,2023,full year (per-game derived),HANJIN BRION Challengers,Raptor,Jungle,70,26.276,0.3754,0.4349381937986349,20.912,507.8,0,False,9.019,0.7243830673423357,0.8893060555495081,-0.29210625860474,,,,,0.6121098833544696,0.530443094895302,,,,
Korea,LCK CL,2023,full year (per-game derived),Dplus Kia Challengers,Lucid,Jungle,125,24.95,0.1996,0.3935219526395099,21.738,782.8,0,False,9.019,0.7290665488534267,-0.5634294035381678,0.578538879665551,,,,,1.520146761639212,0.0388315727914447,,,,
Korea,LCK CL,2023,full year (per-game derived),DN SOOPers Challengers,Pressure,Jungle,3,21.492,7.164,0.2854651801055351,10.101,172.8,0,False,9.019,,-1.1607719452187517,1.83872585920778,,,,,-0.4239636378911681,0.8878704443242802,,,,
Korea,LCK CL,2023,full year (per-game derived),Gen.G Global Academy,Winner,Jungle,90,12.942,0.1438,0.0182716094259312,11.923,607.8,0,False,9.019,0.752039716753448,0.4362798839335252,0.2335843203073174,,,,,-1.0842956694790975,0.4875179029419798,,,,
Korea,LCK CL,2023,full year (per-game derived),DRX Challengers,Sponge,Jungle,113,9.019,0.0798,-0.1043152615582587,9.019,722.8,0,False,9.019,0.6884261225023225,1.0202504927708411,-0.4594101472223397,,,,,-0.1243021132685228,-0.853799278513014,,,,
Korea,LCK CL,2023,full year (per-game derived),Nongshim Esports Academy,Sounda,Jungle,104,7.702,0.0741,-0.1454698673052724,8.009,677.8,0,False,9.019,0.7170220325709897,-0.7086994896323662,0.6480847128295703,,,,,0.0294445720757308,-0.5507092644940246,,,,
Korea,LCK CL,2023,full year (per-game derived),DN SOOPers Challengers,Courage,Jungle,79,7.273,0.0921,-0.1588665309714417,7.771,552.8,0,False,9.019,0.7250148364548356,0.9176068694027436,0.0236431124461049,,,,,-0.656532655435341,-0.9201834502992748,,,,
Korea,LCK CL,2023,full year (per-game derived),Liiv SANDBOX Youth,Vincenzo,Jungle,86,0.617,0.0072,-0.3668818908466856,2.873,587.8,0,False,9.019,0.6812316075809448,-0.4781866419346445,0.1943953209461495,,,,,-0.4345100839667652,-0.7492261584314822,,,,
Korea,LCK CL,2023,full year (per-game derived),HANJIN BRION Challengers,DDoiV,Jungle,12,-1.85,-0.1542,-0.4439651872477524,6.025,217.8,0,False,9.019,0.7481327034378422,-1.696678756398377,1.2519852088539265,,,,,-1.653323266322607,0.3221560648760481,,,,
Korea,LCK CL,2023,full year (per-game derived),Hanwha Life Esports Challengers,Guwon,Jungle,90,-4.011,-0.0446,-0.5115024825235867,-0.627,607.8,0,False,9.019,0.6197373593508829,-0.757643009289646,-0.4413466898586938,,,,,-0.242072228755223,-0.6049480021907837,,,,
Korea,LCK CL,2023,full year (per-game derived),KT Rolster Challengers,HamBak,Jungle,99,-7.408,-0.0748,-0.6176321864171298,-3.436,652.8,0,False,9.019,0.6353138852565365,0.0191560035340235,-0.4061565130725762,,,,,-0.3958816882456181,-1.6876465478843483,,,,
Korea,LCK CL,2023,full year (per-game derived),Gen.G Global Academy,Quid,Middle,46,52.963,1.1514,1.1629977072017996,35.794,387.8,0,False,10.774,1.4115115196570498,0.4681756481433616,0.0846799742151776,,,,,1.8125657674125049,,,1.840325638475388,,
Korea,LCK CL,2023,full year (per-game derived),KT Rolster Challengers,Feisty,Middle,99,45.828,0.4629,0.9400441862834236,37.353,652.8,0,False,10.774,1.409622500311577,0.3700904737471521,0.6355504783463546,,,,,1.8422728904382968,,,0.2918854927156909,,
Korea,LCK CL,2023,full year (per-game derived),Nongshim Esports Academy,Calix,Middle,34,36.922,1.0859,0.6617276953560176,24.333,327.8,0,False,10.774,1.6721833814506164,1.4992164493770213,1.2777228759545871,,,,,0.1859254379688959,,,0.0109967524912679,,
Korea,LCK CL,2023,full year (per-game derived),HANJIN BRION Challengers,Karis,Middle,11,35.509,3.2281,0.6175981707395741,17.166,212.8,0,False,10.774,1.6612440258277577,-1.6807100745466552,1.916331461668163,,,,,0.5622603265380041,,,1.7099614541336536,,
Korea,LCK CL,2023,full year (per-game derived),DRX Challengers,SeTab,Middle,110,25.585,0.2326,0.3074716587039253,22.282,707.8,0,False,10.774,1.1118737309128193,0.5506116057090334,-1.3870695477280717,,,,,1.0037244791574909,,,0.5845571129613797,,
Korea,LCK CL,2023,full year (per-game derived),Nongshim Esports Academy,Callme,Middle,70,25.083,0.3583,0.29178970710273,20.636,507.8,0,False,10.774,1.2949302124664035,0.150000404903624,0.2179048148425776,,,,,0.3793297040813779,,,0.3597517101738629,,
Korea,LCK CL,2023,full year (per-game derived),DRX Challengers,Starlit,Middle,3,19.011,6.337,0.1020423762489285,11.489,172.8,0,False,10.774,,0.1451835931923376,-0.9857603332514868,,,,,0.7803399600932065,,,0.0024078073291884,,
Korea,LCK CL,2023,full year (per-game derived),Dplus Kia Challengers,Pullbae,Middle,121,16.557,0.1368,0.0253507542698874,15.361,762.8,0,False,10.774,1.2660589690735824,0.6742159724255254,-0.1973442459065449,,,,,0.0424768730974295,,,-0.4296199010177923,,
Korea,LCK CL,2023,full year (per-game derived),Hanwha Life Esports Challengers,Roamer,Middle,93,12.919,0.1389,-0.0883322089150762,12.376,622.8,0,False,10.774,1.2290418197995678,0.5100120196019259,-0.2527640742568299,,,,,-0.3851532480058228,,,-0.0212037035521017,,
Korea,LCK CL,2023,full year (per-game derived),HANJIN BRION Challengers,Ivory,Middle,71,8.63,0.1215,-0.2223559520134338,9.29,512.8,0,False,10.774,1.2913354328702906,-0.1823780730459662,0.1280707428031844,,,,,-1.1221976271927636,,,0.9057953129042012,,
Korea,LCK CL,2023,full year (per-game derived),Liiv SANDBOX Youth,Guti,Middle,86,6.044,0.0703,-0.3031654121922584,7.314,587.8,0,False,10.774,1.2251119708403262,-0.4729453983841367,0.1005723284405739,,,,,-0.4958849300602563,,,-0.2120474392144785,,
Korea,LCK CL,2023,full year (per-game derived),Dplus Kia Challengers,Saint,Middle,4,5.959,1.4897,-0.3058391850185215,10.233,177.8,0,False,10.774,,-1.6477090339211151,-1.7060978047010238,,,,,0.6901148262689788,,,0.7560107172209023,,
Korea,LCK CL,2023,full year (per-game derived),T1 Esports Academy,Bay,Middle,61,4.037,0.0662,-0.3658782757428422,6.335,462.8,0,False,10.774,1.4876076251507957,-0.8579590147189509,1.9823800983258952,,,,,-1.123294543860252,,,-0.9448171359416097,,
Korea,LCK CL,2023,full year (per-game derived),T1 Esports Academy,Nice,Middle,25,0.024,0.001,-0.4912863966371039,6.023,282.8,0,False,10.774,1.1361354214204762,1.820650046553304,-0.9341655378235564,,,,,-1.0034402779842084,,,-1.4957413301503129,,
Korea,LCK CL,2023,full year (per-game derived),T1 Esports Academy,Poby,Middle,14,-0.072,-0.0051,-0.4942939241088138,7.442,227.8,0,False,10.774,0.9690482634030668,-1.6932654652516277,-0.2415079036255219,,,,,0.1583431623021036,,,-0.6497241076686011,,
Korea,LCK CL,2023,full year (per-game derived),DN SOOPers Challengers,Cleaver,Middle,82,-1.135,-0.0138,-0.5274997089498757,2.175,567.8,0,False,10.774,1.105651219727277,-0.2421729975652894,-0.4656322637297555,,,,,-1.0624687309760428,,,0.0281784325462058,,
Korea,LCK CL,2023,full year (per-game derived),Hanwha Life Esports Challengers,Loki,Middle,10,-2.877,-0.2877,-0.5819393399323364,7.49,207.8,0,False,10.774,1.2176342454008613,0.7349383978245992,0.2361603161067496,,,,,-0.919738596059678,,,-2.1471749510736973,,
Korea,LCK CL,2023,full year (per-game derived),Gen.G Global Academy,Ophelia,Middle,44,-7.565,-0.1719,-0.7284318523960152,0.096,377.8,0,False,10.774,1.132659738865144,-0.1459545540441208,-0.4090313796804879,,,,,-1.3451754732192651,,,-0.5895418623331108,,
Korea,LCK CL,2023,full year (per-game derived),Nongshim Esports Academy,vital,ADC,43,25.718,0.5981,0.7945223269732512,17.65,372.8,0,False,6.661,2.0142986108188863,0.6973503533340016,1.0132505678395924,1.2122623510124275,,,,1.0312987910512066,,,-0.2775210084684164,,
Korea,LCK CL,2023,full year (per-game derived),T1 Esports Academy,Smash,ADC,98,18.95,0.1934,0.5830111383994057,15.956,647.8,0,False,6.661,1.6538161302556054,-0.6066150925043972,0.6072878656389902,1.156636685882123,,,,0.331927781214456,,,1.7396726482470437,,
Korea,LCK CL,2023,full year (per-game derived),Dplus Kia Challengers,Rahel,ADC,125,16.63,0.133,0.5105059290086202,14.62,782.8,0,False,6.661,1.6491694790054467,-0.0300839084086408,0.4053734315950275,0.2614210961488596,,,,0.869397536154488,,,0.5978069806210321,,
Korea,LCK CL,2023,full year (per-game derived),DRX Challengers,deokdam,ADC,34,12.489,0.3673,0.3811241669249082,9.683,327.8,0,False,6.661,1.6424752393326132,0.5447583388564573,0.2074100857387447,0.5740153808124616,,,,0.6858405149658292,,,-0.4872989208001034,,
Korea,LCK CL,2023,full year (per-game derived),Liiv SANDBOX Youth,Diable,ADC,86,10.931,0.1271,0.3324413424228712,9.784,587.8,0,False,6.661,1.7265883107296531,0.4041874702060834,0.2574851775929843,0.6585159297972054,,,,-0.1528062353918903,,,1.1013838421784257,,
Korea,LCK CL,2023,full year (per-game derived),Hanwha Life Esports Challengers,Lure,ADC,103,10.14,0.0984,0.3076980958404116,9.324,672.8,0,False,6.661,1.6574107097213768,0.4873478523042248,0.0578595941546376,0.5755873755505879,,,,-0.1744835687031397,,,1.1949063065751866,,
Korea,LCK CL,2023,full year (per-game derived),KT Rolster Challengers,Hype,ADC,99,9.63,0.0973,0.291758671424954,8.912,652.8,0,False,6.661,1.6350780322604324,0.0181948816813744,0.3446594609431802,0.4758492066914849,,,,0.1345492770124292,,,0.6820522738119572,,
Korea,LCK CL,2023,full year (per-game derived),HANJIN BRION Challengers,Gamin,ADC,22,8.239,0.3745,0.2483085373440381,7.309,267.8,0,False,6.661,1.7793848818755424,-0.8796060947015544,1.23433725744525,-0.4996285230156944,,,,0.3149188385737677,,,0.9882583318812598,,
Korea,LCK CL,2023,full year (per-game derived),Nongshim Esports Academy,Jiwoo,ADC,57,5.082,0.0892,0.1496467132241954,5.645,442.8,0,False,6.661,1.4927935153848626,0.4901047148452092,-0.3633346667860874,0.9162513892865212,,,,0.1344778395735271,,,-0.4103046187348574,,
Korea,LCK CL,2023,full year (per-game derived),T1 Esports Academy,Cypher,ADC,2,1.91,0.955,0.0505194083830811,6.377,167.8,0,False,6.661,,1.1231568750724168,-2.239698701155457,-1.5092529691885264,,,,1.809173390446076,,,-1.1290990308378468,,
Korea,LCK CL,2023,full year (per-game derived),HANJIN BRION Challengers,Enosh,ADC,60,0.0,0.0,-0.0091544609067323,2.296,457.8,0,False,6.661,1.401796724739903,-0.2453556931553816,-0.2229769993456792,0.3697127579846622,,,,0.0535484028639394,,,-0.0790793525945421,,
Korea,LCK CL,2023,full year (per-game derived),DN SOOPers Challengers,Bull,ADC,82,-4.555,-0.0555,-0.1515051620843469,-1.438,567.8,0,False,6.661,1.7056886477491509,-0.4835913157875267,0.9293552361232296,-0.0329476722081876,,,,0.0932597876640102,,,-1.5695580333987065,,
Korea,LCK CL,2023,full year (per-game derived),DRX Challengers,Pleata,ADC,76,-5.018,-0.066,-0.1659614143653507,-1.591,537.8,0,False,6.661,1.6872500537679918,-0.3015412752454567,0.8793925218676165,0.2333264239954438,,,,-0.6421100848583579,,,-0.40368881946974,,
Korea,LCK CL,2023,full year (per-game derived),DRX Challengers,Paduck,ADC,3,-7.063,-2.3543,-0.2298688877441601,5.469,172.8,0,False,6.661,,1.784725959779514,-0.2324534768893726,-1.437467411147332,,,,-0.694162580599768,,,0.0103801862056674,,
Korea,LCK CL,2023,full year (per-game derived),Gen.G Global Academy,Pdx,ADC,90,-32.37,-0.3597,-1.020679511587386,-22.235,607.8,0,False,6.661,1.1655631116097602,-0.2581101466312291,-0.8667784965907142,-0.8391783859793205,,,,-1.17920348443109,,,-1.7619720782499462,,
Korea,LCK CL,2023,full year (per-game derived),Nongshim Esports Academy,Calix,ADC,4,-66.025,-16.5062,-2.0723668932577635,-1.514,177.8,0,False,6.661,,-2.7449229196451066,-2.011168858171933,-2.1151036356227197,,,,-2.615626205535482,,,-0.1959387069664281,,
Korea,LCK CL,2023,full year (per-game derived),DN SOOPers Challengers,Moham,Support,22,24.203,1.1001,0.623964806927956,12.566,267.8,0,False,4.457,0.692626755596038,,0.9132454424856338,,-0.8254054455878644,1.3396249326794576,1.023083606326992,,,,,-0.4972081401893685,1.5571517180678995
Korea,LCK CL,2023,full year (per-game derived),DRX Challengers,Pleata,Support,31,24.186,0.7802,0.6234397520776164,14.232,312.8,0,False,4.457,0.4765593103903971,,0.3503270324128146,,0.3532879630840049,1.1067409649547617,0.8080858649995899,,,,,0.0453999166334739,0.9861253667203655
Korea,LCK CL,2023,full year (per-game derived),Hanwha Life Esports Challengers,Duro,Support,103,18.556,0.1802,0.4475116893173732,15.248,672.8,0,False,4.457,0.4774676418991656,,0.533074667352091,,0.8072450245794801,0.6076072142956316,0.6713274534460355,,,,,0.103741544082281,0.0591617235824506
Korea,LCK CL,2023,full year (per-game derived),DRX Challengers,Career,Support,25,16.81,0.6724,0.3929393196060924,9.916,282.8,0,False,4.457,0.4390563348640522,,-0.2117577839824192,,1.0030650927889904,-1.09141183795117,0.2671553838504481,,,,,1.075845704623548,1.130379350566944
Korea,LCK CL,2023,full year (per-game derived),Dplus Kia Challengers,Kellin,Support,5,13.711,2.7422,0.2961144427194462,5.722,182.8,0,False,4.457,0.4617096016926151,,0.2054399390590121,,-0.993308406574513,-0.2103845085000577,0.4783750383798962,,,,,1.07883340211017,1.033407842017625
Korea,LCK CL,2023,full year (per-game derived),Liiv SANDBOX Youth,PlanB,Support,86,12.429,0.1445,0.2560484836981784,10.288,587.8,0,False,4.457,0.4004548813720808,,0.1099152526091917,,1.458286392041749,0.5772255882890609,0.736774406107227,,,,,0.0883208779667679,-1.096175595120305
Korea,LCK CL,2023,full year (per-game derived),T1 Esports Academy,Baut,Support,99,12.161,0.1228,0.2476720248532892,10.298,652.8,0,False,4.457,0.5658284010060075,,0.7667200184008206,,-0.6408054710546578,0.2255463460695199,0.7168488690725977,,,,,0.4419858499541657,0.0301236343124892
Korea,LCK CL,2023,full year (per-game derived),DRX Challengers,Piero,Support,57,7.499,0.1316,0.101982367900131,6.415,442.8,0,False,4.457,0.4692649668395865,,0.1877395832288135,,1.352545639303313,0.2735173962704355,-0.003535454098655,,,,,-0.2856009987356216,-0.7098210932739734
Korea,LCK CL,2023,full year (per-game derived),KT Rolster Challengers,Kice,Support,33,7.126,0.2159,0.0903359208081844,5.821,322.8,0,False,4.457,0.4389447111523163,,0.3588456806603034,,0.1246672033297406,-1.030952421002495,0.2140577970777863,,,,,0.3604347684405665,0.4300371812362004
Korea,LCK CL,2023,full year (per-game derived),Nongshim Esports Academy,Luon,Support,104,4.89,0.047,0.0204695675784422,4.789,677.8,0,False,4.457,0.4176941130401697,,0.1112316066210262,,1.1182940806103614,0.5669941338421489,0.6498267890063594,,,,,-1.1348429052869191,-0.94685512594217
Korea,LCK CL,2023,full year (per-game derived),HANJIN BRION Challengers,Pollu,Support,77,4.023,0.0522,-0.0066325286443668,4.149,542.8,0,False,4.457,0.458872919328384,,0.4167748283938615,,-0.4714409382748928,0.211983725504676,0.2241177652953708,,,,,0.2366544427025737,-0.5276345021191056
Korea,LCK CL,2023,full year (per-game derived),DN SOOPers Challengers,Andil,Support,60,0.561,0.0094,-0.1148080143856847,1.904,457.8,0,False,4.457,0.5325414119441092,,0.4574486910687048,,0.1156569374717339,-1.0248108666310416,-0.2778914968693928,,,,,-0.6168800511240079,0.5031413569387788
Korea,LCK CL,2023,full year (per-game derived),Gen.G Global Academy,Lospa,Support,90,0.126,0.0014,-0.1284090011189112,1.251,607.8,0,False,4.457,0.4338031649516335,,0.3378229807187767,,-1.2730946915817507,1.982439348555148,0.8400314461004639,,,,,-0.9787257138276212,-1.3688237015665694
Korea,LCK CL,2023,full year (per-game derived),Dplus Kia Challengers,Bible,Support,39,-0.379,-0.0097,-0.1441824005033791,1.784,352.8,0,False,4.457,0.3700338738522799,,-0.6449392357896397,,0.4621610672452322,-0.4054696231208095,-0.0638528260502642,,,,,-1.7061072396408266,1.1656542833681505
Korea,LCK CL,2023,full year (per-game derived),HANJIN BRION Challengers,Effort,Support,2,-1.163,-0.5815,-0.1686997176118293,4.122,167.8,0,False,4.457,,,-3.912571655923898,,0.3783253167918483,-0.9160231086421288,-0.2404894970028358,,,,,2.162831121740504,1.1788436703700615
Korea,LCK CL,2023,full year (per-game derived),Dplus Kia Challengers,Loopy,Support,52,-3.339,-0.0642,-0.2367058811766524,-0.394,417.8,0,False,4.457,0.458978216342215,,0.1474263034638429,,0.6160446269875492,-0.2577564171867726,-0.98633011811733,,,,,-0.928140895150338,-0.0565242058808234
Korea,LCK CL,2023,full year (per-game derived),KT Rolster Challengers,Way,Support,66,-7.866,-0.1192,-0.3781608661188491,-3.879,487.8,0,False,4.457,0.4566247164276616,,0.332005805086016,,-0.5184888965626532,-1.27851705121593,-0.0856903710888739,,,,,-0.3497445307031819,-0.3704562950065473
Korea,LCK CL,2023,full year (per-game derived),Dplus Kia Challengers,Thumb,Support,29,-8.093,-0.2791,-0.3852476115811394,-1.552,302.8,0,False,4.457,0.4400005172492833,,0.3840965646069176,,0.5254131525842436,-1.942419496721775,-0.0533294491736021,,,,,-1.0082515416935158,-0.2506454415875118
Korea,LCK CL,2023,full year (per-game derived),HANJIN BRION Challengers,Gyosoo,Support,3,-15.365,-5.1217,-0.6124911973294035,2.736,172.8,0,False,4.457,,,-0.2804035246899569,,-1.3922792616757789,0.2950676378131252,-1.7345786877912035,,,,,-0.0204582098528841,-0.5563343496896591
Korea,LCK CL,2023,full year (per-game derived),T1 Esports Academy,Minous,Support,1,-25.37,-25.37,-0.9251411570164992,3.541,162.8,0,False,4.457,,,-0.5624421957819071,,-2.200169385506135,0.9709980426982072,-3.183986519470613,,,,,1.931912597950197,-2.190755816994297
Korea,LCK CL,2024,full year (per-game derived),KT Rolster Challengers,PerfecT,Top,2,116.883,58.4415,2.209190762224792,23.576,221.8,54,False,19.309,,2.3395300014507314,,,,,,,,2.4173070943750994,,,2.007951233698884
Korea,LCK CL,2024,full year (per-game derived),DN SOOPers Challengers,Lancer,Top,104,40.49,0.3893,0.4962825060637157,37.116,727.8,25,False,19.309,1.066926588722664,-0.231848626030743,,,,,,,,1.6711682982944096,,,0.5579871631270482
Korea,LCK CL,2024,full year (per-game derived),BNK FEARX Youth,Soboro,Top,51,34.412,0.6747,0.3600012863283662,28.638,412.8,0,False,19.309,1.0141900155919237,-0.5000634742431054,,,,,,,,0.456667196962415,,,1.019751585598639
Korea,LCK CL,2024,full year (per-game derived),Nongshim Esports Academy,Mihile,Top,68,29.881,0.4394,0.2584001005792929,21.076,701.8,102,False,19.309,1.166081864545305,0.0124092049626133,,,,,,,,0.2634105762564906,,,0.4573878898669409
Korea,LCK CL,2024,full year (per-game derived),Dplus Kia Challengers,Siwoo,Top,121,29.838,0.2466,0.2574449337092815,27.659,762.8,0,False,19.309,1.1558313003259189,0.3629859316068826,,,,,,,,-0.430639558549369,,,0.4838588864560854
Korea,LCK CL,2024,full year (per-game derived),Hanwha Life Esports Challengers,Rooster,Top,106,29.611,0.2793,0.252358796958673,24.612,893.8,103,False,19.309,1.088021314413547,-0.3199132814640421,,,,,,,,0.2388661677740632,,,0.7267144198429898
Korea,LCK CL,2024,full year (per-game derived),Gen.G Global Academy,HorangE,Top,89,21.65,0.2433,0.0738461905496014,21.037,602.8,0,False,19.309,1.1078289841228457,-0.2997313784128016,,,,,,,,0.9407911060518456,,,-0.0145653055276344
Korea,LCK CL,2024,full year (per-game derived),Nongshim Esports Academy,Ady,Top,6,21.3,3.55,0.066011838270946,19.627,187.8,0,False,19.309,0.7890016849015282,2.452913059423046,,,,,,,,-1.1873463190447526,,,-1.317199089346364
Korea,LCK CL,2024,full year (per-game derived),HANJIN BRION Challengers,Kangin,Top,93,17.317,0.1862,-0.0233099130763351,15.936,666.8,22,False,19.309,1.072406652619268,0.0272553629208065,,,,,,,,-0.4481748408291279,,,0.128438919177273
Korea,LCK CL,2024,full year (per-game derived),T1 Esports Academy,Dal,Top,104,16.919,0.1627,-0.0322160328657153,15.528,877.8,100,False,19.309,0.8753663502668503,-0.0698779876749602,,,,,,,,0.0283013929250786,,,-0.0289096270176032
Korea,LCK CL,2024,full year (per-game derived),KT Rolster Challengers,Casting,Top,116,11.135,0.096,-0.1619281815051831,12.862,789.8,26,False,19.309,0.9929451102564624,-0.4722829586794255,,,,,,,,-0.2122914381012865,,,0.1148908437265167
Korea,LCK CL,2024,full year (per-game derived),DRX Challengers,Frog,Top,47,0.145,0.0031,-0.408335154064874,3.244,504.8,56,False,19.309,1.162790044267001,-0.9180260328281434,,,,,,,,-0.6355497672459944,,,0.1119640254601284
Korea,LCK CL,2024,full year (per-game derived),BNK FEARX Youth,Janus,Top,47,-0.048,-0.001,-0.4126734015166539,7.729,392.8,0,False,19.309,1.0977282942183617,-0.237933650861044,,,,,,,,-0.8408373488216124,,,-0.3610223123689899
Korea,LCK CL,2024,full year (per-game derived),DRX Challengers,Racerr,Top,40,-8.216,-0.2054,-0.5958208978077763,3.925,357.8,0,False,19.309,0.9364498712284464,-0.9035937437805466,,,,,,,,-0.8401299185248061,,,-0.2329571962314052
Korea,LCK CL,2024,full year (per-game derived),Nongshim Esports Academy,DnDn,Top,17,-23.791,-1.3995,-0.9450445274263624,0.237,329.8,87,False,19.309,0.8465194724582691,-0.3325545534371006,,,,,,,,-0.2236184076087768,,,-1.7740936515164791
Korea,LCK CL,2024,full year (per-game derived),Nongshim Esports Academy,Midir,Top,11,-43.823,-3.9839,-1.3942083064217663,2.995,212.8,0,False,19.309,0.9428455481872337,-0.9092678729521672,,,,,,,,-1.1979242339136678,,,-1.880197784946029
Korea,LCK CL,2024,full year (per-game derived),BNK FEARX Youth,Willer,Jungle,51,39.302,0.7706,0.8139265275221297,26.039,503.8,91,False,5.469,0.9254037229481368,-0.2491947418220314,1.3134520848728954,,,,,0.4669128233075142,1.7245359437301402,,,,
Korea,LCK CL,2024,full year (per-game derived),HANJIN BRION Challengers,GIDEON,Jungle,3,35.242,11.7473,0.7228933445989915,8.053,172.8,0,False,5.469,,-0.0205651063867595,0.6488853880014792,,,,,1.891524713532872,0.371728383248374,,,,
Korea,LCK CL,2024,full year (per-game derived),DN SOOPers Challengers,Courage,Jungle,104,23.182,0.2229,0.4524872810540631,16.83,835.8,79,False,5.469,0.8185768880744698,0.2857603210351093,0.8368479011349242,,,,,0.4698153252322662,0.2175255768139527,,,,
Korea,LCK CL,2024,full year (per-game derived),Hanwha Life Esports Challengers,Grizzly,Jungle,106,13.556,0.1279,0.2366402144040569,11.291,735.8,48,False,5.469,0.6833646709231508,-0.5182392213363712,-0.0823150574017559,,,,,0.6386560535765093,0.9084590827778456,,,,
Korea,LCK CL,2024,full year (per-game derived),BNK FEARX Youth,Raptor,Jungle,47,7.35,0.1564,0.0974951158087878,11.766,532.8,70,False,5.469,0.7251078287356965,-0.2921017184939209,0.6125705993987289,,,,,0.3216230652161975,-0.2521114828858544,,,,
Korea,LCK CL,2024,full year (per-game derived),Dplus Kia Challengers,Sharvel,Jungle,121,7.213,0.0596,0.0944290840107017,6.852,762.8,0,False,5.469,0.7482635428915714,-0.312119949325957,0.7700486260915919,,,,,0.0571836966389176,-0.1373960373617455,,,,
Korea,LCK CL,2024,full year (per-game derived),KT Rolster Challengers,HamBak,Jungle,118,6.842,0.058,0.0861045741123345,4.968,847.8,100,False,5.469,0.6583656899367878,-0.3685276644032321,-0.2634227520328979,,,,,0.4989191960724853,0.4774495168129831,,,,
Korea,LCK CL,2024,full year (per-game derived),DRX Challengers,Zephyr,Jungle,42,5.493,0.1308,0.0558463565201718,5.483,367.8,0,False,5.469,0.7201508465819886,0.6630126144279364,-0.1127439789565808,,,,,-0.3442462164553582,0.0173630070646903,,,,
Korea,LCK CL,2024,full year (per-game derived),HANJIN BRION Challengers,DDoiV,Jungle,86,5.445,0.0633,0.0547840991447233,5.165,611.8,12,False,5.469,0.7391903358597156,0.3949703665033899,0.4757283755878709,,,,,-0.0380494433677208,-0.6135129021446464,,,,
Korea,LCK CL,2024,full year (per-game derived),Gen.G Global Academy,Toye,Jungle,88,1.07,0.0122,-0.043319462584158,2.231,597.8,0,False,5.469,0.6608144397089999,-0.6738503892424651,0.305143651738788,,,,,0.5412956014946896,-0.3458667143276446,,,,
Korea,LCK CL,2024,full year (per-game derived),Nongshim Esports Academy,Carim,Jungle,49,0.0,0.0,-0.0673136461210868,2.143,402.8,0,False,5.469,0.7384303649945873,0.1213621984975861,0.6047396426743606,,,,,-0.4324387018628496,-0.5629177237934445,,,,
Korea,LCK CL,2024,full year (per-game derived),Gen.G Global Academy,Slayer,Jungle,1,-1.371,-1.371,-0.0980476766450277,5.259,162.8,0,False,5.469,,3.137740732770958,-2.906167432054029,,,,,-2.886288861460668,2.262524854163628,,,,
Korea,LCK CL,2024,full year (per-game derived),DRX Challengers,Kania,Jungle,45,-9.954,-0.2212,-0.2905005398698402,-3.595,382.8,0,False,5.469,0.591466201436854,-1.123590546060307,-0.05123803238628,,,,,0.5210666006225804,-0.5082401816553542,,,,
Korea,LCK CL,2024,full year (per-game derived),T1 Esports Academy,Guwon,Jungle,104,-17.19,-0.1653,-0.4527533495699981,-10.256,857.8,90,False,5.469,0.5967261476044992,0.4331784796893961,-0.949252940880197,,,,,-0.5002500346817814,-0.7946889024074103,,,,
Korea,LCK CL,2024,full year (per-game derived),HANJIN BRION Challengers,Vincenzo,Jungle,4,-22.709,-5.6772,-0.5765074190213019,1.473,349.8,86,False,5.469,,-0.0998605989015223,-0.1894396399316084,,,,,-0.4603475009384498,-1.556381936313627,,,,
Korea,LCK CL,2024,full year (per-game derived),Nongshim Esports Academy,Sounda,Jungle,53,-45.439,-0.8573,-1.0861645033645524,-15.18,630.8,104,False,5.469,0.4812782999561036,-1.3779747769518131,-1.0128364358572908,,,,,-0.7453763169272045,-1.2084704837219007,,,,
Korea,LCK CL,2024,full year (per-game derived),HANJIN BRION Challengers,Karis,Middle,22,46.384,2.1084,0.8732222243954071,19.884,357.8,90,False,5.553,1.8560094563636371,0.6808269584940344,0.7605079213162594,,,,,0.8826901424813703,,,1.162405027878325,,
Korea,LCK CL,2024,full year (per-game derived),Nongshim Esports Academy,Calix,Middle,66,37.14,0.5627,0.6659405738659883,28.144,555.8,34,False,5.553,2.050707400909153,-0.1492125495186155,1.9559009521374668,,,,,1.1768606238078363,,,-0.6717837650194446,,
Korea,LCK CL,2024,full year (per-game derived),Nongshim Esports Academy,FIESTA,Middle,9,30.022,3.3358,0.5063429569748199,8.194,271.8,69,False,5.553,1.5223804202035134,1.9621155155233168,-0.2155170717341283,,,,,1.173845656488949,,,-1.3538179827204042,,
Korea,LCK CL,2024,full year (per-game derived),DRX Challengers,kyeahoo,Middle,42,29.717,0.7075,0.4994944384489773,18.828,376.8,9,False,5.553,1.617856401466203,0.3902581359029315,0.5256536913018282,,,,,0.7189530173784753,,,0.2121649980347903,,
Korea,LCK CL,2024,full year (per-game derived),DRX Challengers,SeTab,Middle,45,28.883,0.6418,0.480797102486189,21.571,602.8,110,False,5.553,1.3380911086131546,-0.2188850622913301,-0.4202396207140253,,,,,1.4077485121764737,,,0.5174634643683651,,
Korea,LCK CL,2024,full year (per-game derived),Nongshim Esports Academy,Callme,Middle,27,26.547,0.9832,0.4284278247143291,17.252,366.8,74,False,5.553,1.5368846209688425,0.355820785037618,-0.264030715890422,,,,,0.052475255972819,,,1.828337149023003,,
Korea,LCK CL,2024,full year (per-game derived),KT Rolster Challengers,Pout,Middle,10,25.308,2.5308,0.4006455322419971,10.306,207.8,0,False,5.553,2.000884291129537,0.3105939149267905,1.624550049390466,,,,,0.2319507775192852,,,-0.4490642768811783,,
Korea,LCK CL,2024,full year (per-game derived),DN SOOPers Challengers,Pungyeon,Middle,104,24.461,0.2352,0.3816455724027509,20.058,677.8,0,False,5.553,1.3853121167375837,-0.5720622972062758,0.1235259756403066,,,,,0.816768018578933,,,0.8592101758405637,,
Korea,LCK CL,2024,full year (per-game derived),Gen.G Global Academy,Starlit,Middle,47,17.519,0.3727,0.2259974946234891,12.806,398.8,3,False,5.553,1.3795712233282469,0.1642268837300341,-0.3813525624041431,,,,,0.3862794233302828,,,0.6248848792405775,,
Korea,LCK CL,2024,full year (per-game derived),Gen.G Global Academy,Dooly,Middle,29,6.377,0.2199,-0.0238432602430771,5.948,302.8,0,False,5.553,1.6361607585915363,-1.0418009080208663,1.0703628017732156,,,,,-0.3922953307548274,,,0.5212553708912668,,
Korea,LCK CL,2024,full year (per-game derived),Dplus Kia Challengers,Saint,Middle,121,4.73,0.0391,-0.0607718988258583,4.911,770.8,4,False,5.553,1.2517520851301958,0.4677143943239756,-1.4285359075046609,,,,,0.1043916412841113,,,0.5003900265543939,,
Korea,LCK CL,2024,full year (per-game derived),T1 Esports Academy,Poby,Middle,104,4.047,0.0389,-0.0760757780069495,3.581,709.8,32,False,5.553,1.185928375576626,-1.096537087676808,-0.363446032125749,,,,,-0.0299333279163386,,,1.154012958743696,,
Korea,LCK CL,2024,full year (per-game derived),BNK FEARX Youth,Daystar,Middle,98,3.922,0.04,-0.0788739058059061,4.319,647.8,0,False,5.553,1.407325231471317,0.2251273736447311,0.0280970297692498,,,,,-0.171238426042334,,,-0.3340067856626581,,
Korea,LCK CL,2024,full year (per-game derived),Hanwha Life Esports Challengers,Loki,Middle,99,0.0,0.0,-0.1668220745552746,1.217,672.8,10,False,5.553,1.39124994860878,-0.1099098733010943,0.1155571878277263,,,,,-0.1319230427587205,,,-0.5651472436448598,,
Korea,LCK CL,2024,full year (per-game derived),KT Rolster Challengers,Zinie,Middle,108,-5.368,-0.0497,-0.2871770526477562,-2.898,697.8,0,False,5.553,1.1466657120753772,0.9875079425271088,-2.1127673119853108,,,,,-0.0336467968653982,,,-0.16331507519728,,
Korea,LCK CL,2024,full year (per-game derived),HANJIN BRION Challengers,Ivory,Middle,55,-7.601,-0.1382,-0.3372437661457003,-1.544,513.8,81,False,5.553,1.309361540479032,-0.1411282730687462,-0.3235028505116092,,,,,-0.5775704913494688,,,-0.141491890835211,,
Korea,LCK CL,2024,full year (per-game derived),Gen.G Global Academy,Slayer,Middle,2,-9.096,-4.548,-0.3707794217018034,4.681,167.8,0,False,5.553,,1.0111468930736511,0.2565460330838943,,,,,-1.832717479497967,,,0.0870807086955079,,
Korea,LCK CL,2024,full year (per-game derived),Hanwha Life Esports Challengers,Tempester,Middle,7,-21.464,-3.0663,-0.6480847839032584,0.65,192.8,0,False,5.553,1.0021304051111504,-1.980620232242147,-0.4038907445332377,,,,,0.1034215492016889,,,-0.8282229779429143,,
Korea,LCK CL,2024,full year (per-game derived),HANJIN BRION Challengers,Pullbae,Middle,16,-22.96,-1.435,-0.681635168671016,6.349,479.8,121,False,5.553,1.2368493080726262,0.8943024001786601,-1.4876514426600915,,,,,-1.3867013321551334,,,-0.2611934983104206,,
Korea,LCK CL,2024,full year (per-game derived),Gen.G Global Academy,SOLBON,Middle,11,-69.769,-6.3426,-1.7312066096473526,-13.911,212.8,0,False,5.553,1.2041069595625364,-2.1394849140369714,0.9402326178229484,,,,,-2.499358390880036,,,-2.699161263056122,,
Korea,LCK CL,2024,full year (per-game derived),Nongshim Esports Academy,vital,ADC,58,39.979,0.6893,0.8417021051581085,27.63,539.8,92,False,14.041,1.5212328781822215,0.6556976448267333,-0.2656482330083177,0.8002553747584046,,,,0.7669248637232206,,,2.3447524272841123,,
Korea,LCK CL,2024,full year (per-game derived),BNK FEARX Youth,Diable,ADC,98,30.718,0.3134,0.634046921110741,23.356,819.8,86,False,14.041,1.2936670023115715,0.4445164596835312,-0.6797851419608684,0.2794341226548454,,,,1.4986647326047562,,,0.5466321682039218,,
Korea,LCK CL,2024,full year (per-game derived),KT Rolster Challengers,Hype,ADC,118,24.052,0.2038,0.4845693220702713,20.481,847.8,100,False,14.041,1.77953379526503,0.1586768322430976,0.5690323953328188,0.5094735058872129,,,,0.6501302404132382,,,0.3285824885462806,,
Korea,LCK CL,2024,full year (per-game derived),HANJIN BRION Challengers,Enosh,ADC,74,16.998,0.2297,0.3263988202643841,13.129,647.8,60,False,14.041,1.5694606881282431,-0.2552552189871258,0.3939219657387534,0.5836718259628221,,,,0.2428721007105435,,,0.7711918273392281,,
Korea,LCK CL,2024,full year (per-game derived),HANJIN BRION Challengers,Envyy,ADC,3,15.542,5.1807,0.2937741223824515,12.543,223.8,51,False,14.041,,0.9157744737017808,-1.1350672258008991,0.6818489416407632,,,,0.2691582058033462,,,0.7679261122911477,,
Korea,LCK CL,2024,full year (per-game derived),Nongshim Esports Academy,Lucy,ADC,33,14.745,0.4468,0.2758985225228455,14.401,322.8,0,False,14.041,1.226957079975508,-0.2689882896378557,-0.4574874172222143,0.2054294516416671,,,,0.7918817937262433,,,0.4636779851021401,,
Korea,LCK CL,2024,full year (per-game derived),Gen.G Global Academy,Slayer,ADC,86,14.569,0.1694,0.2719490882073825,14.427,587.8,0,False,14.041,1.5492197500361162,0.8264874039944737,0.0033824175892493,0.4245186899213573,,,,-0.1516623165364667,,,0.7865335019981102,,
Korea,LCK CL,2024,full year (per-game derived),Dplus Kia Challengers,Rahel,ADC,59,14.236,0.2413,0.2644892320610994,14.626,580.8,128,False,14.041,1.5528108250603458,-0.0514673892084641,0.329742677277872,0.2057287703283636,,,,0.4829453095436622,,,0.0824266955108597,,
Korea,LCK CL,2024,full year (per-game derived),T1 Esports Academy,Smash,ADC,103,14.166,0.1375,0.2629135284922494,15.223,868.8,98,False,14.041,1.346576913645959,0.5776436374575213,-0.6326039075057783,0.292375064970117,,,,0.34275568408111,,,0.6345944689722016,,
Korea,LCK CL,2024,full year (per-game derived),DN SOOPers Challengers,Taeyoon,ADC,76,14.041,0.1848,0.2601047788486202,11.431,620.8,83,False,14.041,1.4256342326168934,0.7787784178460889,-0.2188158449445984,0.322874490063807,,,,0.7445038612147048,,,-0.9323158828945068,,
Korea,LCK CL,2024,full year (per-game derived),DN SOOPers Challengers,Bull,ADC,28,7.995,0.2855,0.1245384027684909,5.605,461.8,82,False,14.041,1.3249847943925317,0.3724758552381182,-0.2488596627781975,0.7273422863523182,,,,0.4421798703199645,,,-1.0674981697290904,,
Korea,LCK CL,2024,full year (per-game derived),DRX Challengers,Paduck,ADC,87,4.732,0.0544,0.05138957927605,6.607,641.8,49,False,14.041,1.3245300080244105,0.4959877347481219,-0.4678898113703796,0.3676627035049058,,,,0.0239757570406842,,,-0.1285212097488747,,
Korea,LCK CL,2024,full year (per-game derived),HANJIN BRION Challengers,Samver,ADC,16,-4.732,-0.2958,-0.1608366858135907,7.726,237.8,0,False,14.041,1.3546613507575278,0.2571239352111015,-0.3442764854539669,1.0026357090758338,,,,-0.0184954169174326,,,-1.8790977571036875,,
Korea,LCK CL,2024,full year (per-game derived),Dplus Kia Challengers,Wayne,ADC,62,-5.774,-0.0931,-0.1841906739943979,0.911,467.8,0,False,14.041,1.4993453714734324,-0.862189859062788,0.7173827461755151,-0.1965766316854212,,,,0.3188502152222499,,,-1.527220952142355,,
Korea,LCK CL,2024,full year (per-game derived),Hanwha Life Esports Challengers,Lure,ADC,106,-6.163,-0.0581,-0.1929215731001038,1.162,893.8,103,False,14.041,1.4104664746683708,0.7187767933035301,-0.328468570568995,0.1056711583181615,,,,-0.2771165634802463,,,-1.0782269450977915,,
Korea,LCK CL,2024,full year (per-game derived),Nongshim Esports Academy,OddEye,ADC,10,-11.443,-1.1443,-0.3112963924585549,7.91,207.8,0,False,14.041,0.954828065516482,-0.3040163934217688,-1.4266480742404584,-0.3586209183169336,,,,-0.1936867475982014,,,0.579478115209146,,
Korea,LCK CL,2024,full year (per-game derived),Nongshim Esports Academy,Jiwoo,ADC,1,-20.701,-20.701,-0.5188867484594637,11.839,255.8,93,False,14.041,,0.4532437175082728,1.3391253532842,-1.7396440390813015,,,,-1.2815891908506791,,,-0.412191530168791,,
Korea,LCK CL,2024,full year (per-game derived),T1 Esports Academy,Rekkles,ADC,1,-46.356,-46.356,-1.0941228877795708,12.186,162.8,0,True,14.041,,-3.033878049097745,3.16050576408339,-1.1049465306951347,,,,-2.6260206602223866,,,0.0485972525875436,,
Korea,LCK CL,2024,full year (per-game derived),Gen.G Global Academy,Namgung,ADC,3,-70.234,-23.4113,-1.6295194615570283,6.727,172.8,0,False,14.041,,-1.879387706346628,-0.3075429446271247,-3.1091339753017944,,,,-2.02627173879831,,,-0.329320596159684,,
Korea,LCK CL,2024,full year (per-game derived),T1 Esports Academy,Smash,Support,1,51.104,51.104,0.8961777641852916,14.393,162.8,0,False,13.23,,,-3.0922331197614383,,0.6767022515490205,2.3019145571793094,1.4292847997331486,,,,,-0.0219818519004354,3.445939511486774
Korea,LCK CL,2024,full year (per-game derived),DRX Challengers,Pleata,Support,1,39.458,39.458,0.6350644544690583,16.834,224.8,31,False,13.23,,,3.0364631653310576,,-2.4609420804148505,-1.6611096763723594,1.1754731315237126,,,,,1.955154863451293,1.5392907495302088
Korea,LCK CL,2024,full year (per-game derived),Nongshim Esports Academy,GuGer,Support,12,29.38,2.4483,0.4090983065029475,17.678,217.8,0,False,13.23,0.4834355024742695,,0.0918483751916023,,0.399096114110198,0.3370014699127002,0.5983548920953822,,,,,0.7098056263240694,0.3366063504075757
Korea,LCK CL,2024,full year (per-game derived),Hanwha Life Esports Challengers,Baut,Support,106,28.799,0.2717,0.3960559187070777,22.306,885.8,99,False,13.23,0.5138769612595157,,0.0569690425769857,,0.1677560498265665,1.3315837295295616,1.1543602422797972,,,,,0.0206654180520947,-0.2047879922766159
Korea,LCK CL,2024,full year (per-game derived),Gen.G Global Academy,Namgung,Support,63,26.738,0.4244,0.3498543769330249,22.229,472.8,0,False,13.23,0.4921985329105131,,-0.1285375756440629,,1.6371841163457583,1.2556682527361778,1.401864189088069,,,,,-0.8438455207388053,-0.9085948847645848
Korea,LCK CL,2024,full year (per-game derived),HANJIN BRION Challengers,Effort,Support,78,26.649,0.3417,0.347857044441843,21.882,638.8,91,False,13.23,0.460160782410948,,0.0743665945793791,,0.2199531487252783,1.294739878499801,1.3317000264179817,,,,,0.0030319046209946,-0.5997480200655323
Korea,LCK CL,2024,full year (per-game derived),BNK FEARX Youth,Duro,Support,63,24.394,0.3872,0.2972826190601796,20.027,678.8,103,False,13.23,0.514212062484834,,-0.0684281894251723,,0.5041596422600734,0.4275875532601267,0.3722432434048602,,,,,0.8103161409556213,-0.1502896170635091
Korea,LCK CL,2024,full year (per-game derived),KT Rolster Challengers,Way,Support,118,19.579,0.1659,0.1893243676076642,16.095,814.8,67,False,13.23,0.5521887952867215,,0.4452929755854433,,0.5014126967784862,-0.5133712936435988,0.1040974958204585,,,,,0.0414363358938383,0.4835272696906191
Korea,LCK CL,2024,full year (per-game derived),Dplus Kia Challengers,Moham,Support,35,18.259,0.5217,0.1597347853139445,15.473,375.8,43,False,13.23,0.5804736522146252,,0.5006928299380391,,-0.082048796409537,0.2365022101336546,-0.0710352827477548,,,,,-0.5347300712567272,0.759169214843583
Korea,LCK CL,2024,full year (per-game derived),T1 Esports Academy,Rekkles,Support,103,17.06,0.1656,0.1328427275220356,16.162,672.8,0,False,13.23,1.0589489854255498,,1.2996591558858268,,-0.5593983566387413,-1.1399922952526929,-0.6028221908286783,,,,,0.8860156532413936,0.7574440644844916
Korea,LCK CL,2024,full year (per-game derived),Nongshim Esports Academy,Luon,Support,59,15.772,0.2673,0.1039642402026167,11.74,660.8,104,False,13.23,0.4302089626032319,,-0.3845756928141854,,-0.0552892831058461,0.615504023971991,0.8144597016488674,,,,,0.0602579148756458,-0.3204641306480943
Korea,LCK CL,2024,full year (per-game derived),HANJIN BRION Challengers,Pollu,Support,15,13.23,0.882,0.0469707621136758,9.565,386.8,77,False,13.23,0.5097941811410905,,-0.0906277071386434,,-0.6489157268693373,0.3337799046209013,0.4447784966105426,,,,,0.4368589538586051,-0.1458453262972756
Korea,LCK CL,2024,full year (per-game derived),DRX Challengers,Career,Support,44,12.095,0.2749,0.0215298011547041,13.065,427.8,25,False,13.23,0.613161125294708,,0.1052403730994418,,1.8827483874802324,-1.1340351941411275,-0.9853641618202308,,,,,0.6662033815173433,-0.3201852231350063
Korea,LCK CL,2024,full year (per-game derived),BNK FEARX Youth,Execute,Support,35,11.253,0.3215,0.0026288984467913,12.191,332.8,0,True,13.23,0.4121519309911287,,-0.4036346901326978,,-0.7315943658201528,0.2392412389722439,0.3807012463159497,,,,,0.6448374613158667,-0.0904962202870112
Korea,LCK CL,2024,full year (per-game derived),DRX Challengers,Berr,Support,35,6.359,0.1817,-0.1070884293407431,9.617,332.8,0,False,13.23,0.4719310559057214,,-0.0303786493409451,,0.2652463498017255,-0.2303241004612384,-1.1476623482053456,,,,,0.4284769792249648,0.0362712684809555
Korea,LCK CL,2024,full year (per-game derived),Nongshim Esports Academy,vital,Support,31,0.815,0.0263,-0.2314051078272673,7.079,312.8,0,False,13.23,0.5195783132647324,,0.2066079813314993,,1.5888171649984653,-1.024050221935128,-0.5493548284181857,,,,,-0.2954779129169195,-1.0982592855841216
Korea,LCK CL,2024,full year (per-game derived),Dplus Kia Challengers,Loopy,Support,59,-0.815,-0.0138,-0.2679519654141552,2.695,556.8,52,False,13.23,0.4531806585907593,,-0.3589095615929426,,-0.7032760004835812,0.6293626984372931,-1.029941852306347,,,,,0.1572851973497318,-0.2953762121940992
Korea,LCK CL,2024,full year (per-game derived),DN SOOPers Challengers,Minous,Support,37,-0.885,-0.0239,-0.269524534096527,5.434,344.8,1,False,13.23,0.4457530158178313,,-0.0739518393731137,,0.3800554244503805,-0.3489875303285131,-1.3296639559137924,,,,,-0.0856204743307474,-0.1810879700860061
Korea,LCK CL,2024,full year (per-game derived),DN SOOPers Challengers,Quantum,Support,63,-0.968,-0.0154,-0.2713846692430682,3.771,472.8,0,False,13.23,0.5058613189398888,,-0.2590762104364947,,0.1382992353110697,-0.4010211310382433,-0.0974598060495468,,,,,-0.598103238418158,-0.3830344257102425
Korea,LCK CL,2024,full year (per-game derived),Gen.G Global Academy,Dahlia,Support,26,-2.514,-0.0967,-0.306043264518728,6.119,287.8,0,False,13.23,0.4856566170583739,,-0.4835085136088342,,0.1928742763036967,0.1409808860181382,0.3376315977991385,,,,,-0.2719229260914855,-1.4630605789301632
Korea,LCK CL,2024,full year (per-game derived),Dplus Kia Challengers,Bible,Support,27,-22.836,-0.8458,-0.7617239297236736,-2.476,344.8,52,False,13.23,0.4108216976423126,,-0.3002947109472016,,-1.1051409104672596,-0.9942637781220702,-0.8000729332424362,,,,,-0.6844632802342329,-0.701231158207808
Korea,LCK CL,2024,full year (per-game derived),DRX Challengers,Alive,Support,7,-25.527,-3.6467,-0.8220560107068939,6.196,192.8,0,False,13.23,0.5519230944393252,,0.1855812154322865,,-0.7217960230793117,-1.533357468667631,-2.221735774868673,,,,,0.1158807421313499,-0.7699382062928856
Korea,LCK CL,2024,full year (per-game derived),DN SOOPers Challengers,Andil,Support,4,-31.287,-7.8218,-0.9512081557898008,4.139,257.8,80,False,13.23,,,-0.3285652487358403,,-1.4859033146523346,-0.1633537133092963,-0.7098359283369287,,,,,-3.6000812969252896,0.2741508226187479
Korea,LCK CL,2025,full year (per-game derived),HANJIN BRION Challengers,Bull,Top,1,62.56,62.56,1.752494547084953,18.822,162.8,0,False,17.436,,-0.9535382383725286,,,,,,,,2.181622912833728,,,3.7714630234825393
Korea,LCK CL,2025,full year (per-game derived),T1 Esports Academy,Haetae,Top,126,31.51,0.2501,0.6812440466612204,28.69,787.8,0,False,17.436,1.2981345583149382,1.3049776466851428,,,,,,,,0.5961111080463847,,,0.2096133460120272
Korea,LCK CL,2025,full year (per-game derived),BNK FEARX Youth,Soboro,Top,127,29.116,0.2293,0.5986436390130355,27.659,894.8,51,False,17.436,1.017712613708193,1.3716838666054194,,,,,,,,0.0093743042413402,,,0.2340058776973101
Korea,LCK CL,2025,full year (per-game derived),Nongshim Esports Academy,Burdol,Top,40,21.102,0.5276,0.3221667453264147,16.208,394.8,74,False,17.436,1.415876239557322,-0.1839178337514465,,,,,,,,1.2281187568932106,,,0.3244395774961212
Korea,LCK CL,2025,full year (per-game derived),BNK FEARX Youth,Clear,Top,8,20.119,2.5149,0.288257276400538,13.812,294.3,105,False,17.436,0.8358324673322932,2.182864611711312,,,,,,,,-1.6224124265533213,,,-0.3933897693292502
Korea,LCK CL,2025,full year (per-game derived),Gen.G Global Academy,Hanbyeol,Top,114,19.484,0.1709,0.2663437850336714,19.04,727.8,0,False,17.436,1.1100231689666489,0.4492527862161711,,,,,,,,0.8654925400644309,,,-0.1556493773114464
Korea,LCK CL,2025,full year (per-game derived),Hanwha Life Esports Challengers,Kangin,Top,37,19.404,0.5244,0.2635765524024858,16.931,550.8,115,False,17.436,0.91065302635189,0.8922551710122648,,,,,,,,0.2862416906183649,,,-0.2610991983763695
Korea,LCK CL,2025,full year (per-game derived),Hanwha Life Esports Challengers,Rooster,Top,60,19.281,0.3213,0.2593588540672162,21.276,772.8,209,False,17.436,1.3281715586255098,0.203526317396139,,,,,,,,0.6114986456929508,,,0.1449764787864
Korea,LCK CL,2025,full year (per-game derived),Nongshim Esports Academy,Kangin,Top,60,17.711,0.2952,0.2051866050649866,16.595,665.8,115,False,17.436,1.0362657769879484,0.6012548470728245,,,,,,,,0.0262049687010429,,,-0.0375139400487244
Korea,LCK CL,2025,full year (per-game derived),DN SOOPers Challengers,Lancer,Top,120,17.436,0.1453,0.1956941243562959,23.305,990.8,129,False,17.436,1.0873242640737175,0.3474800063271382,,,,,,,,-0.0046528610046943,,,0.1625724869987841
Korea,LCK CL,2025,full year (per-game derived),KT Rolster Challengers,Casting,Top,93,10.367,0.1115,-0.0482048714138398,12.085,741.8,119,False,17.436,1.2023863481298955,-0.7011204422723171,,,,,,,,1.0090807930582475,,,0.0054143845285108
Korea,LCK CL,2025,full year (per-game derived),HANJIN BRION Challengers,DDahyuk,Top,48,7.978,0.1662,-0.1306167651183161,9.853,483.8,86,False,17.436,1.3135523351322431,0.3856601986391791,,,,,,,,-0.2618696426120108,,,-0.4933647911500419
Korea,LCK CL,2025,full year (per-game derived),KT Rolster Challengers,PerfecT,Top,17,7.117,0.4186,-0.1603302831641513,13.984,293.8,96,False,17.436,1.056145092881436,-1.1694778882509176,,,,,,,,0.4731301811694451,,,0.3773993644824771
Korea,LCK CL,2025,full year (per-game derived),DRX Challengers,Frog,Top,109,-7.117,-0.0653,-0.651405453071122,-2.258,770.8,68,False,17.436,1.1710444645419709,-1.026473184281779,,,,,,,,-0.5779479827121902,,,-0.3779216140619171
Korea,LCK CL,2025,full year (per-game derived),HANJIN BRION Challengers,Ellim,Top,2,-8.169,-4.0845,-0.6877060704427036,15.91,167.8,0,False,17.436,,-0.2150730087551826,,,,,,,,-0.91739292578802,,,-0.970002732120986
Korea,LCK CL,2025,full year (per-game derived),Dplus Kia Challengers,Jaehyuk,Top,81,-9.818,-0.1212,-0.7445938520468637,-2.175,562.8,0,False,17.436,1.0845939441037489,-0.4853201785183808,,,,,,,,-1.9030502787858656,,,-0.430155754597894
Korea,LCK CL,2025,full year (per-game derived),HANJIN BRION Challengers,Lonely,Top,25,-10.02,-0.4008,-0.7515643860358234,5.302,282.8,0,True,17.436,0.9045007271267012,-0.6381686112043097,,,,,,,,-0.7795247968206919,,,-0.8316334696321218
Korea,LCK CL,2025,full year (per-game derived),HANJIN BRION Challengers,Levy,Top,13,-10.553,-0.8118,-0.7699522246792594,9.272,222.8,0,False,17.436,0.8888820374316743,-0.6187539712283731,,,,,,,,-0.8089364163471432,,,-0.8759397994718554
Korea,LCK CL,2025,full year (per-game derived),Dplus Kia Challengers,Nevid,Top,3,-13.992,-4.664,-0.8885922694387535,14.708,172.8,0,False,17.436,,-1.7471120950304015,,,,,,,,-0.4110885706952037,,,-0.4032140933835639
Korea,LCK CL,2025,full year (per-game derived),Dplus Kia Challengers,Sharvel,Jungle,84,33.202,0.3953,0.7706913924146883,20.937,819.8,121,False,9.343,1.1386513088855896,0.8867296849651667,1.6319212490834534,,,,,-0.2859860597345028,0.8501006953446361,,,,
Korea,LCK CL,2025,full year (per-game derived),Hanwha Life Esports Challengers,Grizzly,Jungle,97,28.48,0.2936,0.6077677247502001,20.737,872.3,141,False,9.343,0.9740191995747872,-0.3744605911721604,0.8819428899357873,,,,,0.757024014939217,1.1665645852979567,,,,
Korea,LCK CL,2025,full year (per-game derived),HANJIN BRION Challengers,HamBak,Jungle,15,26.69,1.7793,0.5460260027948539,10.896,469.3,119,False,9.343,0.9397550704963068,1.8764672422019808,-0.5608453765613425,,,,,1.3794854384931232,-0.5110032929543458,,,,
Korea,LCK CL,2025,full year (per-game derived),Nongshim Esports Academy,Mihawk,Jungle,3,20.733,6.911,0.3404890986944968,10.331,172.8,0,False,9.343,,-0.7179340046974042,0.3322917727248862,,,,,2.198121385217675,-0.45052275846717,,,,
Korea,LCK CL,2025,full year (per-game derived),Nongshim Esports Academy,Carim,Jungle,8,18.513,2.3141,0.263904606315685,7.488,295.8,49,False,9.343,0.956019151667711,1.723674876423172,0.7001560797784714,,,,,0.6850437831105006,-2.053256314049404,,,,
Korea,LCK CL,2025,full year (per-game derived),BNK FEARX Youth,Willer,Jungle,102,15.496,0.1519,0.1598119993200452,15.705,761.8,94,False,9.343,0.8903880083992546,-0.1534368941513149,-0.3415697225862985,,,,,-0.0184306521096204,1.1526852661274147,,,,
Korea,LCK CL,2025,full year (per-game derived),T1 Esports Academy,Vincenzo,Jungle,126,10.057,0.0798,-0.0278281930568221,8.711,881.8,90,False,9.343,0.8988878954049526,0.0482066255868196,0.1562658712572162,,,,,-0.4388748329733334,0.1230895639020087,,,,
Korea,LCK CL,2025,full year (per-game derived),HANJIN BRION Challengers,Ellim,Jungle,74,9.343,0.1263,-0.0524664859400916,9.343,527.8,0,False,9.343,0.9000498368591524,0.2471111149652504,0.1068756783232054,,,,,-0.4791271251666572,-0.0847256118821652,,,,
Korea,LCK CL,2025,full year (per-game derived),BNK FEARX Youth,Bonnie,Jungle,33,5.431,0.1646,-0.1874522371770521,7.344,322.8,0,False,9.343,0.8413898431600033,-0.5266350886079808,0.0348443927604194,,,,,-0.2036738205928691,-0.0543444322677782,,,,
Korea,LCK CL,2025,full year (per-game derived),DRX Challengers,Juhan,Jungle,109,4.621,0.0424,-0.2153829649870511,5.377,719.3,33,False,9.343,0.8261051953016225,0.4937289409473472,-1.1058648872026045,,,,,-0.0560549003395827,-0.1933410133533644,,,,
Korea,LCK CL,2025,full year (per-game derived),DN SOOPers Challengers,Pyosik,Jungle,2,3.634,1.817,-0.2494510547527318,7.014,264.8,97,False,9.343,,-2.1695650191186697,1.4327899793870984,,,,,-2.1727329414320256,1.9117037621526696,,,,
Korea,LCK CL,2025,full year (per-game derived),Nongshim Esports Academy,Sylvie,Jungle,89,0.774,0.0087,-0.3481094761452385,2.181,729.3,169,False,9.343,0.8128449282333906,-0.2367667638181798,-0.2584999535572276,,,,,-0.1705295834618708,-0.7266416037436757,,,,
Korea,LCK CL,2025,full year (per-game derived),KT Rolster Challengers,YoungJae,Jungle,110,-2.322,-0.0211,-0.45492757085701,2.409,784.3,118,False,9.343,0.7468114300271537,-0.0894401053370143,-2.277382321072976,,,,,0.0701446327582684,0.4769675102236814,,,,
Korea,LCK CL,2025,full year (per-game derived),Gen.G Global Academy,Winner,Jungle,114,-3.585,-0.0314,-0.4985073819314111,0.729,817.8,90,False,9.343,0.8155696056007352,-0.8030495886775345,0.2219221238705949,,,,,-0.8770011280662142,-0.5359009348524906,,,,
Korea,LCK CL,2025,full year (per-game derived),DN SOOPers Challengers,DDoiV,Jungle,118,-8.109,-0.0687,-0.654565459442571,-3.591,843.8,96,False,9.343,0.7566084384490507,-0.204630429509478,-0.9548477761407108,,,,,-0.3874082106421076,-1.0713754214779878,,,,
Korea,LCK CL,2025,full year (per-game derived),DN SOOPers Challengers,BuLLDoG,Middle,10,45.748,4.5748,1.1797392183156945,15.671,339.3,173,False,11.264,1.8706686023489307,1.0911029510106445,1.9336925897283423,,,,,1.120151465707891,,,0.6146386899308702,,
Korea,LCK CL,2025,full year (per-game derived),DRX Challengers,Ucal,Middle,45,33.31,0.7402,0.7505900421037295,24.221,382.8,0,False,11.264,1.6365335462868935,0.0847007082362684,0.6801694819813023,,,,,0.3650923214305721,,,2.1375620153170067,,
Korea,LCK CL,2025,full year (per-game derived),Nongshim Esports Academy,Calix,Middle,25,29.083,1.1633,0.6047778026085655,21.821,356.8,74,False,11.264,1.5570037641989831,-0.4937741644946034,1.3285676752653326,,,,,0.8821377469160414,,,0.5110825180678273,,
Korea,LCK CL,2025,full year (per-game derived),DRX Challengers,kyeahoo,Middle,64,27.333,0.4271,0.5444062437063703,20.939,568.8,91,False,11.264,1.5822502135442709,0.8394313440412824,0.9824738453246148,,,,,0.396823379575495,,,0.0601931682274435,,
Korea,LCK CL,2025,full year (per-game derived),T1 Esports Academy,Poby,Middle,79,25.694,0.3252,0.4878470525539528,16.302,769.8,122,False,11.264,1.4103231943922674,-0.7518796423819653,0.5820361692203637,,,,,0.7299190371113732,,,1.2247801612860107,,
Korea,LCK CL,2025,full year (per-game derived),DN SOOPers Challengers,Pungyeon,Middle,110,20.131,0.183,0.2959350493638171,19.586,915.8,104,False,11.264,1.407588325938727,0.077445457251819,0.0867146061024829,,,,,0.5613585759929992,,,0.2757709753035843,,
Korea,LCK CL,2025,full year (per-game derived),BNK FEARX Youth,VicLa,Middle,6,12.235,2.0392,0.0234853961830711,11.419,187.8,0,True,11.264,1.1370201247525995,-3.1306371953592937,0.505761202830243,,,,,1.7456216055759013,,,-0.2114529242292065,,
Korea,LCK CL,2025,full year (per-game derived),Nongshim Esports Academy,Fisher,Middle,75,11.264,0.1502,-0.0099951160968268,10.943,565.8,33,False,11.264,1.2909678126629418,0.8201290003735775,-0.7860766655030244,,,,,0.2802076392532659,,,-0.5534675179997248,,
Korea,LCK CL,2025,full year (per-game derived),Hanwha Life Esports Challengers,Tempester,Middle,97,2.088,0.0215,-0.3265678906986368,3.791,656.8,7,False,11.264,1.3223741386838548,0.0801512699452927,0.1157402213865993,,,,,-0.3052436645028363,,,-1.2117927829388049,,
Korea,LCK CL,2025,full year (per-game derived),HANJIN BRION Challengers,Starlit,Middle,89,1.356,0.0152,-0.351827509879596,5.837,699.8,50,False,11.264,1.2466176778580056,0.3044860074482513,-1.4457143046870218,,,,,-0.8064645034445277,,,0.8535784275289849,,
Korea,LCK CL,2025,full year (per-game derived),T1 Esports Academy,Guti,Middle,47,0.73,0.0155,-0.3734320352330296,5.157,478.8,86,False,11.264,1.255924768819297,0.008565188963036,-0.4019214768955884,,,,,-0.277611424605148,,,-0.8886490108367247,,
Korea,LCK CL,2025,full year (per-game derived),BNK FEARX Youth,Daystar,Middle,129,-0.243,-0.0019,-0.4070121565625966,2.393,998.8,98,False,11.264,1.2415124440192369,0.1604130956344098,-0.7615529852785443,,,,,-0.6552579898805284,,,-0.2007500536614379,,
Korea,LCK CL,2025,full year (per-game derived),KT Rolster Challengers,Zinie,Middle,110,-1.815,-0.0165,-0.4612213634801859,-0.411,923.8,108,False,11.264,1.2377006049150214,0.3716729150635769,-0.9862745288165808,,,,,-0.5205688053042913,,,-0.668651860779389,,
Korea,LCK CL,2025,full year (per-game derived),Dplus Kia Challengers,Garden,Middle,84,-11.302,-0.1345,-0.7885606135201649,-5.138,577.8,0,False,11.264,1.2432418980991466,0.7169426497999581,-1.3345749856939548,,,,,-1.7616124505314488,,,-0.1055119389783616,,
Korea,LCK CL,2025,full year (per-game derived),Gen.G Global Academy,Kemish,Middle,114,-22.305,-0.1957,-1.1681641193641568,-15.025,727.8,0,False,11.264,1.1994994362717362,-0.178749585532239,-0.4990408449645824,,,,,-1.7545529332947591,,,-1.837329866238046,,
Korea,LCK CL,2025,full year (per-game derived),DRX Challengers,Teddy,ADC,20,50.439,2.522,1.19305742819119,28.23,358.8,121,False,15.005,1.7628430449504708,0.3455305706043725,1.0528395036178015,2.60676810395056,,,,1.535298928766409,,,-0.0029518417022171,,
Korea,LCK CL,2025,full year (per-game derived),Gen.G Global Academy,About,ADC,114,49.085,0.4306,1.1463710829394156,41.694,727.8,0,False,15.005,1.5058776509494325,0.3330272701514641,-0.3817745096589284,1.466976668880072,,,,1.452141758516585,,,2.4792708823364222,,
Korea,LCK CL,2025,full year (per-game derived),T1 Esports Academy,Smash,ADC,81,46.799,0.5778,1.0674889384948731,30.106,866.8,201,False,15.005,1.7002494827628616,0.8751848031569383,0.7999093998115575,1.2029719966479775,,,,1.236190778492433,,,1.012310414368509,,
Korea,LCK CL,2025,full year (per-game derived),Nongshim Esports Academy,Trigger,ADC,35,32.51,0.9289,0.5744915078908045,24.209,332.8,0,True,15.005,1.5165041399331154,0.1295365390788104,0.4596310883331732,0.5105658483142084,,,,0.894184202358345,,,0.4789239932850599,,
Korea,LCK CL,2025,full year (per-game derived),Nongshim Esports Academy,vital,ADC,38,27.67,0.7282,0.4075295668121577,25.112,488.3,107,False,15.005,1.903189445765994,-1.664951232579989,2.1884138828195754,0.4718509659371102,,,,-0.1672629723942964,,,1.9280878642864556,,
Korea,LCK CL,2025,full year (per-game derived),Nongshim Esports Academy,Jiwoo,ADC,14,26.08,1.8629,0.3526716889598873,15.692,271.8,85,False,15.005,1.2985856265742994,-1.264914525393846,-0.4108224007084859,-0.4862061581243801,,,,1.658582672889148,,,0.6343301262254255,,
Korea,LCK CL,2025,full year (per-game derived),DN SOOPers Challengers,Slayer,ADC,120,22.419,0.1868,0.2263664345345797,19.708,929.8,86,False,15.005,1.3860230488271004,-0.0612781783188332,-0.1603306558795997,0.5443928325805716,,,,0.2984216852868369,,,0.4205574255636015,,
Korea,LCK CL,2025,full year (per-game derived),KT Rolster Challengers,deokdam,ADC,8,19.594,2.4492,0.1288848144007062,12.424,250.8,72,False,15.005,1.3122578518450585,0.6694715376453073,-0.6869751712144517,-0.2344779752450463,,,,0.8713405808202747,,,-0.9030046080270132,,
Korea,LCK CL,2025,full year (per-game derived),Hanwha Life Esports Challengers,Pyeonsik,ADC,97,17.195,0.1773,0.0461215346811582,16.657,642.8,0,False,15.005,1.510190616974715,0.6635338451413735,0.3336843479723228,0.2496463070663755,,,,-0.3204228529288233,,,-0.2376534893329803,,
Korea,LCK CL,2025,full year (per-game derived),DRX Challengers,LazyFeel,ADC,70,16.299,0.2328,0.015227292831589,15.897,507.8,0,False,15.005,1.305182939569222,0.6917730799455631,-0.9083941344528392,-0.6362068892205829,,,,0.7034066961090222,,,-0.6346665423200093,,
Korea,LCK CL,2025,full year (per-game derived),KT Rolster Challengers,Paduck,ADC,102,15.005,0.1471,-0.0294232932819384,12.865,842.8,89,False,15.005,1.4904854033676092,0.0679756843411198,0.5098969408163064,0.3444921806010058,,,,-0.187192614489328,,,-0.685077006169559,,
Korea,LCK CL,2025,full year (per-game derived),T1 Esports Academy,Guti,ADC,27,13.385,0.4957,-0.0853324182870672,14.258,292.8,0,False,15.005,1.371761660236498,0.3587175425936989,-0.0706175478782472,-0.5186261307182249,,,,0.3256386483645304,,,-1.03548843711159,,
Korea,LCK CL,2025,full year (per-game derived),Dplus Kia Challengers,Wayne,ADC,84,11.3,0.1345,-0.1572666639062072,9.117,701.8,62,False,15.005,1.5846622530504628,0.0263437248219568,0.8301571274775462,0.2842808818114993,,,,-0.8318525761676498,,,-0.2520300871475852,,
Korea,LCK CL,2025,full year (per-game derived),T1 Esports Academy,Cypher,ADC,18,4.734,0.263,-0.3837878994746387,11.2,249.8,2,False,15.005,1.3251766161443006,-0.9963168543617742,0.1996251371251497,0.220800293191919,,,,-0.2468509063483986,,,-1.2673684083878891,,
Korea,LCK CL,2025,full year (per-game derived),BNK FEARX Youth,Enosh,ADC,58,2.611,0.045,-0.4570234204041875,8.602,655.8,134,False,15.005,1.375868662439791,0.3124753666814986,-0.1712915591362662,-0.7599014961864587,,,,-0.9676665057822932,,,-0.0604290508747863,,
Korea,LCK CL,2025,full year (per-game derived),HANJIN BRION Challengers,Leo,ADC,20,0.432,0.0216,-0.5322265045593098,9.353,257.8,0,False,15.005,1.3811515719761056,-2.6634430342325257,0.8884119821268472,-1.0692198599241631,,,,-0.6588126692019404,,,1.0001637642385224,,
Korea,LCK CL,2025,full year (per-game derived),HANJIN BRION Challengers,Levy,ADC,20,-1.295,-0.0648,-0.5917921800029333,8.683,257.8,0,False,15.005,1.2253255827725755,1.1963155907384833,-0.9795181906113238,-1.3064954088191687,,,,-0.9660289564016644,,,-0.4354379644225792,,
Korea,LCK CL,2025,full year (per-game derived),BNK FEARX Youth,Envyy,ADC,77,-1.796,-0.0233,-0.609090371043142,4.316,609.8,67,False,15.005,1.2039238082770805,-1.1842203177428188,-0.5775564782081986,-0.8845694071979074,,,,-0.6468047769082323,,,0.2948421321728104,,
Korea,LCK CL,2025,full year (per-game derived),Nongshim Esports Academy,Lucy,ADC,13,-2.021,-0.1555,-0.6168504949098434,11.114,288.8,33,False,15.005,1.4480935910646595,1.080281354327206,0.1738907236446834,-1.8138414277927049,,,,-1.1353244609017883,,,-0.7411662063366833,,
Korea,LCK CL,2025,full year (per-game derived),HANJIN BRION Challengers,Bull,ADC,49,-2.32,-0.0473,-0.6271540657095783,2.674,472.8,70,False,15.005,1.386242087505633,0.9528413145807252,-0.2038482752979958,-0.2220589676985048,,,,-1.533467429854768,,,-0.996345265095861,,
Korea,LCK CL,2025,full year (per-game derived),DRX Challengers,Alive,ADC,19,-15.105,-0.795,-1.0682629781575117,3.692,252.8,0,False,15.005,1.0343217279408523,0.1321159188212637,-2.8853312106986206,0.0288576419458638,,,,-1.3135192302244003,,,-0.996867695548053,,
Korea,LCK CL,2025,full year (per-game derived),BNK FEARX Youth,Career,Support,135,24.161,0.179,0.679539516146531,19.354,945.8,69,False,3.245,0.5473085572033213,,1.7880033297487523,,0.8952464530434202,0.3079436666640633,0.4465854118782532,,,,,1.0257007309363648,-0.1730860930840287
Korea,LCK CL,2025,full year (per-game derived),T1 Esports Academy,Cloud,Support,126,22.184,0.1761,0.611322478513862,18.39,787.8,0,False,3.245,0.3668697794860979,,-1.5575024195417886,,0.0687590931575245,2.348988792058514,2.049427106171203,,,,,0.918337914009985,-0.0057959961150405
Korea,LCK CL,2025,full year (per-game derived),Gen.G Global Academy,Namgung,Support,114,21.48,0.1884,0.5870234590648006,18.885,853.8,63,False,3.245,0.4411344081527304,,0.1945828024371562,,0.9011163151094636,0.7888875859443597,1.4106291483153397,,,,,0.3490974651879819,0.0196666417285621
Korea,LCK CL,2025,full year (per-game derived),KT Rolster Challengers,Peter,Support,27,18.834,0.6976,0.4957438742772037,12.05,379.3,129,False,3.245,0.4508884558372232,,1.0238652136209414,,0.3377218357046374,0.7812677426780832,-0.250113472022311,,,,,0.4015304272363496,0.6433019736118579
Korea,LCK CL,2025,full year (per-game derived),Hanwha Life Esports Challengers,Bluffing,Support,97,14.845,0.153,0.35811554142933,11.997,642.8,0,False,3.245,0.3845749993622974,,-0.8500555256559548,,1.5152358601093423,0.0251717774010286,0.5985082478344763,,,,,0.6868581440703777,0.2100029041392338
Korea,LCK CL,2025,full year (per-game derived),HANJIN BRION Challengers,Kice,Support,84,14.356,0.1709,0.341249277665348,11.094,610.8,33,False,3.245,0.472305996977164,,0.9129411545326488,,0.3529170982256018,0.7531563667960974,1.1172301275079008,,,,,-0.5383650503071629,-0.3720573690773286
Korea,LCK CL,2025,full year (per-game derived),DRX Challengers,Pleata,Support,97,10.419,0.1074,0.2054165295998448,10.619,726.8,84,False,3.245,0.4054847472626606,,-0.1683078847905309,,0.0589868827276006,0.0627449628954549,0.7101609049131594,,,,,0.5024003838592674,0.0942944483152629
Korea,LCK CL,2025,full year (per-game derived),Nongshim Esports Academy,Lehends,Support,3,8.02,2.6733,0.1226513949446744,7.269,332.3,216,False,3.245,,,-0.2887231373959194,,-1.582091863235929,1.5270916540911494,0.7295701777631137,,,,,-0.7954379115076459,0.9409298389515568
Korea,LCK CL,2025,full year (per-game derived),DN SOOPers Challengers,Quantum,Support,92,5.012,0.0545,0.018877621717731,3.732,694.8,77,False,3.245,0.4656764567409229,,0.3822330081827622,,0.1627683359345384,-1.541437920987786,-0.2300321126421509,,,,,1.1393247790992098,0.1641032369193965
Korea,LCK CL,2025,full year (per-game derived),HANJIN BRION Challengers,Leo,Support,5,1.478,0.2956,-0.1030395808343799,3.003,182.8,0,False,3.245,0.7703682052798474,,1.1272118155057238,,-0.2168272398996938,-1.1491739900435092,-1.7428661252505036,,,,,-1.358896745804794,2.1572439242223216
Korea,LCK CL,2025,full year (per-game derived),KT Rolster Challengers,Way,Support,83,1.292,0.0156,-0.1094655279915036,7.001,809.3,119,False,3.245,0.4523929684098481,,0.737787202257841,,-1.1648149228837748,-0.3863470776478827,-0.1666007033729686,,,,,-0.2233287442106297,0.4153157567284135
Korea,LCK CL,2025,full year (per-game derived),Dplus Kia Challengers,Berr,Support,61,0.658,0.0108,-0.131325533923679,2.173,532.8,35,False,3.245,0.3644386240641218,,-0.9754731780081868,,0.4087315945448225,0.1735083024866392,-0.9240500406674804,,,,,0.4482296092029073,0.0386153003346432
Korea,LCK CL,2025,full year (per-game derived),Nongshim Esports Academy,Crack,Support,84,0.54,0.0064,-0.1354045682229391,1.279,577.8,0,False,3.245,0.4149542732587712,,-0.4618812775511699,,-0.2293562221651314,-0.7215921430105929,0.3511246152776819,,,,,0.2955737217579288,-0.0641177965616689
Korea,LCK CL,2025,full year (per-game derived),DN SOOPers Challengers,Minous,Support,28,-0.54,-0.0193,-0.172682725164708,0.927,372.8,38,False,3.245,0.5237778002300556,,1.2318086495365164,,-1.879904016483637,-0.3739808134223839,-0.8417984004968058,,,,,1.069695119228,-0.2280700565128922
Korea,LCK CL,2025,full year (per-game derived),Dplus Kia Challengers,Thumb,Support,19,-1.689,-0.0889,-0.212319338800508,0.415,281.8,29,False,3.245,0.4145659649942915,,-0.2215308985624838,,1.6140033357072732,-0.907919070185362,-0.7649829083937483,,,,,0.3449664214567251,-1.1132261980204634
Korea,LCK CL,2025,full year (per-game derived),Nongshim Esports Academy,vital,Support,13,-5.823,-0.4479,-0.3549365498230558,1.403,264.8,42,False,3.245,0.4450938139995915,,-0.265662729562674,,0.6702680691328176,-0.743791267986274,-1.357836025253687,,,,,-1.304912702497654,0.626864975818698
Korea,LCK CL,2025,full year (per-game derived),DRX Challengers,Andil,Support,12,-14.665,-1.2221,-0.6600084637449073,-3.012,263.8,80,False,3.245,0.3753288158418111,,-0.8270581375796963,,-0.5868156277106087,-1.1396113359586075,-0.6856891896902181,,,,,-0.3980717224804769,-0.3902455079888505
Korea,LCK CL,2025,full year (per-game derived),Dplus Kia Challengers,Bible,Support,4,-40.194,-10.0485,-1.5407574048536443,-6.071,238.3,40,False,3.245,,,-1.7822379871739358,,-1.3259449810182635,0.1950927682270044,-0.4492667618712691,,,,,-2.5627018392367225,-2.963739983409673
Korea,LCK CL,2026,full year (per-game derived),Kiwoom DRX Challengers,Rich,Top,7,78.173,11.1676,1.1495197773171757,37.273,293.8,101,False,35.025,1.1470656657838432,2.156650770189945,,,,,,,,-0.0240715987595255,,,0.8589541359106827
Korea,LCK CL,2026,full year (per-game derived),Nongshim Esports Academy,Janus,Top,84,63.658,0.7578,0.8167301099464628,51.633,624.8,47,False,35.025,1.1411906636724771,0.5298525859441525,,,,,,,,1.1028084389639417,,,0.9214124800313171
Korea,LCK CL,2026,full year (per-game derived),DN SOOPers Challengers,Lancer,Top,74,50.533,0.6829,0.5158239593612409,40.664,653.8,126,False,35.025,1.03397966075853,-0.0618599882332144,,,,,,,,1.3946319998222014,,,0.589016261728995
Korea,LCK CL,2026,full year (per-game derived),Gen.G Global Academy,Ripple,Top,62,45.476,0.7335,0.3998932517008653,41.95,467.8,0,False,35.025,1.3025430085710998,1.2053710942881994,,,,,,,,-0.1515046159536304,,,-0.0084986796640009
Korea,LCK CL,2026,full year (per-game derived),BNK FEARX Youth,Kangin,Top,75,44.046,0.5873,0.36711326035621,36.807,666.8,97,False,35.025,1.4239408756320076,-0.307791440304968,,,,,,,,0.0634908796995134,,,1.0573181884683995
Korea,LCK CL,2026,full year (per-game derived),T1 Esports Academy,Haetae,Top,85,37.577,0.4421,0.2187929262999732,35.263,834.8,126,False,35.025,1.2126769348783395,-0.1905056371225446,,,,,,,,0.2609818825030047,,,0.5344967708261099
Korea,LCK CL,2026,full year (per-game derived),KT Rolster Challengers,Sero,Top,78,32.473,0.4163,0.1017712538027842,32.859,551.8,4,False,35.025,1.1412731027802656,-0.0059940764769341,,,,,,,,-0.5611572944280407,,,0.4912740459547471
Korea,LCK CL,2026,full year (per-game derived),Dplus Kia Challengers,Jaehyuk,Top,68,4.854,0.0714,-0.5314222023482829,8.469,659.8,81,False,35.025,1.085915392007826,-0.8292181310672878,,,,,,,,-0.8114750114181425,,,-0.1604742565464336
Korea,LCK CL,2026,full year (per-game derived),Hanwha Life Esports Challengers,Panther,Top,75,-1.618,-0.0216,-0.6798073419261907,9.236,532.8,0,False,35.025,1.1989141987197705,-0.591501908187234,,,,,,,,1.851973397323733,,,-1.902866669189848
Korea,LCK CL,2026,full year (per-game derived),Kiwoom DRX Challengers,Frog,Top,79,-2.092,-0.0265,-0.6906792279301395,3.635,781.3,130,False,35.025,1.6298968220269443,-0.3511125818311474,,,,,,,,-0.8212366527913436,,,-0.9091621998014948
Korea,LCK CL,2026,full year (per-game derived),T1 Esports Academy,Guardian,Top,2,-5.314,-2.657,-0.764553165274313,32.622,167.8,0,False,35.025,,-1.8046267793524464,,,,,,,,-1.0804922013032312,,,0.2300248080754859
Korea,LCK CL,2026,full year (per-game derived),HANJIN BRION Challengers,DDahyuk,Top,67,-11.361,-0.1696,-0.9031826013057852,4.226,588.8,48,False,35.025,1.2578693216531358,0.2507360921534823,,,,,,,,-1.2239492236584817,,,-1.7014948857939602
Korea,LCK CL,2026,full year (per-game derived),BNK FEARX Youth,Grizzly,Jungle,11,80.332,7.3029,1.6257647919138778,23.286,512.8,203,False,3.557,1.137105293302312,0.8495797416913626,1.2940298508371917,,,,,1.8825257779900535,2.476923797136903,,,,
Korea,LCK CL,2026,full year (per-game derived),Dplus Kia Challengers,Solid,Jungle,10,27.343,2.7343,0.4109164102220691,9.279,207.8,0,False,3.557,0.9523556033203872,1.7741906814665247,0.421696642171292,,,,,-0.3455293635068042,-0.2066923192427357,,,,
Korea,LCK CL,2026,full year (per-game derived),Dplus Kia Challengers,Sharvel,Jungle,56,23.418,0.4182,0.3209323230966911,18.94,522.8,85,False,3.557,0.86150402044004,0.9003326303308745,-0.189221612318623,,,,,0.1233879510228881,0.4492303233516249,,,,
Korea,LCK CL,2026,full year (per-game derived),KT Rolster Challengers,Sylvie,Jungle,78,19.168,0.2457,0.2234917664175146,12.604,640.8,93,False,3.557,0.9763272425161874,0.3182077461845192,1.1614343427511682,,,,,-0.7776738293541212,0.1919988060884922,,,,
Korea,LCK CL,2026,full year (per-game derived),Gen.G Global Academy,Courage,Jungle,62,9.744,0.1572,0.0074351589054761,10.48,571.8,104,False,3.557,0.8379775307760087,-0.156848311596206,0.3762700433910157,,,,,-0.0501513794320928,-0.1395297167408124,,,,
Korea,LCK CL,2026,full year (per-game derived),Hanwha Life Esports Challengers,Jackal,Jungle,75,4.675,0.0623,-0.1087781582844425,4.344,532.8,0,False,3.557,0.8227911767642411,-0.3003639977975786,0.1599591924496365,,,,,-0.5686994589106708,0.2739916311208427,,,,
Korea,LCK CL,2026,full year (per-game derived),Nongshim Esports Academy,MihawK,Jungle,84,3.557,0.0423,-0.1344171486109997,3.557,577.8,0,False,3.557,0.8168114973091446,0.0685530190178005,0.2389658900788553,,,,,-0.1968257326315506,-0.6483617709091042,,,,
Korea,LCK CL,2026,full year (per-game derived),Kiwoom DRX Challengers,Winner,Jungle,86,2.689,0.0313,-0.1543125357937742,1.104,815.8,114,False,3.557,0.8208656745144829,-0.4056516120008827,0.3154858515654856,,,,,-0.4838026768837422,-0.0432817058559577,,,,
Korea,LCK CL,2026,full year (per-game derived),DN SOOPers Challengers,DDoiV,Jungle,74,0.256,0.0035,-0.2101064386404736,-1.571,768.3,127,False,3.557,0.8615873488440772,0.3913031825979356,0.5990991713985095,,,,,-0.877440262758583,-0.9533878457997564,,,,
Korea,LCK CL,2026,full year (per-game derived),T1 Esports Academy,Painter,Jungle,87,-0.767,-0.0088,-0.2335498247487795,0.384,592.8,0,False,3.557,0.7337182188188176,-0.2256640193830977,-0.7005944288909801,,,,,0.1221956169541699,-0.1301364676752104,,,,
Korea,LCK CL,2026,full year (per-game derived),Dplus Kia Challengers,Lucid,Jungle,2,-8.769,-4.3845,-0.417005662615812,4.207,370.3,258,False,3.557,,-2.4175518558291884,-2.6583484745039287,,,,,2.317220157618852,1.0906575222510166,,,,
Korea,LCK CL,2026,full year (per-game derived),BNK FEARX Youth,Zephyr,Jungle,64,-13.076,-0.2043,-0.515748606020281,-6.525,519.8,42,False,3.557,0.7178342949775809,0.135368610618115,-0.551816399570379,,,,,-0.1802555962292741,-1.4662910388995858,,,,
Korea,LCK CL,2026,full year (per-game derived),HANJIN BRION Challengers,Dinai,Jungle,67,-26.112,-0.3897,-0.8146220758410718,-16.61,492.8,0,False,3.557,0.6912988260278652,-0.9314558153001729,-0.4669600693592536,,,,,-0.964951203879126,-0.8951212148257345,,,,
Korea,LCK CL,2026,full year (per-game derived),BNK FEARX Youth,FIESTA,Middle,64,25.162,0.3932,0.5392980788257304,20.558,490.3,16,False,11.31,1.1439711131870722,1.9828050968935929,-0.5760712775589361,,,,,1.4378658028682405,,,-1.3048866701507846,,
Korea,LCK CL,2026,full year (per-game derived),KT Rolster Challengers,Hwichan,Middle,78,24.897,0.3192,0.5332250297154009,21.068,550.8,3,False,11.31,1.416905445234426,0.2648211957245092,0.9163235316980068,,,,,0.6405251384936425,,,0.2372535262320539,,
Korea,LCK CL,2026,full year (per-game derived),T1 Esports Academy,Guti,Middle,87,23.738,0.2729,0.5066612085834062,17.733,686.8,47,False,11.31,1.2609980415672368,0.8156033325710724,0.145842775541899,,,,,0.8022368087566384,,,0.0598449052647231,,
Korea,LCK CL,2026,full year (per-game derived),Nongshim Esports Academy,SeTab,Middle,84,21.552,0.2566,0.4565242035855887,18.872,639.8,79,False,11.31,1.1512649151897405,0.9126509423768548,-0.3671525905840348,,,,,0.8987857085471097,,,0.0780274980322513,,
Korea,LCK CL,2026,full year (per-game derived),DN SOOPers Challengers,Flip,Middle,74,15.066,0.2036,0.3078358132733416,13.754,533.8,6,False,11.31,1.1940622370435243,0.4210673912759846,0.1499620614528259,,,,,0.5729215410577637,,,-0.0948500702327888,,
Korea,LCK CL,2026,full year (per-game derived),HANJIN BRION Challengers,Tempester,Middle,66,13.576,0.2057,0.2736765301086516,9.465,688.8,104,False,11.31,1.3010347776587632,-0.4239427386567613,0.7280828420949834,,,,,0.6343394417388448,,,-0.0920373242612036,,
Korea,LCK CL,2026,full year (per-game derived),Gen.G Global Academy,Kemish,Middle,60,11.31,0.1885,0.221730490845188,0.135,685.8,114,False,11.31,1.6351902762729678,-0.6483799072225522,1.603660169689069,,,,,-0.4257973421271414,,,0.8021373090008532,,
Korea,LCK CL,2026,full year (per-game derived),Dplus Kia Challengers,Garden,Middle,68,8.126,0.1195,0.1487196275005916,3.979,665.8,84,False,11.31,1.1739816927159348,0.7029333747275798,-0.3209280779410697,,,,,0.1489161851592919,,,0.0640420245967093,,
Korea,LCK CL,2026,full year (per-game derived),BNK FEARX Youth,MG,Middle,11,-8.126,-0.7387,-0.2238734860726254,6.287,212.8,0,False,11.31,1.2917387537749,-1.0383970566247798,1.1990910534344104,,,,,0.129603747640565,,,-1.4295676223538047,,
Korea,LCK CL,2026,full year (per-game derived),HANJIN BRION Challengers,Fisher,Middle,1,-9.981,-9.981,-0.2664094259327974,8.042,204.8,44,False,11.31,,-0.6997312875384496,-0.6972659946389208,,,,,-0.948947032853508,,,1.7499332057307195,,
Korea,LCK CL,2026,full year (per-game derived),Hanwha Life Esports Challengers,Cracker,Middle,75,-19.353,-0.258,-0.4812636575616713,-10.27,532.8,0,False,11.31,0.976154595306045,0.3036243007242096,-0.5946057110823895,,,,,-0.5379487346556046,,,-1.057085408744237,,
Korea,LCK CL,2026,full year (per-game derived),Kiwoom DRX Challengers,AKaJe,Middle,86,-33.304,-0.3873,-0.8011222959941521,-21.325,587.8,0,False,11.31,1.0608728559853458,-0.975100904216382,0.0847076162117108,,,,,-1.2822671313714076,,,-0.701330103753728,,
Korea,LCK CL,2026,full year (per-game derived),Gen.G Global Academy,MUDAI,Middle,2,-51.357,-25.6785,-1.2150021168766425,7.576,167.8,0,False,11.31,,-1.6179537400348467,-2.2716463983175395,,,,,-2.0702341332544343,,,1.6885187306392384,,
Korea,LCK CL,2026,full year (per-game derived),BNK FEARX Youth,Diable,ADC,2,21.583,10.7915,0.6689755962174798,19.56,372.8,205,False,1.265,,0.1740458189429852,-1.405089658298584,1.4301500791015964,,,,1.1578880543347057,,,1.3767431143601636,,
Korea,LCK CL,2026,full year (per-game derived),Kiwoom DRX Challengers,LazyFeel,ADC,46,21.526,0.468,0.6676689964720786,12.353,492.8,105,False,1.265,1.545573614685168,1.0459929867731672,0.4887697523446907,0.8836594446069083,,,,0.4504739049898011,,,0.7409427579986724,,
Korea,LCK CL,2026,full year (per-game derived),Hanwha Life Esports Challengers,Pyeonsik,ADC,75,14.8,0.1973,0.5134693609771295,12.5,726.8,97,False,1.265,1.7615769036601572,0.3578958958395919,0.8991387070326412,0.5400966284649542,,,,0.3175430137486725,,,0.6975804938353591,,
Korea,LCK CL,2026,full year (per-game derived),DN SOOPers Challengers,Enosh,ADC,74,13.897,0.1878,0.4927774329557849,9.586,591.8,64,False,1.265,1.4167930649841065,0.1348331682786708,0.5446240898108812,0.7103334126392674,,,,0.6110532006943854,,,0.3151985836824695,,
Korea,LCK CL,2026,full year (per-game derived),HANJIN BRION Challengers,OddEye,ADC,67,13.001,0.194,0.4722192000320186,8.831,502.8,10,False,1.265,1.6551908197593364,0.9280960298850498,0.6892047654496635,0.7181011603460079,,,,0.0618428975334082,,,0.4768215250692268,,
Korea,LCK CL,2026,full year (per-game derived),T1 Esports Academy,Eclipse,ADC,1,11.688,11.688,0.4421211897536051,1.585,162.8,0,False,1.265,,1.6880465835343654,-0.5994020614726484,-0.1990071420931121,,,,1.0765414898226042,,,-0.5485982961094319,,
Korea,LCK CL,2026,full year (per-game derived),Nongshim Esports Academy,Lucy,ADC,84,6.266,0.0746,0.3178218242744358,5.128,636.8,46,False,1.265,1.476868757103221,-0.1949893737755506,0.7323069154764695,0.2592100441793826,,,,0.2570951632854656,,,0.6113946984426243,,
Korea,LCK CL,2026,full year (per-game derived),Kiwoom DRX Challengers,Jiwoo,ADC,40,2.652,0.0663,0.2349540311055278,1.415,480.8,123,False,1.265,1.098283397209809,0.3610916889938592,-0.2387629928487509,0.6751219511935472,,,,0.1367633669910721,,,0.3632944713409815,,
Korea,LCK CL,2026,full year (per-game derived),T1 Esports Academy,Jinbeom,ADC,14,1.265,0.0904,0.2031497932060689,1.265,227.8,0,False,1.265,1.2637996553364352,-0.6324715630934237,0.5602400960291579,-0.3119773433846226,,,,0.6480967294858991,,,0.1956773766435465,,
Korea,LCK CL,2026,full year (per-game derived),Dplus Kia Challengers,Wayne,ADC,68,0.665,0.0098,0.1893978258904775,2.701,727.8,146,False,1.265,1.4428345483811114,-0.0508622629004494,0.726439528634081,0.1952846659721959,,,,0.2631027870223839,,,-0.2791067906907064,,
Korea,LCK CL,2026,full year (per-game derived),T1 Esports Academy,Cypher,ADC,72,0.339,0.0047,0.1819212584741319,0.889,553.8,18,False,1.265,1.1815822861563046,-0.286315621097028,0.419497490855045,-0.2728838616207604,,,,0.5748833626098663,,,-0.0167777085461306,,
Korea,LCK CL,2026,full year (per-game derived),BNK FEARX Youth,Slayer,ADC,73,-1.016,-0.0139,0.150871365330575,7.613,848.8,206,False,1.265,1.2737716125485994,-0.4311754690426384,0.4610386914931324,0.1851133754006574,,,,0.0004232297869577,,,0.7270171684442877,,
Korea,LCK CL,2026,full year (per-game derived),KT Rolster Challengers,FenRir,ADC,70,-3.732,-0.0533,0.0885943313966402,-2.272,511.8,4,False,1.265,1.1442642619885617,0.5299260388217746,-0.0253460455059342,0.1360293730174215,,,,-0.2031893659520789,,,0.370281278287917,,
Korea,LCK CL,2026,full year (per-game derived),Gen.G Global Academy,MUDAI,ADC,60,-13.893,-0.2316,-0.144348631000791,-8.667,457.8,0,False,1.265,1.192473246326616,-0.1445136291999074,0.3719323545009888,-0.1421468456533836,,,,-0.2838208047792629,,,-0.3488540126493002,,
Korea,LCK CL,2026,full year (per-game derived),KT Rolster Challengers,Ghost,ADC,8,-21.312,-2.664,-0.3144568775451873,-3.3,197.8,0,False,1.265,0.926212165049344,-0.3938301776053754,-0.1060681112638113,-0.6397803017265656,,,,-0.3718231160150497,,,0.0109251169721935,,
Korea,LCK CL,2026,full year (per-game derived),Gen.G Global Academy,SIRIUSS,ADC,1,-79.174,-79.174,-1.641013313729052,-1.205,162.8,0,False,1.265,,0.0321979445603038,-0.4020872075452967,-1.1028758074434764,,,,-2.9072000039804227,,,-2.2423681314221544,,
Korea,LCK CL,2026,full year (per-game derived),Gen.G Global Academy,Lumos,ADC,1,-117.693,-117.693,-2.5241233838109265,-2.388,162.8,0,False,1.265,,-3.117968058915406,-3.1164363146917267,-3.0644288330000267,,,,-1.7896739095784076,,,-2.4501716456597133,,
Korea,LCK CL,2026,full year (per-game derived),T1 Esports Academy,Cloud,Support,87,54.41,0.6254,1.1386563749126828,36.826,844.8,126,False,11.74,0.5441201124222124,,1.231219390350785,,-0.1746730960834694,1.5100280421796517,1.6652323501534738,,,,,0.6433408154282539,1.7931638729404569
Korea,LCK CL,2026,full year (per-game derived),Hanwha Life Esports Challengers,Bluffing,Support,73,21.283,0.2915,0.379174310586189,17.439,716.8,97,False,11.74,0.4773547990621094,,0.6011154041785224,,-0.7420626519670214,-0.2807941821768734,0.0583421479335872,,,,,1.2240728590235783,1.2073326913375104
Korea,LCK CL,2026,full year (per-game derived),HANJIN BRION Challengers,PlanB,Support,67,20.96,0.3128,0.3717559478771815,18.007,492.8,0,False,11.74,0.3896011702513791,,-0.5563469870232303,,0.8473071843005892,0.7701505270864046,0.6865929045660036,,,,,1.0672716796237167,-0.3932005074568794
Korea,LCK CL,2026,full year (per-game derived),Nongshim Esports Academy,Pleata,Support,78,16.474,0.2112,0.2688996883148599,13.884,746.8,107,False,11.74,0.4558984150818527,,0.77270654307496,,-0.1736618623447556,-0.3855046026127114,0.2972846274538814,,,,,-0.6113472519584287,1.424916478683943
Korea,LCK CL,2026,full year (per-game derived),Dplus Kia Challengers,Loopy,Support,68,15.073,0.2217,0.2367915161401554,12.445,556.8,59,False,11.74,0.4396333478077732,,0.4282429445762764,,-0.2670856477505498,0.502985024563587,0.1169599804980199,,,,,0.3613259654116225,0.2700149668616123
Korea,LCK CL,2026,full year (per-game derived),Kiwoom DRX Challengers,Minous,Support,86,14.013,0.1629,0.2124922351983994,11.479,680.8,65,False,11.74,0.4054481249522672,,-0.3696591855186142,,-0.8371957889751868,0.2611808836999467,0.6627109698293265,,,,,0.7379605355128084,0.6984632443533726
Korea,LCK CL,2026,full year (per-game derived),Gen.G Global Academy,SIRIUSS,Support,12,13.474,1.1228,0.2001400916713569,12.218,217.8,0,False,11.74,0.3448044213835093,,-0.4680930949876502,,1.453186568023438,0.3268898162386836,0.9713392451841624,,,,,0.5985870168227169,-1.3048271826682958
Korea,LCK CL,2026,full year (per-game derived),KT Rolster Challengers,Effort,Support,25,13.102,0.5241,0.1915925501131209,13.834,293.8,18,False,11.74,0.4303877806140441,,1.0185023698753757,,0.4179177838108819,0.5405932002174922,0.1889267062193065,,,,,-0.6528758963282199,-0.252488580470264
Korea,LCK CL,2026,full year (per-game derived),BNK FEARX Youth,Luon,Support,75,10.378,0.1384,0.1291534161641374,11.279,591.8,59,False,11.74,0.4457438333031159,,0.965336759590443,,0.0413417243043441,0.6929611389296436,1.1672679206681738,,,,,0.1682907919756351,-1.7823915875539045
Korea,LCK CL,2026,full year (per-game derived),DN SOOPers Challengers,Quantum,Support,54,9.668,0.179,0.1128798586220221,8.724,618.8,106,False,11.74,0.4811589347769712,,0.8266621375516541,,0.0152054399306933,-1.3187666730527194,-0.8374515455072853,,,,,1.538839557908568,0.3848081596453819
Korea,LCK CL,2026,full year (per-game derived),Gen.G Global Academy,Lumos,Support,50,-3.223,-0.0645,-0.1826663599750403,2.568,407.8,0,False,11.74,0.4012276906880179,,-0.6633853487315493,,0.3689209306908206,1.1344907506260629,0.5725553500839559,,,,,-1.8873096255022428,-0.5335494456088394
Korea,LCK CL,2026,full year (per-game derived),DN SOOPers Challengers,Peter,Support,20,-6.534,-0.3267,-0.2585893048062523,11.025,376.8,119,False,11.74,0.4410424614630532,,0.3844471800773418,,-0.2758994631180304,-0.1799126300455113,-0.4286220915701886,,,,,-0.4629769386094821,-0.522575369418565
Korea,LCK CL,2026,full year (per-game derived),Nongshim Esports Academy,Lehends,Support,6,-16.593,-2.7655,-0.4891964107698096,10.671,315.8,128,False,11.74,0.3589373813400227,,-1.4145088302062423,,-1.1263320291811776,-0.4652553125445822,-0.831408323921923,,,,,-0.21196327735973,0.793592164721876
Korea,LCK CL,2026,full year (per-game derived),Hanwha Life Esports Challengers,Valiant,Support,2,-19.852,-9.926,-0.5639195686332017,9.858,167.8,0,False,11.74,,,-2.477136029008516,,2.439109710022201,-1.2984173278455102,-1.9857336538685733,,,,,0.2524104205596154,-0.3637843390533814
Korea,LCK CL,2026,full year (per-game derived),KT Rolster Challengers,Pollu,Support,42,-25.282,-0.602,-0.6884168043374158,-4.421,502.8,169,False,11.74,0.3923429352279611,,0.2213853493335558,,-1.7701521288589737,0.526223365653622,-0.7231646127952842,,,,,-1.313425695159932,-0.9947770442254694
Korea,LCK CL,2026,full year (per-game derived),KT Rolster Challengers,Ghost,Support,11,-41.435,-3.7668,-1.058747541078382,-2.001,212.8,0,False,11.74,0.3933630339753796,,-0.5004886031331142,,-0.215926672803802,-2.3368520209171884,-1.5808319749266395,,,,,-1.45220095734845,-0.4246975220885544
Europe,LEC,2023,full year (per-game derived),Team BDS,Agresivoo,Top,1,60.657,60.657,1.2538725575156304,17.765,162.8,0,False,16.406,,-0.4514070668293147,,,,,,,,1.3161433239579328,,,2.6207964472331757
Europe,LEC,2023,full year (per-game derived),SK Gaming,Irrelevant,Top,52,38.218,0.735,0.628224721581061,29.979,417.8,0,False,16.406,0.9709804346622048,1.3555349068304303,,,,,,,,0.9299909467867712,,,-0.1040137141710187
Europe,LEC,2023,full year (per-game derived),Team Vitality,Photon,Top,45,25.451,0.5656,0.2722460773525758,21.722,382.8,0,False,16.406,1.1781161762653436,-0.4773532167027953,,,,,,,,0.631146721222492,,,0.7224179343660992
Europe,LEC,2023,full year (per-game derived),KOI,Szygenda,Top,51,19.541,0.3832,0.1074367594668151,18.342,412.8,0,False,16.406,1.1024157332346216,-0.1753691616986745,,,,,,,,0.124966479928634,,,0.3308553674832072
Europe,LEC,2023,full year (per-game derived),G2 Esports,BrokenBlade,Top,76,18.318,0.241,0.0733608979956041,17.757,537.8,0,False,16.406,1.3361644447418417,0.3663167928710689,,,,,,,,0.1123456131381249,,,-0.1840506137854674
Europe,LEC,2023,full year (per-game derived),Astralis,Finn,Top,42,17.183,0.4091,0.0417026557526722,16.85,367.8,0,False,16.406,1.358772463239158,1.7162469868345367,,,,,,,,-1.7113367290327386,,,-0.5315429856845754
Europe,LEC,2023,full year (per-game derived),MAD Lions KOI,Chasy,Top,84,15.629,0.1861,-0.0016352602283618,15.841,577.8,0,False,16.406,1.155642553281392,-0.4700225296478326,,,,,,,,0.0768653035104972,,,0.3459086130517239
Europe,LEC,2023,full year (per-game derived),Team Heretics,Evi,Top,44,11.822,0.2687,-0.1077908535608256,13.737,377.8,0,False,16.406,0.8974068627832741,1.532675747842399,,,,,,,,-1.1643735088956664,,,-0.9697259568294452
Europe,LEC,2023,full year (per-game derived),Fnatic,Oscarinin,Top,43,6.754,0.1571,-0.2490966983747827,10.84,372.8,0,False,16.406,0.8997370059329852,-1.0844033342467083,,,,,,,,0.4238022574289857,,,0.1284728419732618
Europe,LEC,2023,full year (per-game derived),Fnatic,Wunder,Top,23,-6.754,-0.2937,-0.6257222300722174,6.644,272.8,0,False,16.406,1.1752744909713828,-1.0148848323886583,,,,,,,,0.8677253820719301,,,-0.986156288242469
Europe,LEC,2023,full year (per-game derived),Team BDS,Adam,Top,63,-8.401,-0.1333,-0.6716630590004459,-0.12,472.8,0,False,16.406,0.8871256220785843,-0.6871934555703281,,,,,,,,0.0512680880790047,,,-0.9875614377521104
Europe,LEC,2023,full year (per-game derived),Excel Esports,Odoamne,Top,52,-10.168,-0.1955,-0.7209355684277219,-0.13,417.8,0,False,16.406,1.1354667698030425,-0.6101408372941209,,,,,,,,-1.6585438781959534,,,-0.3854002076423812
Europe,LEC,2023,full year (per-game derived),G2 Esports,Yike,Jungle,76,46.909,0.6172,0.8632689386486097,37.749,537.8,0,False,15.697,0.983957051119144,0.749050333416179,0.62398853265985,,,,,0.6440937806515872,1.4359431078668223,,,,
Europe,LEC,2023,full year (per-game derived),Fnatic,Razork,Jungle,66,39.693,0.6014,0.6620633944974348,31.929,487.8,0,False,15.697,0.7877850740613674,1.442779447026587,-0.7183511693523779,,,,,0.8997360939045572,1.0240892064109728,,,,
Europe,LEC,2023,full year (per-game derived),Team Vitality,Daglas,Jungle,3,32.253,10.751,0.4546078956380117,17.134,172.8,0,False,15.697,,-1.893995252572531,1.2039093856757137,,,,,1.4943615710778833,1.014155878370981,,,,
Europe,LEC,2023,full year (per-game derived),Team BDS,Sheo,Jungle,64,22.457,0.3509,0.181469500518803,20.224,477.8,0,False,15.697,0.884721431104288,0.7804590957872427,0.7023828542459727,,,,,-0.2681571539657517,-0.4888067939922514,,,,
Europe,LEC,2023,full year (per-game derived),Team Heretics,Jankos,Jungle,44,20.683,0.4701,0.1320250019701035,18.6,377.8,0,False,15.697,0.815405533325127,0.0664093485380866,0.0899115779885495,,,,,-0.0937450267320666,0.4655241080858446,,,,
Europe,LEC,2023,full year (per-game derived),MAD Lions KOI,Elyoya,Jungle,84,17.839,0.2124,0.0527093288686302,17.254,577.8,0,False,15.697,0.92570629408593,-1.480348925356538,1.190615326777431,,,,,0.1988942383216283,0.3016766757319997,,,,
Europe,LEC,2023,full year (per-game derived),Excel Esports,Peach,Jungle,34,13.556,0.3987,-0.0667175733951987,14.587,327.8,0,False,15.697,0.6710281800463974,-0.8838404298202727,-0.7744915220034809,,,,,1.0942569809345617,0.2972046773083969,,,,
Europe,LEC,2023,full year (per-game derived),Excel Esports,Xerxe,Jungle,18,13.224,0.7347,-0.0759675840001768,14.799,247.8,0,False,15.697,0.8174282637467638,0.3622089464742347,0.7752056215647355,,,,,0.1052080201071081,-1.546492924146786,,,,
Europe,LEC,2023,full year (per-game derived),SK Gaming,Markoon,Jungle,52,3.048,0.0586,-0.359711478953008,7.826,417.8,0,False,15.697,0.7483095798684277,-0.1636864377533435,-0.0590308464303358,,,,,-0.9197266284072702,-0.2964020032210825,,,,
Europe,LEC,2023,full year (per-game derived),Team Vitality,Bo,Jungle,42,-3.048,-0.0726,-0.5296581943653293,4.996,367.8,0,False,15.697,0.5636279354048725,-0.2066812846382123,-2.290229542739397,,,,,0.0969448188957343,0.2813332310205576,,,,
Europe,LEC,2023,full year (per-game derived),Astralis,113,Jungle,42,-4.106,-0.0978,-0.5591686573548315,4.392,367.8,0,False,15.697,0.7060433666774918,0.2749291166866608,-0.3647648939294599,,,,,-1.4372995572439025,-0.7095392949326245,,,,
Europe,LEC,2023,full year (per-game derived),KOI,Malrang,Jungle,51,-11.126,-0.2182,-0.7549205720730526,-0.871,412.8,0,False,15.697,0.6726983101543136,0.952716042211888,-0.3791453244572192,,,,,-1.814567137544069,-1.7786858685028104,,,,
Europe,LEC,2023,full year (per-game derived),KOI,Larssen,Middle,51,31.152,0.6108,0.6124261683159675,23.739,412.8,0,False,11.764,1.3813011535453814,-0.3513068332136517,0.8861948953063389,,,,,1.6342228695209784,,,-0.4222893007289521,,
Europe,LEC,2023,full year (per-game derived),Astralis,LIDER,Middle,25,26.199,1.048,0.4743083423669885,18.144,282.8,0,False,11.764,1.1822986510764744,-0.1734646788343024,-1.4350576057769515,,,,,1.8013137103975103,,,0.7926709596438962,,
Europe,LEC,2023,full year (per-game derived),Fnatic,Humanoid,Middle,66,17.805,0.2698,0.2402606899463362,15.85,487.8,0,False,11.764,1.306545781925892,1.2030328366528584,-0.6509578221129808,,,,,0.3032307104359655,,,0.0628463636673421,,
Europe,LEC,2023,full year (per-game derived),Team Vitality,Perkz,Middle,45,15.555,0.3457,0.1775328888919056,13.992,382.8,0,False,11.764,1.2557842354884847,1.092532810551756,-0.510706795797677,,,,,0.4770514389911086,,,-0.5544212255619257,,
Europe,LEC,2023,full year (per-game derived),Team Heretics,Vetheo,Middle,20,13.986,0.6993,0.1337847331911233,12.626,257.8,0,False,11.764,1.5597429632876665,-0.649541279528834,1.0912761224686836,,,,,-1.273654850406034,,,2.3345959199530184,,
Europe,LEC,2023,full year (per-game derived),Team Heretics,Ruby,Middle,24,13.348,0.5562,0.1160040106849164,12.448,277.8,0,False,11.764,1.2862312687531925,1.6061332796030043,-0.4011665406690666,,,,,-0.0202412421988139,,,-0.6267624514020279,,
Europe,LEC,2023,full year (per-game derived),MAD Lions KOI,Nisqy,Middle,84,11.764,0.14,0.071829877698529,11.764,577.8,0,False,11.764,1.294275630098249,-0.250526035073401,0.2007114998783602,,,,,0.5482581461154125,,,-0.5388545977304502,,
Europe,LEC,2023,full year (per-game derived),Team BDS,nuc,Middle,64,8.221,0.1285,-0.0269526018876815,9.391,477.8,0,False,11.764,1.4486908984608424,0.7010618507072677,1.3171408563880913,,,,,-0.8100526521053184,,,-0.7780028065581145,,
Europe,LEC,2023,full year (per-game derived),Excel Esports,Vetheo,Middle,15,3.88,0.2587,-0.1479905564803698,9.224,232.8,0,False,11.764,1.282703437868385,-2.236961710690722,0.5551255394566422,,,,,-0.3476721304073539,,,1.5745501792618894,,
Europe,LEC,2023,full year (per-game derived),Excel Esports,Abbedagge,Middle,37,0.0,0.0,-0.2561873937589489,5.416,342.8,0,False,11.764,1.3327271441925697,0.2998895073340508,0.3084567868732754,,,,,-0.955891502320414,,,-0.1962379894829343,,
Europe,LEC,2023,full year (per-game derived),Astralis,Dajor,Middle,17,-4.286,-0.2521,-0.3757041830682273,6.146,242.8,0,False,11.764,1.241932300001017,-0.3925647127509925,0.2587553585244793,,,,,-1.0120282485467085,,,0.0803640231094723,,
Europe,LEC,2023,full year (per-game derived),G2 Esports,Caps,Middle,76,-9.064,-0.1193,-0.5089299512754468,-2.952,537.8,0,False,11.764,0.9884688020172154,-0.5689291742415358,-2.144360203789457,,,,,0.5583209001355154,,,-0.6140010078286103,,
Europe,LEC,2023,full year (per-game derived),SK Gaming,Sertuss,Middle,52,-9.117,-0.1753,-0.5103820246251018,-1.229,417.8,0,False,11.764,1.2752023200116562,-0.2793558605155153,0.5245879092502518,,,,,-0.902857149611848,,,-1.1144580663426205,,
Europe,LEC,2023,full year (per-game derived),Team BDS,Crownie,ADC,64,29.779,0.4653,0.6493830031418407,24.18,477.8,0,False,12.828,1.6748819261462515,0.0863707344844376,-0.5162992489963374,0.8752658089235582,,,,1.2784188438933608,,,0.7368640764647847,,
Europe,LEC,2023,full year (per-game derived),SK Gaming,3XA,ADC,52,24.508,0.4713,0.5024204103925827,20.096,417.8,0,False,12.828,1.6542140950880964,-0.1489768238515831,-0.5195156557385272,-0.0658919616512845,,,,0.7926568268116543,,,2.091034145868815,,
Europe,LEC,2023,full year (per-game derived),G2 Esports,Hans Sama,ADC,76,24.311,0.3199,0.496920987999867,20.941,537.8,0,False,12.828,1.7438266527773916,0.5571309301684845,0.0755275850633069,-0.2856280480292421,,,,1.602557449244001,,,-0.8470285530023826,,
Europe,LEC,2023,full year (per-game derived),MAD Lions KOI,Carzzy,ADC,84,20.872,0.2485,0.4010270199371073,18.675,577.8,0,False,12.828,1.6137694904499726,2.03978559530213,-1.2875933857318551,0.4612555746160972,,,,0.5605104210762474,,,0.031822642998992,,
Europe,LEC,2023,full year (per-game derived),Astralis,Kobbe,ADC,42,20.576,0.4899,0.3927779490190823,17.251,367.8,0,False,12.828,1.741773064441346,-0.552525161424136,0.265081418538196,1.2872003738498414,,,,0.7867013652258993,,,-0.3149725213529105,,
Europe,LEC,2023,full year (per-game derived),Team Vitality,Upset,ADC,29,14.502,0.5001,0.2234272226989377,13.63,302.8,0,False,12.828,2.7147410199993565,-0.5313251162536807,2.5832152215824484,-1.056665883082132,,,,0.1060802576766983,,,0.1625153398491539,,
Europe,LEC,2023,full year (per-game derived),Team Heretics,Flakked,ADC,20,12.828,0.6414,0.1767447223746155,12.828,257.8,0,False,12.828,1.7043780685240568,0.9690578910667642,-0.4733643775698957,0.6018425080305035,,,,0.1582680515324376,,,-0.3489846226340091,,
Europe,LEC,2023,full year (per-game derived),Fnatic,Noah,ADC,42,6.464,0.1539,-0.0006906156214213,9.195,367.8,0,False,12.828,1.7006833176669076,-0.3807482904532606,0.4188224689001477,0.2177286394595404,,,,-0.023583699883467,,,-0.2070558408025102,,
Europe,LEC,2023,full year (per-game derived),Excel Esports,Patrik,ADC,52,0.581,0.0112,-0.1647255310629996,5.207,417.8,0,False,12.828,1.5716192759771066,1.5177324545593387,-1.1465928875518885,1.296448400547794,,,,-0.8116575161841146,,,-0.8708931252847341,,
Europe,LEC,2023,full year (per-game derived),KOI,Comp,ADC,51,0.0,0.0,-0.1809300099418711,4.904,412.8,0,False,12.828,1.6959785864802666,-0.3776694901569016,-0.1036102512021426,-0.7082026130859956,,,,-0.47335654471356,,,1.1237220179138556,,
Europe,LEC,2023,full year (per-game derived),Fnatic,Rekkles,ADC,24,-9.915,-0.4131,-0.4573872822897153,3.005,277.8,0,False,12.828,1.9297791796779415,-1.1522091067991294,1.0796412030039906,0.0701222521209893,,,,-1.2290929022240786,,,-0.0907658326323943,,
Europe,LEC,2023,full year (per-game derived),Team Heretics,Jackspektra,ADC,24,-17.006,-0.7086,-0.6551133178696519,-0.057,277.8,0,False,12.828,1.530748773982635,-1.001922142802633,-0.4064221853999826,-0.3624789936058993,,,,-1.248626866340631,,,0.4857755343896106,,
Europe,LEC,2023,full year (per-game derived),Team Vitality,Neon,ADC,16,-43.142,-2.6964,-1.383854558778368,-5.998,237.8,0,False,12.828,1.4540830392835322,-1.0247014738398166,0.0311100951025536,-2.3309960580937537,,,,-1.4988756861144472,,,-1.952033261776277,,
Europe,LEC,2023,full year (per-game derived),Astralis,Execute,Support,42,28.434,0.677,0.6139181621930843,18.809,367.8,0,False,6.002,0.4375698740685107,,-0.4386845585195837,,0.4725516164857894,0.4165039086072823,1.4583826844285523,,,,,0.6578696700266969,1.0162921541424308
Europe,LEC,2023,full year (per-game derived),G2 Esports,Mikyx,Support,76,26.069,0.343,0.5479718034110096,20.18,537.8,0,False,6.002,0.4176032973291613,,-1.09421638702161,,1.9119756874520213,0.6040321415663013,1.1011100848784254,,,,,-0.6094002348981352,1.2090579834734454
Europe,LEC,2023,full year (per-game derived),Team Heretics,Mersa,Support,44,25.834,0.5871,0.5414301906075623,17.549,377.8,0,False,6.002,0.4705187328395704,,0.7537457059754579,,-0.7265511063251522,0.99907904269119,1.0047995222710384,,,,,0.4265317006851625,0.741067060799654
Europe,LEC,2023,full year (per-game derived),SK Gaming,Doss,Support,52,15.005,0.2886,0.2394778469658617,11.604,417.8,0,False,6.002,0.4562452365862672,,0.4308125250853502,,0.1608865756446601,-0.0370088071946077,0.4281252275864469,,,,,0.3908837841011937,0.0984297906508742
Europe,LEC,2023,full year (per-game derived),Fnatic,Advienne,Support,15,14.629,0.9753,0.2289885382208218,8.781,232.8,0,False,6.002,0.5381369647765984,,1.805657869886859,,-0.6719873772537935,1.055013264202051,-0.3236871039224701,,,,,-0.1809787721375729,-0.20227161351595
Europe,LEC,2023,full year (per-game derived),Team Vitality,Kaiser,Support,45,10.844,0.241,0.1234647855744706,8.848,382.8,0,False,6.002,0.4324994161764929,,0.3634054773264439,,-0.0855234536007303,0.5761723433970631,0.6499142245610943,,,,,-0.4321832946548028,-0.2401043097509015
Europe,LEC,2023,full year (per-game derived),Excel Esports,Targamas,Support,9,7.139,0.7932,0.0201606457635128,6.254,202.8,0,False,6.002,0.5618796909644888,,0.9366887344857824,,1.5348182106765311,-1.8971160017723607,-0.6308534079030085,,,,,0.2389950682398695,-0.0452228541638872
Europe,LEC,2023,full year (per-game derived),Team BDS,Labrov,Support,64,4.865,0.076,-0.0432597079298042,5.241,477.8,0,False,6.002,0.4017749511549498,,-0.780632556405475,,-0.5456205191569778,0.4656503975724704,0.2885519788086545,,,,,-0.0691619117968969,0.2966715491335585
Europe,LEC,2023,full year (per-game derived),KOI,Trymbi,Support,38,1.617,0.0426,-0.1338115766106875,3.607,347.8,0,False,6.002,0.4225638693359442,,-1.0230582672037414,,1.216481563765856,-1.2380140497720933,-1.3669677821712416,,,,,0.2436095666315888,1.0653012919462674
Europe,LEC,2023,full year (per-game derived),KOI,Advienne,Support,13,0.872,0.0671,-0.1545913602416369,4.506,222.8,0,False,6.002,0.3703468798972284,,0.060987104977779,,0.1078621772300172,1.3044033434107296,-0.1480301042988636,,,,,-1.9376373545171288,-0.283024934650212
Europe,LEC,2023,full year (per-game derived),Excel Esports,LIMIT,Support,43,-2.615,-0.0608,-0.2518241380778701,1.033,372.8,0,False,6.002,0.4006263055199994,,-0.2847977063789307,,-1.4839366935908225,0.1145530858445011,0.6239759160532985,,,,,0.6655475536005843,-0.9673944148122556
Europe,LEC,2023,full year (per-game derived),MAD Lions KOI,Hylissang,Support,84,-12.867,-0.1532,-0.5376648401985658,-7.713,577.8,0,False,6.002,0.3496390115403913,,-1.4408401184748096,,-0.4351816725421234,0.0572152390986884,-0.0162780853481991,,,,,-1.988839828148985,0.3708153713395143
Europe,LEC,2023,full year (per-game derived),Fnatic,Trymbi,Support,42,-13.568,-0.323,-0.5572031620712933,-5.171,367.8,0,False,6.002,0.3635236103256856,,-0.7663778343258755,,-0.2216861255384915,-1.3134894003844404,-2.019147947169502,,,,,1.2743613179983662,-0.3489438188205112
Europe,LEC,2023,full year (per-game derived),Fnatic,Rhuckz,Support,9,-16.432,-1.8258,-0.6370571876064606,1.025,202.8,0,False,6.002,0.4212894087670871,,1.477310010592343,,-1.2340888832467811,-1.1069945072667762,-1.0498952077742243,,,,,1.320402734870094,-2.710673255772027
Europe,LEC,2024,full year (per-game derived),Rogue,Szygenda,Top,9,34.661,3.8512,0.9299536177874326,12.739,304.8,51,False,2.093,1.390497448884583,1.6530431893322244,,,,,,,,-1.503629013674165,,,1.4445088008242382
Europe,LEC,2024,full year (per-game derived),Team Vitality,Photon,Top,46,26.877,0.5843,0.7081695156105783,18.422,477.8,45,False,2.093,1.6707816432238018,0.3978246242601094,,,,,,,,0.4253594940692901,,,1.0906380728706384
Europe,LEC,2024,full year (per-game derived),MAD Lions KOI,Myrwn,Top,75,20.048,0.2673,0.5136004301811903,16.329,577.8,45,False,2.093,1.1940504107457697,1.1580614450729332,,,,,,,,0.1807999346492864,,,0.1375870977842659
Europe,LEC,2024,full year (per-game derived),Karmine Corp,Canna,Top,21,18.416,0.877,0.4670926728895444,8.614,262.8,0,True,2.093,1.0437759125939816,-0.2773893157470449,,,,,,,,-0.084069867759242,,,1.326742727523475
Europe,LEC,2024,full year (per-game derived),SK Gaming,Irrelevant,Top,52,18.02,0.3465,0.4557954475909542,17.228,521.8,52,False,2.093,1.3051798077074748,0.7288567564480546,,,,,,,,0.818168347885598,,,0.0676666947557613
Europe,LEC,2024,full year (per-game derived),G2 Esports,BrokenBlade,Top,88,4.956,0.0563,0.0835663438700989,7.062,749.8,76,False,2.093,1.2358542956467202,-0.2293066647565375,,,,,,,,1.413796519144183,,,-0.2650967287417823
Europe,LEC,2024,full year (per-game derived),GiantX,Odoamne,Top,27,2.596,0.0961,0.0163283795334068,-0.949,396.8,52,False,2.093,1.3429728711330422,0.6880874748506635,,,,,,,,-0.7865008382233162,,,-0.168370326745838
Europe,LEC,2024,full year (per-game derived),Fnatic,Oscarinin,Top,85,1.589,0.0187,-0.0123592659475246,2.899,676.8,59,False,2.093,1.0118664530419212,-1.118300243901477,,,,,,,,0.910971692785818,,,0.4728056438632807
Europe,LEC,2024,full year (per-game derived),Rogue,Finn,Top,20,1.273,0.0636,-0.0213778184069519,5.561,341.8,42,False,2.093,1.137237013772937,0.7506028288777699,,,,,,,,-0.5294733003426667,,,-0.4220458562145812
Europe,LEC,2024,full year (per-game derived),Team BDS,Adam,Top,76,0.267,0.0035,-0.0500511295216153,-0.944,663.8,63,False,2.093,0.9865644255783989,-0.741399336952083,,,,,,,,1.2020874259539014,,,-0.0535564850219221
Europe,LEC,2024,full year (per-game derived),Team Heretics,Wunder,Top,45,-0.8,-0.0178,-0.0804284744946025,-0.374,428.8,23,False,2.093,1.1158174848811269,0.6673691758242059,,,,,,,,0.1451618887341944,,,-0.7948039898594444
Europe,LEC,2024,full year (per-game derived),Karmine Corp,Cabochard,Top,18,-11.96,-0.6644,-0.3984351936124511,-1.071,290.8,43,False,2.093,1.0723974811832804,-0.7855883484192241,,,,,,,,-1.70119152730283,,,0.5104884483614444
Europe,LEC,2024,full year (per-game derived),Team BDS,JNX,Top,5,-25.392,-5.0784,-0.781135335649763,11.36,236.8,54,False,2.093,0.8336251525313035,-1.331433748035872,,,,,,,,0.6599312749471111,,,-0.985921457605162
Europe,LEC,2024,full year (per-game derived),GiantX,Th3Antonio,Top,21,-62.228,-2.9632,-1.830719189830294,-21.188,289.8,27,False,2.093,0.8221579534401545,-1.5604278368537077,,,,,,,,-1.151412030867175,,,-2.360642641794374
Europe,LEC,2024,full year (per-game derived),Fnatic,Razork,Jungle,85,41.539,0.4887,0.888028370647252,33.955,714.8,66,False,8.736,0.851877422444518,0.8578940893701611,0.343431940953933,,,,,1.9426153661308665,0.4081720861340477,,,,
Europe,LEC,2024,full year (per-game derived),G2 Esports,Yike,Jungle,88,39.43,0.4481,0.8279523028618845,34.485,749.8,76,False,8.736,0.9203310745799954,1.1404798110316738,0.5245477449503498,,,,,0.6687803565021321,0.978001298963382,,,,
Europe,LEC,2024,full year (per-game derived),Karmine Corp,Bo,Jungle,18,21.658,1.2032,0.3215677648012304,9.258,331.8,42,False,8.736,0.5634269514060276,1.6468713967221162,-2.5012127614648025,,,,,1.4125568217014164,0.7280556022461915,,,,
Europe,LEC,2024,full year (per-game derived),Team BDS,Sheo,Jungle,81,20.12,0.2484,0.2777514972221458,17.952,690.8,64,False,8.736,0.9065841595390576,0.0015079768872364,0.8406236698598293,,,,,-0.1151028625507201,0.3839772046922377,,,,
Europe,LEC,2024,full year (per-game derived),Rogue,Markoon,Jungle,29,15.809,0.5451,0.1549203623288025,9.803,406.8,52,False,8.736,0.8322751223720678,0.1634872692621503,0.5383576099604801,,,,,0.1508675971534814,-0.2330310270609015,,,,
Europe,LEC,2024,full year (per-game derived),SK Gaming,ISMA,Jungle,52,11.048,0.2125,0.0192596983276743,13.112,478.8,61,False,8.736,0.7666140314759208,-0.7873841183752955,0.3932050373880196,,,,,0.6251595892573087,-0.1539417149593354,,,,
Europe,LEC,2024,full year (per-game derived),GiantX,Juhan,Jungle,21,8.736,0.416,-0.0466161306383041,8.736,262.8,0,True,8.736,0.6557689221289901,0.1282991050193686,-0.9335699457694276,,,,,-0.165523990917968,0.7843303091148103,,,,
Europe,LEC,2024,full year (per-game derived),Team Vitality,Daglas,Jungle,36,6.915,0.1921,-0.0985179544749676,8.983,365.8,47,False,8.736,0.7656605494208901,-0.56785496661745,0.3598943227658856,,,,,0.1310279039289899,-0.3171390779772959,,,,
Europe,LEC,2024,full year (per-game derived),GiantX,Peach,Jungle,27,2.89,0.107,-0.2131899465649712,7.957,374.3,61,False,8.736,0.6657687379738607,-1.2367538395390292,-0.4958244247930031,,,,,-0.3711153858739226,1.25093386394607,,,,
Europe,LEC,2024,full year (per-game derived),MAD Lions KOI,Elyoya,Jungle,75,0.0,0.0,-0.2955373906835407,6.244,700.8,84,False,8.736,0.755603826877017,-0.5402359167263863,0.2973794333660663,,,,,-0.5817193330429807,-0.357573746330862,,,,
Europe,LEC,2024,full year (per-game derived),Team Heretics,Jankos,Jungle,45,-2.562,-0.0569,-0.3685498491942119,5.57,470.8,44,False,8.736,0.761283080605036,-0.7675101617190079,0.3247382681683736,,,,,-1.0244308185672564,-0.0069966846589569,,,,
Europe,LEC,2024,full year (per-game derived),Team Vitality,Lyncas,Jungle,10,-6.353,-0.6353,-0.4765420223612291,3.822,270.8,63,False,8.736,0.8933191419032993,-1.407614031252309,1.3185554090184446,,,,,-1.0095210671519836,-0.8075884000590681,,,,
Europe,LEC,2024,full year (per-game derived),Karmine Corp,Closer,Jungle,21,-24.391,-1.1615,-0.9905267022717588,-4.498,262.8,0,True,8.736,0.5942766783647221,1.36881338593681,-1.0101263044041482,,,,,-1.663594176569363,-2.6571997140503334,,,,
Europe,LEC,2024,full year (per-game derived),Team Heretics,Perkz,Middle,14,38.608,2.7577,0.8450568216377337,16.554,317.8,45,False,7.342,1.3127847926190943,1.6408685267688463,-1.3420092600442388,,,,,1.3747438175194118,,,1.3433500546853776,,
Europe,LEC,2024,full year (per-game derived),Rogue,Larssen,Middle,29,26.936,0.9288,0.512486359201037,20.359,404.8,51,False,7.342,1.7821791141223968,-0.260607444980691,1.2356366613038352,,,,,0.3587335831314114,,,0.8215891878381241,,
Europe,LEC,2024,full year (per-game derived),Fnatic,Humanoid,Middle,85,21.156,0.2489,0.3477994178196754,17.487,714.8,66,False,7.342,1.3116840369132492,0.8482429250848686,-0.99475096912245,,,,,0.761711189854294,,,0.4919504470804401,,
Europe,LEC,2024,full year (per-game derived),G2 Esports,Caps,Middle,88,18.753,0.2131,0.2793327379275133,10.712,749.8,76,False,7.342,1.3544681258902105,-0.6134228325060213,0.2046464380750944,,,,,1.193274722833498,,,-0.2957084950972191,,
Europe,LEC,2024,full year (per-game derived),Team Vitality,Vetheo,Middle,46,12.746,0.2771,0.1081766376558991,10.632,442.8,35,False,7.342,1.2630015529476997,-1.535599735587966,0.3453886732115734,,,,,0.7798905140509532,,,0.3809354586737895,,
Europe,LEC,2024,full year (per-game derived),Karmine Corp,SAKEN,Middle,18,9.487,0.5271,0.0153131636305548,9.114,290.8,43,False,7.342,1.7633391389862452,0.6290881026036043,1.0417579403246475,,,,,-0.4860565907672758,,,-0.779194094907897,,
Europe,LEC,2024,full year (per-game derived),GiantX,Jackies,Middle,48,5.197,0.1083,-0.1069267114013427,6.048,397.8,0,False,7.342,1.388552773567956,0.4232078111399414,-0.71077139478869,,,,,-0.9807687624615584,,,1.4419054506168552,,
Europe,LEC,2024,full year (per-game derived),Karmine Corp,Vladi,Middle,21,1.377,0.0656,-0.2157600828965176,4.959,262.8,0,False,7.342,1.5633219029717094,-0.0498201140645343,0.6916447594443533,,,,,-1.4153644561338412,,,0.735118424642313,,
Europe,LEC,2024,full year (per-game derived),Team BDS,nuc,Middle,81,0.319,0.0039,-0.245919193630571,3.388,690.8,64,False,7.342,1.309667809968506,0.6767383882119632,-0.4459968868639841,,,,,0.1003796995642595,,,-1.552875986978631,,
Europe,LEC,2024,full year (per-game derived),SK Gaming,Nisqy,Middle,52,-0.957,-0.0184,-0.2822595711041373,4.927,585.8,84,False,7.342,1.151398578763236,0.6790682997365358,-1.678645994895512,,,,,0.4204824865309789,,,-1.032608904258746,,
Europe,LEC,2024,full year (per-game derived),MAD Lions KOI,Fresskowy,Middle,75,-8.841,-0.1179,-0.5069139179545543,-2.456,593.8,61,False,7.342,1.3550762935404412,-1.6176113450539271,1.0130261302561716,,,,,-0.4366761296006287,,,-1.0354139127753976,,
Europe,LEC,2024,full year (per-game derived),Team Heretics,Zwyroo,Middle,31,-17.386,-0.5608,-0.7503856608852828,-3.764,360.8,48,False,7.342,1.4128119840540176,-0.8201525813526148,0.6400739030991993,,,,,-1.6703500745215023,,,-0.51904762951898,,
Europe,LEC,2024,full year (per-game derived),Team BDS,Ice,ADC,81,27.082,0.3343,0.5772726097426162,21.86,562.8,0,False,8.462,1.929377928877188,-0.3606452063070425,0.8466724390833862,0.352124075136316,,,,0.8491637687985774,,,0.8591840231818928,,
Europe,LEC,2024,full year (per-game derived),Fnatic,Noah,ADC,85,23.174,0.2726,0.4659012107108091,17.587,666.8,42,False,8.462,1.6000105926884158,-0.3214768193849452,-0.0676000210253432,1.198199073369401,,,,0.936100434633368,,,-0.0034656439416331,,
Europe,LEC,2024,full year (per-game derived),G2 Esports,Hans Sama,ADC,88,21.858,0.2484,0.4284002355643187,19.535,749.8,76,False,8.462,1.8019212157598476,-0.0366961913206602,0.6922959942753318,-0.8788003957258419,,,,1.6407291588343476,,,-0.7909385423291194,,
Europe,LEC,2024,full year (per-game derived),Karmine Corp,Upset,ADC,39,16.031,0.4111,0.2623892381911527,12.907,410.8,29,False,8.462,2.4997601149572986,-0.2858947955052286,2.065093372049007,0.262302894440078,,,,-0.539073730509728,,,0.8113471613577361,,
Europe,LEC,2024,full year (per-game derived),MAD Lions KOI,Supa,ADC,75,14.963,0.1995,0.2319436845123975,14.631,593.8,61,False,8.462,1.500601607907437,1.115395546943287,-0.896404010372285,0.6316333184022941,,,,0.4364333600321298,,,-0.3829518868431041,,
Europe,LEC,2024,full year (per-game derived),SK Gaming,Rahel,ADC,19,8.462,0.4454,0.0467163982474826,8.462,252.8,0,True,8.462,1.6734686823049356,-1.33403565681045,0.4378070587556107,-1.9713545759038844,,,,0.6252515623154253,,,1.752744647795783,,
Europe,LEC,2024,full year (per-game derived),Team Heretics,Flakked,ADC,45,7.392,0.1643,0.0162212443622036,8.404,435.3,45,False,8.462,1.6330699101465371,-0.5076453908130873,0.1658239285639641,1.3101797898588032,,,,-0.4466852243489999,,,0.1380662044393425,,
Europe,LEC,2024,full year (per-game derived),GiantX,Patrik,ADC,48,2.583,0.0538,-0.120790541642456,4.017,501.8,52,False,8.462,1.504049772904697,0.5545787651461971,-0.5514420494674822,0.6046670324170376,,,,-0.353930702504155,,,-0.5664005527267543,,
Europe,LEC,2024,full year (per-game derived),SK Gaming,3XA,ADC,33,-2.583,-0.0783,-0.2679961620584795,8.102,426.8,52,False,8.462,1.366137075834579,0.1068685554505766,-1.3040496731207123,-0.0146888785263694,,,,-0.5088849824947218,,,0.6818851939441322,,
Europe,LEC,2024,full year (per-game derived),Team Vitality,Carzzy,ADC,46,-9.983,-0.217,-0.4788443198019553,4.581,555.8,84,False,8.462,1.4523287468962582,2.1947597334120017,-1.2155385927343898,-0.5071143612137037,,,,-0.6980866039551741,,,-1.8941889193269876,,
Europe,LEC,2024,full year (per-game derived),Rogue,Comp,ADC,29,-33.932,-1.1701,-1.161213597828085,-8.854,404.8,51,False,8.462,1.459564068158086,-1.125208540810636,-0.1726584460070781,-0.9871479722541382,,,,-1.9410170408010687,,,-0.6052816855512745,,
Europe,LEC,2024,full year (per-game derived),GiantX,IgNar,Support,48,36.718,0.765,0.7136253303376546,27.642,397.8,0,False,13.843,0.6001912221598021,,1.6751984381748264,,0.6681192998199269,1.2430854694770956,0.4058766721635257,,,,,0.1122112432068935,0.2845337534144586
Europe,LEC,2024,full year (per-game derived),Team Heretics,Kaiser,Support,14,34.957,2.4969,0.6634493195208977,17.644,317.8,45,False,13.843,0.6332566273855434,,0.7738839878573167,,-1.196006479854449,0.5414115772502653,0.0631119769565284,,,,,2.537169982565159,1.141589761784632
Europe,LEC,2024,full year (per-game derived),MAD Lions KOI,Alvaro,Support,75,32.613,0.4348,0.5966807097885611,26.723,593.8,61,False,13.843,0.4861957625795541,,0.0337162836714245,,1.073741889347202,0.4833370576074963,0.1152203411864569,,,,,-0.0304574768949932,1.6429570730087366
Europe,LEC,2024,full year (per-game derived),Fnatic,Jun,Support,85,22.488,0.2646,0.308167041382557,20.147,582.8,0,True,13.843,0.4764739492901731,,0.550155968842591,,-0.6136493672421689,1.2151731433414463,0.9813871121720018,,,,,-0.3440874630481875,0.109651691660239
Europe,LEC,2024,full year (per-game derived),Team BDS,Labrov,Support,81,20.898,0.258,0.2628739956818579,16.315,690.8,64,False,13.843,0.380487763864521,,-0.571343576087567,,1.0992004634262758,0.6123018400575791,0.7023821260597541,,,,,-0.2172494630931445,0.0141368661189719
Europe,LEC,2024,full year (per-game derived),SK Gaming,Luon,Support,19,14.74,0.7758,0.0874213418372626,14.18,252.8,0,True,13.843,0.4695432767380222,,0.7422793958872763,,-0.6601738774157933,-0.0817161931708938,-0.2701057887357029,,,,,-0.0299667642166439,0.6768532913077194
Europe,LEC,2024,full year (per-game derived),G2 Esports,Mikyx,Support,88,12.945,0.1471,0.0362644142354804,15.794,749.8,76,False,13.843,0.3453824588276815,,-1.4835692005486094,,1.18056413237628,0.5787055384111417,1.2159057718494275,,,,,-0.8619079069231705,-0.3224365969546535
Europe,LEC,2024,full year (per-game derived),Karmine Corp,Targamas,Support,39,10.35,0.2654,-0.0376803784284931,11.823,383.3,34,False,13.843,0.4196790571484944,,-0.1997556561087128,,0.953543249574535,0.3106811658635436,0.976344385036347,,,,,-0.2048342382075004,-1.6571850170690354
Europe,LEC,2024,full year (per-game derived),SK Gaming,Doss,Support,33,5.03,0.1524,-0.189247557641637,10.719,426.8,52,False,13.843,0.5442547697419188,,0.9678911935999116,,-1.2454393676223672,-1.1504073857127184,-0.3155489495031429,,,,,0.4011762877038367,0.127624789019399
Europe,LEC,2024,full year (per-game derived),Team Heretics,Trymbi,Support,31,-15.091,-0.4868,-0.7625802765266132,-1.395,430.8,80,False,13.843,0.4709392737888778,,0.0490536932172915,,-0.7717860629820986,-1.859499453415341,-1.7952506471150376,,,,,0.916729787401073,-1.0442992363177752
Europe,LEC,2024,full year (per-game derived),Rogue,Zoelys,Support,29,-16.014,-0.5522,-0.7888831519809474,2.764,345.8,43,False,13.843,0.378565691132357,,-1.1850479134033745,,0.5868310728173795,-1.1272294432708727,-0.2112221458086371,,,,,-1.1306889780773337,-1.490529833710466
Europe,LEC,2024,full year (per-game derived),Team Vitality,Hylissang,Support,46,-19.566,-0.4253,-0.8900907882065858,-8.054,555.8,84,False,13.843,0.3728478278396522,,-1.3524626151023749,,-1.0749449522447267,-0.7658433164387471,-1.8681008542615305,,,,,-1.1480950104159988,0.5171034577377733
Europe,LEC,2025,full year (per-game derived),Movistar KOI,Myrwn,Top,83,50.043,0.6029,1.1984253439761945,35.56,745.3,120,False,12.264,1.222565473915978,1.9820121841322345,,,,,,,,-0.4491825552855195,,,1.3062215198765776
Europe,LEC,2025,full year (per-game derived),G2 Esports,BrokenBlade,Top,73,41.896,0.5739,0.9349793109729364,25.156,774.8,164,False,12.264,1.1317219039071909,1.3531478530345566,,,,,,,,0.8337988471229408,,,0.6388325328543362
Europe,LEC,2025,full year (per-game derived),Karmine Corp,Canna,Top,85,29.762,0.3501,0.5426204324324141,24.579,624.8,21,False,12.264,1.166130265438596,-0.0721404412862461,,,,,,,,0.8908946598681226,,,0.8873001348223594
Europe,LEC,2025,full year (per-game derived),Rogue,Adam,Top,29,27.984,0.965,0.4851250697747539,10.63,517.8,139,False,12.264,1.290663368524302,-0.8695083295008939,,,,,,,,1.38138340227123,,,1.1860713362291586
Europe,LEC,2025,full year (per-game derived),Team BDS,Rooster,Top,12,27.569,2.2974,0.4716962873070431,16.48,217.8,0,True,12.264,1.730713450484937,0.5723908658522391,,,,,,,,-1.109973561186015,,,1.1082506541760004
Europe,LEC,2025,full year (per-game derived),Team Vitality,Naak Nako,Top,50,15.025,0.3005,0.0660808726996857,12.009,461.8,54,False,12.264,1.062068680937467,-0.1963105241499973,,,,,,,,1.6305821474251971,,,-0.4303722002076241
Europe,LEC,2025,full year (per-game derived),Fnatic,Oscarinin,Top,80,9.503,0.1188,-0.1124658163412901,8.17,770.8,128,False,12.264,0.9472237069697496,-0.0803648885359046,,,,,,,,0.4481539724253041,,,-0.3935573885305121
Europe,LEC,2025,full year (per-game derived),GiantX,Lot,Top,55,1.507,0.0274,-0.3710036372035606,8.887,505.3,96,False,12.264,1.1211791812845442,-0.3775454678438237,,,,,,,,-1.1867346381469528,,,0.0051355882945601
Europe,LEC,2025,full year (per-game derived),SK Gaming,DnDn,Top,9,-1.034,-0.1149,-0.4531711503381089,9.314,202.8,0,True,12.264,0.995019529953596,0.6129583827980463,,,,,,,,-0.3976017544917387,,,-1.350717766470586
Europe,LEC,2025,full year (per-game derived),Team BDS,Irrelevant,Top,38,-1.507,-0.0397,-0.4684857066788208,10.938,503.8,104,False,12.264,0.9553291763970118,-0.2803898858111745,,,,,,,,-0.6383289959771886,,,-0.5451807922530915
Europe,LEC,2025,full year (per-game derived),SK Gaming,JNX,Top,28,-21.9,-0.7821,-1.1278924521894529,-1.514,334.8,59,False,12.264,1.107565793042437,-1.2389486854189096,,,,,,,,-0.2823675509746439,,,-1.4213577619175382
Europe,LEC,2025,full year (per-game derived),Team Heretics,Carlsen,Top,54,-23.076,-0.4273,-1.1659085544117942,-4.941,503.8,100,False,12.264,1.1933071475060757,-1.4053010632701315,,,,,,,,-1.1206239730507237,,,-0.9906258568736408
Europe,LEC,2025,full year (per-game derived),G2 Esports,SkewMond,Jungle,73,44.455,0.609,1.2097452807482754,31.952,600.3,101,False,5.964,1.1883545282612071,0.2615730968001986,1.582445009486365,,,,,1.555393202971939,1.4395698137345996,,,,
Europe,LEC,2025,full year (per-game derived),Team Heretics,Sheo,Jungle,54,22.849,0.4231,0.5110867725393381,18.058,653.8,145,False,5.964,0.8726108659894165,0.6079734730512534,-0.4305773760579811,,,,,1.004476407768229,0.8624745853958509,,,,
Europe,LEC,2025,full year (per-game derived),Movistar KOI,Elyoya,Jungle,83,20.721,0.2497,0.4422945465936456,13.682,806.8,159,False,5.964,0.981487974926698,-0.2498087022713116,0.9612756798565004,,,,,0.5260155724192083,0.5316956363701852,,,,
Europe,LEC,2025,full year (per-game derived),Fnatic,Razork,Jungle,80,20.243,0.253,0.4268224617272707,23.582,793.8,151,False,5.964,0.8629904738922958,1.5856458808178593,-0.7776823889127715,,,,,0.6177208765115259,0.2816054784924693,,,,
Europe,LEC,2025,full year (per-game derived),SK Gaming,ISMA,Jungle,9,17.359,1.9288,0.3335845999017444,11.517,337.3,113,False,5.964,0.8747692399515856,0.4725975426454784,-0.5969515514453955,,,,,-0.0027635436825625,1.461455952089457,,,,
Europe,LEC,2025,full year (per-game derived),SK Gaming,Skeanz,Jungle,9,16.468,1.8298,0.3047830704382042,8.463,211.8,18,False,5.964,1.036161881290364,-0.3232859047455104,1.156082652015864,,,,,-0.6481343877479953,1.0344699222304583,,,,
Europe,LEC,2025,full year (per-game derived),GiantX,ISMA,Jungle,39,14.777,0.3789,0.2500924652061841,12.282,487.3,113,False,5.964,0.8039620771549804,0.5740082189656397,-0.7920469962799875,,,,,0.946450310877275,0.2719583272618091,,,,
Europe,LEC,2025,full year (per-game derived),Karmine Corp,Yike,Jungle,85,5.964,0.0702,-0.0348779418155029,16.747,834.8,164,False,5.964,0.7708515008227925,0.9536997960433292,-1.204201470711899,,,,,0.1561079820197742,-0.0451180746132157,,,,
Europe,LEC,2025,full year (per-game derived),SK Gaming,Boukada,Jungle,19,5.175,0.2724,-0.0603860163699816,3.526,301.8,49,False,5.964,0.8503587195489647,-0.0919324581279425,0.4761886579812012,,,,,0.201936421622269,-0.8277366869554543,,,,
Europe,LEC,2025,full year (per-game derived),Team Vitality,Lyncas,Jungle,50,1.734,0.0347,-0.1716592294786044,3.198,442.3,39,False,5.964,0.8646461009274025,-0.470371712847904,0.6609069325152942,,,,,-0.3318544608816471,-0.5453176767001607,,,,
Europe,LEC,2025,full year (per-game derived),Team BDS,113,Jungle,38,0.179,0.0047,-0.221945080888913,4.471,382.3,47,False,5.964,0.6814876303109123,0.4035842015852368,-1.937838564434179,,,,,0.7294320989901399,-0.0829580596968501,,,,
Europe,LEC,2025,full year (per-game derived),GiantX,Closer,Jungle,16,-0.537,-0.0336,-0.2450815306605141,-0.45,279.8,21,False,5.964,0.8056800395716583,-0.1647217318867225,0.1010841169249608,,,,,-0.1668504353133573,-0.7498380723669376,,,,
Europe,LEC,2025,full year (per-game derived),Rogue,Malrang,Jungle,27,-12.427,-0.4603,-0.6295757716837631,-3.792,343.8,51,False,5.964,0.8036948657531856,-0.0982120628225226,0.0420917451993121,,,,,-1.724922529963716,-0.737260239148126,,,,
Europe,LEC,2025,full year (per-game derived),Team BDS,Boukada,Jungle,12,-21.137,-1.7614,-0.9112152955699624,-2.606,266.8,49,False,5.964,0.736303784090933,-0.5055023033498174,-0.4242353402808093,,,,,-2.059478376704184,-0.6556451619450387,,,,
Europe,LEC,2025,full year (per-game derived),Rogue,Trick,Jungle,2,-30.182,-15.091,-1.2036683306874203,3.81,167.8,0,True,5.964,,-2.955247333857298,1.1834588941435569,,,,,-0.8035291388868991,-2.2393557441490413,,,,
Europe,LEC,2025,full year (per-game derived),Movistar KOI,Jojopyun,Middle,83,23.478,0.2829,0.7303485936924217,17.464,572.8,0,True,1.652,1.101414383933729,0.5024693995056044,-0.8183002270500334,,,,,2.03111959771357,,,0.312208551586817,,
Europe,LEC,2025,full year (per-game derived),Fnatic,Poby,Middle,23,22.989,0.9995,0.7145367912119202,10.646,272.8,0,True,1.652,2.008568612391859,-1.750587313978636,1.8600157141548908,,,,,0.6841697295567405,,,2.084897371038364,,
Europe,LEC,2025,full year (per-game derived),Rogue,Larssen,Middle,29,12.413,0.428,0.3725490063335224,12.655,411.8,80,False,1.652,1.6757780771632511,-0.5897767273740646,1.2192843391967172,,,,,0.2625886431945007,,,0.6733295487473543,,
Europe,LEC,2025,full year (per-game derived),Fnatic,Humanoid,Middle,57,10.226,0.1794,0.301819353328757,11.707,678.8,151,False,1.652,1.2949388907504749,0.1135231361197156,-0.0292023636507335,,,,,0.1648446908472872,,,1.052473343143295,,
Europe,LEC,2025,full year (per-game derived),Team BDS,nuc,Middle,50,5.527,0.1105,0.1498880622074911,3.503,633.8,145,False,1.652,1.4443868540710965,0.4938320810266571,0.4205799898263427,,,,,-0.0032504685074135,,,-0.2064131356857358,,
Europe,LEC,2025,full year (per-game derived),Team Vitality,Czajek,Middle,50,2.143,0.0429,0.0404567009459385,2.653,483.8,98,False,1.652,1.538579460825629,-0.0892373136288485,0.8417505238518965,,,,,-0.3975545529188053,,,0.1077407276312571,,
Europe,LEC,2025,full year (per-game derived),SK Gaming,RKR,Middle,28,1.162,0.0415,0.0087447202629781,3.933,373.3,97,False,1.652,1.2822577974367275,1.9715600669246764,-0.1934690136742624,,,,,-0.652933936082351,,,-0.6350048640615162,,
Europe,LEC,2025,full year (per-game derived),G2 Esports,Caps,Middle,73,0.874,0.012,-0.0005738482488763,4.119,774.8,164,False,1.652,1.1776380074869897,-1.1852412531879295,-0.2414581538848739,,,,,1.1211111743436653,,,-0.468048484147109,,
Europe,LEC,2025,full year (per-game derived),Karmine Corp,Vladi,Middle,85,-0.874,-0.0103,-0.057087988043204,0.039,639.3,50,False,1.652,1.3779954538294703,0.0738426419402958,0.4026875085465703,,,,,-0.1885477127537124,,,-0.4261367149628261,,
Europe,LEC,2025,full year (per-game derived),GiantX,Jackies,Middle,55,-7.274,-0.1323,-0.264052812369729,-2.346,528.8,48,False,1.652,1.146408330809889,0.333897711123534,-0.7849590085551726,,,,,-0.5207469330002311,,,0.0923860954213699,,
Europe,LEC,2025,full year (per-game derived),Team Heretics,Kamiloo,Middle,54,-26.931,-0.4987,-0.8996501523571498,-16.386,427.8,0,False,1.652,1.0539390016538674,0.9721778301069812,-1.1957020973627448,,,,,-1.9698918484999823,,,-0.6689722948043395,,
Europe,LEC,2025,full year (per-game derived),SK Gaming,Abbedagge,Middle,9,-33.033,-3.6703,-1.096978426964061,-2.649,264.8,62,False,1.652,0.8852308581174263,-0.8464602585779836,-1.4812272113986058,,,,,-0.5309083838932683,,,-1.918460143906883,,
Europe,LEC,2025,full year (per-game derived),Fnatic,Upset,ADC,80,39.161,0.4895,0.9891608909406822,28.527,664.8,68,False,10.332,2.290910069490929,-0.984980343890538,2.1933514654482607,1.2479474046216787,,,,1.7440242545104343,,,-0.198117530448616,,
Europe,LEC,2025,full year (per-game derived),Team BDS,Ice,ADC,50,22.525,0.4505,0.4512328515037427,20.443,569.8,81,False,10.332,1.8874539874216376,-1.2159688052514832,0.7812851484465774,0.1742955568428159,,,,0.3029314555178953,,,2.398997646945217,,
Europe,LEC,2025,full year (per-game derived),SK Gaming,Rahel,ADC,9,22.446,2.494,0.4486502783610576,12.3,240.8,19,False,10.332,1.7715272682795618,0.1496328912800048,-0.0298297591746375,1.6211244345979017,,,,0.5092730164087081,,,-0.0827276138662517,,
Europe,LEC,2025,full year (per-game derived),Team Vitality,Carzzy,ADC,50,14.207,0.2841,0.1822666571908589,10.307,583.8,130,False,10.332,1.586189162973071,1.2568641581922688,-0.7877390487260046,-0.6110352015509753,,,,0.9200711403848788,,,-0.7890833663383975,,
Europe,LEC,2025,full year (per-game derived),Karmine Corp,Caliste,ADC,85,12.894,0.1517,0.1398083368417843,14.402,649.3,79,False,10.332,1.7868369497434478,-0.485303272008021,0.3788638072761454,0.1671994411084726,,,,-0.0750563153742863,,,0.9819188384766988,,
Europe,LEC,2025,full year (per-game derived),G2 Esports,Hans Sama,ADC,73,10.332,0.1415,0.056971658055465,14.321,774.8,164,False,10.332,1.7243940200690495,0.6859964718172005,0.1276956370011802,-0.9155397601379478,,,,0.5065325023347006,,,-0.6817776160868525,,
Europe,LEC,2025,full year (per-game derived),Movistar KOI,Supa,ADC,83,8.745,0.1054,0.0056254044359516,11.117,753.3,136,False,10.332,1.5753998591825222,-1.1622912293498442,-0.2066542334326865,0.8613197638354463,,,,0.2175959091530976,,,0.0531936810773127,,
Europe,LEC,2025,full year (per-game derived),GiantX,Noah,ADC,55,3.968,0.0721,-0.1488379183112274,10.752,644.8,127,False,10.332,1.6255011712664449,0.2691344992304993,-0.6296214357419915,0.4759370165221691,,,,-0.5405701767460458,,,0.1705958282227546,,
Europe,LEC,2025,full year (per-game derived),Team Heretics,Flakked,ADC,54,-1.323,-0.0245,-0.3198981106224376,4.082,537.8,65,False,10.332,1.6362016572409328,0.3046099261816407,-0.2933103142816513,-0.4346588307239593,,,,-0.4902530452139818,,,-0.4729346208348066,,
Europe,LEC,2025,full year (per-game derived),SK Gaming,Keduii,ADC,28,-19.098,-0.6821,-0.8946635380068674,-0.376,378.8,108,False,10.332,1.6962433503555745,-0.6392862508384061,0.2566333396438969,-1.1481542246270968,,,,-1.8027007774836687,,,-0.0047632273830599,,
Europe,LEC,2025,full year (per-game derived),Rogue,Patrik,ADC,29,-19.582,-0.6752,-0.910316510389015,-2.064,450.8,100,False,10.332,1.4272836815612615,1.8215919546366612,-1.7906746064591006,-1.4384356004884906,,,,-1.291847963491732,,,-1.375302019764017,,
Europe,LEC,2025,full year (per-game derived),Team Vitality,Fleshy,Support,15,25.888,1.7259,0.7773201158200731,14.66,286.8,54,False,4.625,0.4970823460335961,,1.0732341838556243,,1.4316668791825038,-0.1423963946023052,-0.6635421867458344,,,,,1.8966807908167929,1.0100859610949404
Europe,LEC,2025,full year (per-game derived),Movistar KOI,Alvaro,Support,83,19.296,0.2325,0.5641704418218096,19.058,753.3,136,False,4.625,0.4072565031113685,,0.137471558028608,,0.7234878677559222,0.1404025652632001,0.8862756363102118,,,,,1.10384858368615,0.4276632402737739
Europe,LEC,2025,full year (per-game derived),Fnatic,Mikyx,Support,80,15.487,0.1936,0.4409922439515204,13.811,809.8,164,False,4.625,0.393434360604657,,-0.5503307825388551,,1.060460967923632,0.587970159034025,0.9406958870248776,,,,,-0.288411515326497,0.804653446863856
Europe,LEC,2025,full year (per-game derived),Team BDS,Parus,Support,50,12.565,0.2513,0.3465157792681719,8.351,461.8,54,False,4.625,0.3661220350875471,,-0.2009479229298194,,0.0711800237808672,0.2223894343466768,1.1120697350554931,,,,,0.3591139016220109,0.4815347588406764
Europe,LEC,2025,full year (per-game derived),Karmine Corp,Targamas,Support,85,7.534,0.0886,0.1838429764995123,7.171,669.8,48,False,4.625,0.3545010576308806,,-0.1426940193292892,,1.562505081539291,-0.0500539940618128,0.2136248499702168,,,,,-0.0484112141500327,-0.3087616806771367
Europe,LEC,2025,full year (per-game derived),GiantX,Jun,Support,55,6.682,0.1215,0.1562799388051197,10.601,602.8,85,False,4.625,0.5008219871203717,,1.1866402877186664,,-0.825689783667393,-0.2754020124598831,0.8112774918414642,,,,,0.4132195173344324,-0.2666367065882309
Europe,LEC,2025,full year (per-game derived),Team Heretics,Stend,Support,54,4.625,0.0856,0.0897890899420735,6.452,496.8,84,False,4.625,0.4203299782430401,,0.5345162828799382,,0.4874130636311189,-0.13542935978857,0.1105944640524988,,,,,0.1428026815608243,-0.4629722561582803
Europe,LEC,2025,full year (per-game derived),SK Gaming,Loopy,Support,37,4.507,0.1218,0.0859511476774145,4.561,342.8,0,True,4.625,0.4251938364097691,,0.2625239830256824,,-0.1384409688555186,1.403544635043742,-0.1275949315911333,,,,,-1.0455301159730417,0.1461536570672878
Europe,LEC,2025,full year (per-game derived),G2 Esports,Labrov,Support,73,2.015,0.0276,0.0053760686133003,6.894,748.8,145,False,4.625,0.3736929007222664,,-0.4565779733994527,,-0.8691023808484262,0.4215206681933358,0.3634085843403903,,,,,-0.4254487299282622,0.7998402083804339
Europe,LEC,2025,full year (per-game derived),Rogue,Execute,Support,27,-6.045,-0.2239,-0.2552256605091854,3.31,334.8,42,False,4.625,0.3232313402172073,,-0.7622791231621916,,-0.2898187136813838,0.4669773778502218,0.4992312368377951,,,,,-1.902149568719428,0.3143027301540617
Europe,LEC,2025,full year (per-game derived),Rogue,Malrang,Support,2,-11.163,-5.5815,-0.4207265901325444,3.684,167.8,0,False,4.625,,,1.7708526237330198,,-0.4436862872633462,0.5047354322384162,-0.4251835294729709,,,,,-0.3590204985969782,-2.9417911431732344
Europe,LEC,2025,full year (per-game derived),Team Vitality,Nisqy,Support,21,-21.924,-1.044,-0.7686820091462578,-5.981,262.8,0,False,4.625,0.3526738004810276,,-0.830657778210044,,-1.2353986643443278,-0.1748948622833088,-1.3936132827675334,,,,,-0.8575657686239642,-0.2497057607479466
Europe,LEC,2025,full year (per-game derived),Team Vitality,Hylissang,Support,14,-35.436,-2.5311,-1.2056035426110032,-11.469,403.8,130,False,4.625,0.25828775843855,,-2.021751319671888,,-1.5345770851529388,-2.969363648773743,-2.3272439548554664,,,,,1.0108719362980174,0.2456335446697987
Europe,LEC,2026,full year (per-game derived),GiantX,Oscarinin,Top,3,70.137,23.379,1.4597807982391553,11.845,417.8,165,False,14.202,,2.7517968255561813,,,,,,,,0.5103848103300204,,,0.8342204067566501
Europe,LEC,2026,full year (per-game derived),Fnatic,Soboro,Top,3,64.77,21.59,1.3030154310708784,18.591,172.8,0,True,14.202,,0.5468090061511103,,,,,,,,1.5398194906619904,,,1.814091569827456
Europe,LEC,2026,full year (per-game derived),Team Vitality,Naak Nako,Top,55,40.245,0.7317,0.586633694599291,26.326,559.8,104,False,14.202,1.1696133831631734,-0.6365728621479816,,,,,,,,1.3766716692486825,,,1.2283308889155178
Europe,LEC,2026,full year (per-game derived),Shifters,Rooster,Top,36,29.668,0.8241,0.2776745822470318,22.782,361.8,12,False,14.202,1.2070931448079332,-0.8561628680510569,,,,,,,,0.7582224633008583,,,0.9869289138300924
Europe,LEC,2026,full year (per-game derived),G2 Esports,BrokenBlade,Top,66,18.592,0.2817,-0.0458600325858505,20.683,721.8,161,False,14.202,1.0614691482263776,-0.046376933044923,,,,,,,,0.5209351330838236,,,-0.3030712802419159
Europe,LEC,2026,full year (per-game derived),Karmine Corp,Canna,Top,82,16.257,0.1983,-0.1140765793351464,18.915,758.8,106,False,14.202,1.0253140176589284,-0.3882976486155505,,,,,,,,0.1221168862991758,,,0.0029254475150375
Europe,LEC,2026,full year (per-game derived),SK Gaming,Wunder,Top,35,12.147,0.3471,-0.2341162762519875,11.463,377.8,45,False,14.202,1.078220784202217,0.3385235546279769,,,,,,,,-0.6117592526347504,,,-0.5309838758888845
Europe,LEC,2026,full year (per-game derived),Team Heretics,Tracyn,Top,38,11.57,0.3045,-0.2509638802810309,19.505,443.3,119,False,14.202,1.2651152889022346,-0.2540756794338868,,,,,,,,-0.5774666097293525,,,-0.1000075312249116
Europe,LEC,2026,full year (per-game derived),Natus Vincere,Maynter,Top,47,7.328,0.1559,-0.3748849252961155,12.836,498.8,133,False,14.202,1.0427319686659895,0.4732905110883687,,,,,,,,-0.6433990405079374,,,-0.9467947754235018
Europe,LEC,2026,full year (per-game derived),GiantX,Lot,Top,48,-2.443,-0.0509,-0.6602940237112043,4.742,532.3,104,False,14.202,0.9698719592931077,-0.9952720636622576,,,,,,,,-0.2455782782018996,,,-0.5747282389827538
Europe,LEC,2026,full year (per-game derived),Movistar KOI,Myrwn,Top,69,-8.797,-0.1275,-0.8459026721537316,12.123,743.8,158,False,14.202,0.972727779942948,-0.5295331453107496,,,,,,,,-0.8053430264824886,,,-1.123186669421282
Europe,LEC,2026,full year (per-game derived),Fnatic,Empyros,Top,36,-17.53,-0.4869,-1.101006116541286,-1.098,407.8,70,False,14.202,1.0012299302478775,-0.4041286971572201,,,,,,,,-1.9446042453681245,,,-1.287724855661504
Europe,LEC,2026,full year (per-game derived),G2 Esports,SkewMond,Jungle,66,42.09,0.6377,0.8754748773472705,36.009,660.8,127,False,16.349,1.0339884269299366,0.3807919525498999,0.74542082190946,,,,,1.3772629511253265,0.9984237838043956,,,,
Europe,LEC,2026,full year (per-game derived),Natus Vincere,Rhilech,Jungle,47,29.811,0.6343,0.5168007030434246,24.538,450.8,70,False,16.349,0.9018580305548156,-0.0672186829720209,-0.1113049247456749,,,,,1.2327899690514397,1.0129364508399548,,,,
Europe,LEC,2026,full year (per-game derived),GiantX,ISMA,Jungle,51,28.794,0.5646,0.4870873249573907,23.012,469.8,48,False,16.349,1.039918988335197,1.0055258917469605,0.7524875240442809,,,,,-0.1048248909747398,0.2951607750130616,,,,
Europe,LEC,2026,full year (per-game derived),Movistar KOI,Elyoya,Jungle,69,28.232,0.4092,0.4706743382123961,21.188,743.8,158,False,16.349,1.0371061188276551,-0.0535895396812644,1.1774010848632042,,,,,0.4112179399130455,0.3476678677545993,,,,
Europe,LEC,2026,full year (per-game derived),Team Heretics,Daglas,Jungle,10,18.336,1.8336,0.1816220667648747,18.41,315.8,108,False,16.349,0.899772300627318,-0.1055291528783061,0.3432647543415123,,,,,0.6776252716747494,-0.1888726060784569,,,,
Europe,LEC,2026,full year (per-game derived),Karmine Corp,Yike,Jungle,82,17.454,0.2129,0.1558635274861356,17.219,825.8,173,False,16.349,0.7956226717710524,-0.1611569050484283,-1.016515856905806,,,,,1.1206518214561063,0.6804750504426701,,,,
Europe,LEC,2026,full year (per-game derived),Shifters,Sheo,Jungle,10,15.245,1.5245,0.0913112700234837,18.749,396.8,135,False,16.349,0.9658909105902068,0.1430378893031741,0.2419311343295136,,,,,-1.290173254223584,1.2704493106848311,,,,
Europe,LEC,2026,full year (per-game derived),Fnatic,Razork,Jungle,39,3.694,0.0947,-0.2460903804534439,16.845,597.8,165,False,16.349,0.7796715519395021,2.047116817239464,-2.243726226938911,,,,,-0.9318412727568436,0.1440891606425148,,,,
Europe,LEC,2026,full year (per-game derived),Team Heretics,Sheo,Jungle,28,0.261,0.0093,-0.3463542560738805,13.792,486.8,135,False,16.349,0.7495844844197415,-0.1609659472551022,-1.138307313159484,,,,,0.2093343948114124,-0.2954781586923483,,,,
Europe,LEC,2026,full year (per-game derived),SK Gaming,Skeanz,Jungle,35,-0.784,-0.0224,-0.3768939500398433,7.809,350.8,9,False,16.349,0.93656436224327,0.2820576248811822,0.7684008977194542,,,,,-1.556971971040014,-1.0010623517199957,,,,
Europe,LEC,2026,full year (per-game derived),Team Vitality,Lyncas,Jungle,55,-14.577,-0.265,-0.7797959933543429,-2.428,542.8,60,False,16.349,0.7898643253305724,-1.7025842040422574,0.5822605140762235,,,,,-0.6986289933231823,-1.300231290128156,,,,
Europe,LEC,2026,full year (per-game derived),Shifters,Boukada,Jungle,26,-23.132,-0.8897,-1.0296995279134682,-1.431,337.8,31,False,16.349,0.7044355507321942,-1.607485743843309,-0.1013124095337653,,,,,-0.4464419657137157,-1.9635579925630824,,,,
Europe,LEC,2026,full year (per-game derived),Movistar KOI,Jojopyun,Middle,69,32.964,0.4777,0.8510576879380725,23.145,668.8,83,False,1.333,1.1638234657347062,0.78857343577916,-0.5715255120569276,,,,,1.8317254316417453,,,0.6816566477651087,,
Europe,LEC,2026,full year (per-game derived),G2 Esports,Caps,Middle,66,15.429,0.2338,0.3388419120659593,9.808,721.8,161,False,1.333,1.2427451981618312,0.0550166236393274,0.150546394911122,,,,,1.145035647307301,,,-0.5496135370884708,,
Europe,LEC,2026,full year (per-game derived),Natus Vincere,Poby,Middle,47,14.098,0.3,0.2999805985415424,10.439,438.8,23,False,1.333,1.2340298006907555,-0.9103360865577912,0.7950929375827362,,,,,0.5096008327245048,,,0.6611633996406076,,
Europe,LEC,2026,full year (per-game derived),Karmine Corp,kyeahoo,Middle,82,11.803,0.1439,0.2329439931926967,8.893,567.8,0,True,1.333,1.2551562375635168,0.2332753601132556,0.4433285773195105,,,,,0.7361790427103816,,,-0.8272124467659709,,
Europe,LEC,2026,full year (per-game derived),GiantX,Jackies,Middle,51,8.113,0.1591,0.1251568237405286,3.028,570.8,103,False,1.333,1.405417837029137,0.5190013228837337,0.5444264863504746,,,,,-0.9563502189844776,,,1.1371744407719124,,
Europe,LEC,2026,full year (per-game derived),Shifters,nuc,Middle,36,1.676,0.0466,-0.0628761509774324,2.102,518.8,131,False,1.333,1.1984064911852732,-0.3493462515214001,0.3004513546399935,,,,,-0.3755732709877247,,,0.3878549599038369,,
Europe,LEC,2026,full year (per-game derived),Team Vitality,Humanoid,Middle,46,0.989,0.0215,-0.0829544882337316,5.797,586.8,142,False,1.333,1.123067739127556,0.3021524907116462,-0.6382812095657087,,,,,-0.5423746228579995,,,0.8629182365104376,,
Europe,LEC,2026,full year (per-game derived),SK Gaming,LIDER,Middle,30,-0.33,-0.011,-0.1214684518385946,0.522,307.8,0,False,1.333,1.0982761330390574,-1.1546908494847876,-0.3124790290758146,,,,,-0.1005726799267234,,,1.067586947655461,,
Europe,LEC,2026,full year (per-game derived),Fnatic,Vladi,Middle,39,-4.195,-0.1076,-0.2343631655697436,-1.337,543.8,106,False,1.333,1.1564912779676235,0.0599892060411768,0.0030550687595111,,,,,-0.6215817616945548,,,-0.1127115831297077,,
Europe,LEC,2026,full year (per-game derived),Team Vitality,FIESTA,Middle,9,-9.919,-1.1021,-0.4015674791063333,-1.164,202.8,0,True,1.333,0.8897668157205194,1.5873967192479914,-2.6478801179903098,,,,,0.7856361236711368,,,-2.1468850757824987,,
Europe,LEC,2026,full year (per-game derived),Team Heretics,Serin,Middle,38,-10.581,-0.2784,-0.4209113654301298,2.571,443.8,123,False,1.333,1.386043015896963,0.936639125170197,0.8081573281358765,,,,,-1.5666121786202594,,,-1.0744345070315775,,
Europe,LEC,2026,full year (per-game derived),SK Gaming,SlowQ,Middle,5,-14.105,-2.821,-0.5238399143228293,6.851,261.8,79,False,1.333,1.2214815136949453,-2.067671096022493,1.1251077209895362,,,,,-0.8451123449833292,,,-0.0874974824491334,,
Europe,LEC,2026,full year (per-game derived),Fnatic,Upset,ADC,39,30.525,0.7827,0.8289730258207556,23.951,551.8,119,False,2.367,2.1812975097904768,-0.6209892693813083,1.80816349235514,1.937928893283411,,,,0.3713977599268437,,,1.2203333352870815,,
Europe,LEC,2026,full year (per-game derived),G2 Esports,Hans Sama,ADC,66,24.173,0.3663,0.6434391044554918,16.323,721.8,161,False,2.367,1.6895115559853386,-0.3651454032655766,0.7534383837410595,-0.5256329581550465,,,,1.80192127021152,,,0.1045115225504673,,
Europe,LEC,2026,full year (per-game derived),SK Gaming,Jopa,ADC,35,19.504,0.5573,0.5070393824452429,12.124,429.8,124,False,2.367,1.9210942198552925,1.0033598920913531,1.0889168625176957,0.8960435862321733,,,,0.3467098320945069,,,-0.5994213227710941,,
Europe,LEC,2026,full year (per-game derived),Karmine Corp,Caliste,ADC,82,15.212,0.1855,0.3816762016210821,12.714,764.8,139,False,2.367,1.7912389391631376,-0.3377327512057933,0.9130426097156262,0.0878948805514788,,,,0.3069529540495472,,,1.0316273744589703,,
Europe,LEC,2026,full year (per-game derived),Movistar KOI,Supa,ADC,69,5.986,0.0868,0.1121688149341536,6.739,743.8,158,False,2.367,1.6388754496446722,-0.400366773677448,0.212044498391378,0.8969932036203553,,,,0.0659346756128319,,,-0.1559688551246972,,
Europe,LEC,2026,full year (per-game derived),Natus Vincere,SamD,ADC,47,4.483,0.0954,0.0682852460056079,9.679,454.8,85,False,2.367,1.4814549512357922,-0.5426221927882746,-0.4544340244109522,-0.5642197330599258,,,,0.6613923455924382,,,0.4999259602112164,,
Europe,LEC,2026,full year (per-game derived),Shifters,Paduck,ADC,36,0.252,0.007,-0.0553094499513551,1.24,337.8,0,True,2.367,1.527521829134849,1.4578295439962112,-0.709612912298052,0.4040594188220031,,,,-0.4503211315747436,,,-0.4847375666729587,,
Europe,LEC,2026,full year (per-game derived),Team Vitality,Carzzy,ADC,55,-0.084,-0.0015,-0.0651310778283308,2.267,578.8,96,False,2.367,1.487935346535182,0.8463283510130207,-0.6333057755719876,0.0528536984143614,,,,-0.0400203206928723,,,-0.5828997887234997,,
Europe,LEC,2026,full year (per-game derived),Team Heretics,Ice,ADC,34,-5.332,-0.1568,-0.2184196944459766,7.691,508.8,131,False,2.367,1.262023358335045,-2.1795587989678755,-1.028693131172816,0.3171439903588182,,,,0.2229866759066993,,,1.024264828704446,,
Europe,LEC,2026,full year (per-game derived),Team Heretics,Hype,ADC,4,-9.747,-2.4368,-0.3473924148788178,1.005,177.8,0,True,2.367,,1.0478509581945985,0.2548292672117014,-1.450210775278879,,,,-1.361400236818095,,,1.039478489720682,,
Europe,LEC,2026,full year (per-game derived),GiantX,Noah,ADC,48,-13.839,-0.2883,-0.4669082696521275,-0.913,592.8,140,False,2.367,1.232948407210872,-0.2795634638402831,-1.5683358489417858,-0.498351851545444,,,,0.2614626936310571,,,-1.1602165816681624,,
Europe,LEC,2026,full year (per-game derived),GiantX,Flakked,ADC,3,-45.386,-15.1287,-1.3884208685257171,-0.36,325.8,99,False,2.367,,0.3706099078314232,-0.6360534215370106,-1.554502353243285,,,,-2.187016517939733,,,-1.9368973959724616,,
Europe,LEC,2026,full year (per-game derived),Team Vitality,Fleshy,Support,55,35.329,0.6423,0.7101785425854388,28.16,480.3,50,False,15.148,0.4382263391374499,,1.6338586384100116,,1.55151099168797,0.4348288722169962,1.010591573753496,,,,,-2.2444895759222847,1.641852312810242
Europe,LEC,2026,full year (per-game derived),SK Gaming,Mikyx,Support,35,25.113,0.7175,0.4117581068977362,17.91,580.8,168,False,15.148,0.3534194745210322,,-0.5140127102804891,,2.2616722751234786,0.3048672178276058,0.6269027872684716,,,,,-0.1685239578268443,0.0500660447989029
Europe,LEC,2026,full year (per-game derived),GiantX,Jun,Support,51,22.387,0.439,0.3321167929813497,17.679,607.8,140,False,15.148,0.4039651644865158,,0.9822846910318704,,-0.4778635183390148,0.3439923377822685,0.9968511079717588,,,,,-0.1530819476419888,0.3068378282628332
Europe,LEC,2026,full year (per-game derived),Natus Vincere,Parus,Support,47,18.467,0.3929,0.2176243756431985,15.351,519.8,104,False,15.148,0.3958631138964197,,-0.0921926611279065,,-0.5493048742935763,0.1022752088831242,1.221697675301631,,,,,2.0986029309428136,-1.1367407455488765
Europe,LEC,2026,full year (per-game derived),Shifters,Stend,Support,5,17.272,3.4544,0.182730953354491,11.656,317.8,108,False,15.148,0.35620536005484,,-1.1200506879127914,,-0.9586382743463236,1.7849625598899928,-0.6001078575243948,,,,,0.0369448247283004,1.599166314904628
Europe,LEC,2026,full year (per-game derived),Movistar KOI,Alvaro,Support,69,16.959,0.2458,0.1735806543358561,18.675,743.8,158,False,15.148,0.3866867597012585,,0.1447098995908228,,0.1941857855464633,0.4168786577998751,0.3721569990710148,,,,,-0.1534425799819683,0.0883122620583145
Europe,LEC,2026,full year (per-game derived),Fnatic,Lospa,Support,39,13.338,0.342,0.0678132288840715,16.402,418.8,66,False,15.148,0.3741534562819658,,0.940224427707425,,-0.8878363320740346,0.9592219554126344,0.895722310338303,,,,,0.084955778433882,-1.25476436743421
Europe,LEC,2026,full year (per-game derived),Karmine Corp,Busio,Support,82,4.747,0.0579,-0.1831465494573467,7.638,567.8,0,True,15.148,0.3954645679877642,,0.8133429418774277,,-0.167667211708173,-1.0615328313980232,0.0556781668427555,,,,,-0.1152635376622005,-0.5353787696481628
Europe,LEC,2026,full year (per-game derived),Team Heretics,Way,Support,24,0.622,0.0259,-0.3036461891642031,8.874,277.8,0,True,15.148,0.3802914326803028,,0.3400663266180424,,-0.2522388727525855,-0.2415569774053539,-0.95331933635314,,,,,0.7731660906584679,-1.2511247304333604
Europe,LEC,2026,full year (per-game derived),Shifters,Trymbi,Support,31,-0.622,-0.0201,-0.3399666141360187,5.313,343.8,31,False,15.148,0.3583027010333123,,-0.3032376095490684,,0.5486025916524176,-2.1765274462126887,-1.7832516944704364,,,,,0.7017317202899586,0.7103128799517606
Europe,LEC,2026,full year (per-game derived),G2 Esports,Labrov,Support,66,-8.331,-0.1262,-0.5651685270555894,2.278,714.8,154,False,15.148,0.3519597731329299,,-1.6048756351834217,,-0.7120105860122068,-0.3611449681731898,-0.8566271613324893,,,,,-0.4169584056773964,0.3354507698250161
Europe,LEC,2026,full year (per-game derived),Team Heretics,Stend,Support,14,-13.08,-0.9343,-0.703874774868974,6.497,362.8,108,False,15.148,0.3293224808260419,,-1.2201176211819362,,-0.5504119744844083,-0.5062645866232375,-0.9862945708669756,,,,,-0.44364134034067,-0.5539897995470877
Europe,PRM,2023,full year (per-game derived),SK Gaming Prime,JNX,Top,54,55.462,1.0271,1.2890909262792185,38.411,427.8,0,False,9.243,1.5723021937522506,0.4424060006380777,,,,,,,,1.6359634249137818,,,1.8241638206062591
Europe,LFL,2023,full year (per-game derived),Solary,Melonik,Top,42,54.273,1.2922,1.6113418915135038,35.322,367.8,0,False,10.107,1.3249586258015862,1.9573863164221847,,,,,,,,1.631495049271697,,,1.319054108516313
Europe,LES,2023,full year (per-game derived),Fnatic TQ,Oscarinin,Top,16,46.994,2.9371,1.1674289908378466,17.991,237.8,0,False,3.291,1.1425777901358125,0.673504975351696,,,,,,,,2.002947067756527,,,1.191767695818024
Europe,PRM,2023,full year (per-game derived),Berlin International Gaming,Vizicsacsi,Top,54,45.608,0.8446,0.9816194692559268,32.192,427.8,0,False,9.243,1.1559951676860132,1.888444430733174,,,,,,,,0.147493175229808,,,0.618820088968233
Europe,LES,2023,full year (per-game derived),BISONS ECLUB,Myrwn,Top,45,35.276,0.7839,0.8611383671833318,22.089,382.8,0,False,3.291,1.2893870997313477,1.835491077617638,,,,,,,,0.7231892960003279,,,0.1266448182748101
Europe,LFL,2023,full year (per-game derived),Team GO,Ragner,Top,63,32.184,0.5109,0.763362864204374,24.814,472.8,0,False,10.107,1.2162837354643894,-0.1719931188734477,,,,,,,,1.7329730170053848,,,1.0879222354494051
Europe,LFL,2023,full year (per-game derived),Aegis,Lot,Top,47,31.247,0.6648,0.7273744541900132,22.753,392.8,0,False,10.107,1.2161845383037124,0.7947801318400372,,,,,,,,0.0118667263330126,,,0.9974551396840848
Europe,PRM,2023,full year (per-game derived),FC Schalke 04 Esports,Sacre,Top,44,27.409,0.6229,0.413770812804629,19.82,377.8,0,False,9.243,1.242693533899504,0.9518623036505558,,,,,,,,-0.2754153737841553,,,0.2867805869255909
Europe,PRM,2023,full year (per-game derived),Eintracht Spandau,Pride,Top,46,27.233,0.592,0.4082929385060436,19.912,387.8,0,False,9.243,1.031388417424687,-0.4138293146577918,,,,,,,,1.1383626696725262,,,0.7490885405644169
Europe,LES,2023,full year (per-game derived),Movistar KOI,Marky,Top,61,26.782,0.439,0.6390916890124373,18.771,462.8,0,False,3.291,1.1561470651951506,0.7821337898126709,,,,,,,,0.466796233642061,,,0.6003733589805988
Europe,LES,2023,full year (per-game derived),Los Heretics,iBo,Top,48,23.693,0.4936,0.5583345103573494,15.599,397.8,0,False,3.291,1.0199526458773078,1.1334986800367717,,,,,,,,0.0490040051453196,,,0.3192595102614721
Europe,LES,2023,full year (per-game derived),Giants,Scarface,Top,18,22.108,1.2282,0.5169241010075857,10.124,247.8,0,False,3.291,0.9759363547199652,0.6075992065707826,,,,,,,,-0.4443118207742797,,,0.8796607972658178
Europe,LFL,2023,full year (per-game derived),LDLC OL,Kryze,Top,43,13.62,0.3167,0.0506580594607428,12.133,372.8,0,False,10.107,1.3185140785991087,0.1482527398303403,,,,,,,,0.7754191446848615,,,-0.3586289904889818
Europe,LFL,2023,full year (per-game derived),BK ROG Esports,Howling,Top,47,12.542,0.2669,0.0092855189343394,11.564,392.8,0,False,10.107,1.1621653124866895,-0.3669775197004469,,,,,,,,-0.9678982509327574,,,0.761311536847845
Europe,LES,2023,full year (per-game derived),Finetwork KOI,Sinmivak,Top,48,11.032,0.2298,0.2273946403189649,7.961,397.8,0,False,3.291,1.187608345696224,0.2945217420676749,,,,,,,,0.4886668484287146,,,0.0537123715655886
Europe,LES,2023,full year (per-game derived),Fnatic TQ,Doxy,Top,18,10.234,0.5686,0.206517734544086,5.812,247.8,0,False,3.291,1.3178859308651791,0.0685154958473187,,,,,,,,0.0569820083659765,,,0.3873994417405819
Europe,LFL,2023,full year (per-game derived),Karmine Corp,Cabochard,Top,43,10.107,0.235,-0.0842033272121769,10.107,372.8,0,False,10.107,0.9414989378336776,-0.8565069879271257,,,,,,,,-0.6121702483623568,,,0.7876664502592267
Europe,PRM,2023,full year (per-game derived),MOUZ NXT,Carlsen,Top,48,9.368,0.1952,-0.1491299516759426,9.318,397.8,0,False,9.243,1.3012599200693316,-0.0566330514888639,,,,,,,,-0.9656236647670164,,,0.146324272303299
Europe,PRM,2023,full year (per-game derived),Unicorns of Love Sexy Edition,Venour,Top,59,9.118,0.1545,-0.1569235249800588,9.162,452.8,0,False,9.243,1.1569272035481124,0.1232264024703076,,,,,,,,0.926401465168018,,,-0.8785575520522116
Europe,PRM,2023,full year (per-game derived),NNO Prime,Flamer,Top,39,7.824,0.2006,-0.1973080596021632,8.459,352.8,0,False,9.243,1.5535646037915585,-1.1666619609244249,,,,,,,,0.2454829898505522,,,0.39453101900118
Europe,LES,2023,full year (per-game derived),Rebels Gaming,R4VEN,Top,44,3.291,0.0748,0.02502367871792,3.291,377.8,0,False,3.291,1.2615549519678313,-0.4890174041282893,,,,,,,,-0.5323290702570526,,,0.6989449051261699
Europe,LFL,2023,full year (per-game derived),GameWard,Badlulu,Top,43,2.734,0.0636,-0.3672377660066416,5.855,372.8,0,False,10.107,1.1635194183756012,-0.0929125704604592,,,,,,,,-0.5711468782101956,,,-0.4989996931791755
Europe,LES,2023,full year (per-game derived),Giants,Th3Antonio,Top,27,2.321,0.086,-0.0003357037689845,2.844,292.8,0,False,3.291,0.9560346999720476,0.5531738337797562,,,,,,,,-0.5583340167701936,,,-0.1995715467628591
Europe,LES,2023,full year (per-game derived),Fnatic TQ,Sven,Top,8,2.082,0.2602,-0.0065737772130627,3.047,197.8,0,False,3.291,1.1060696873331652,0.2237644228741552,,,,,,,,0.1369425925477587,,,-0.2602670180847962
Europe,LFL,2023,full year (per-game derived),IziDream,Kio,Top,39,1.783,0.0457,-0.4037446722851684,5.507,352.8,0,False,10.107,1.3085774799446557,1.2455220850847482,,,,,,,,-1.2205837819591725,,,-1.3818542420996438
Europe,LES,2023,full year (per-game derived),Barça eSports,WhiteKnight,Top,44,0.0,0.0,-0.0609947304519043,1.375,377.8,0,False,3.291,1.3063763966757855,-1.1121529573414153,,,,,,,,1.5582206254448934,,,0.0630368388682419
Europe,LFL,2023,full year (per-game derived),Vitality.Bee,PatkicaA,Top,26,-1.783,-0.0686,-0.5406585953097027,4.737,287.8,0,False,10.107,1.2785206053614813,-0.7358002858373585,,,,,,,,0.2264294638953401,,,-0.7296736026984583
Europe,PRM,2023,full year (per-game derived),GamerLegion,Tracyn,Top,38,-2.608,-0.0686,-0.522808392800375,2.77,347.8,0,False,9.243,1.1363104967064848,-0.4761542008535787,,,,,,,,-0.4753285762836922,,,-0.5825617391735188
Europe,LFL,2023,full year (per-game derived),Team BDS Academy,Agresivoo,Top,43,-3.612,-0.084,-0.6108513500872124,2.196,372.8,0,False,10.107,1.061980128339399,-0.3824279035389438,,,,,,,,-0.658634830355582,,,-0.7760234971410822
Europe,PRM,2023,full year (per-game derived),E WIE EINFACH E-SPORTS,Ventair,Top,36,-11.924,-0.3312,-0.813470458355834,-2.035,337.8,0,False,9.243,1.4131820044576804,0.2807773716061913,,,,,,,,-1.30578948657512,,,-1.4849827609523607
Europe,LES,2023,full year (per-game derived),UCAM Esports,Doxy,Top,18,-17.116,-0.9509,-0.5084191356725172,-4.12,247.8,0,False,3.291,1.1205231185596605,-0.5494726532156005,,,,,,,,-2.1584547363232742,,,0.2751862880676222
Europe,LFL,2023,full year (per-game derived),Vitality.Bee,Scarface,Top,18,-17.794,-0.9886,-1.1553270774020803,-0.025,247.8,0,False,10.107,1.1575976754518766,-1.5393228868395532,,,,,,,,-0.3477494113702337,,,-1.2082294451495326
Europe,LES,2023,full year (per-game derived),UCAM Esports,Papiteero,Top,18,-22.854,-1.2697,-0.6584105559659678,-6.203,247.8,0,False,3.291,0.915566879512032,-1.3089398772148173,,,,,,,,-0.6438102192382255,,,-0.1327958098204282
Europe,PRM,2023,full year (per-game derived),Eintracht Frankfurt,Vertigo,Top,36,-26.015,-0.7226,-1.253133759431451,-9.542,337.8,0,False,9.243,1.454692714526454,-1.5734379811736685,,,,,,,,-1.0715466234247,,,-1.073606276190888
Europe,LES,2023,full year (per-game derived),Guasones,Dreedy,Top,36,-31.444,-0.8734,-0.8829421847572622,-15.216,337.8,0,False,3.291,0.9511873018795072,-0.973097142585272,,,,,,,,-0.7031679116763527,,,-0.8908946161165766
Europe,LES,2023,full year (per-game derived),BISONS ECLUB,Rubenxico,Top,1,-77.397,-77.397,-2.084177624149817,0.813,162.8,0,False,3.291,,-1.7395231894730565,,,,,,,,-0.4423409022921949,,,-3.1124570351842675
Europe,LES,2023,full year (per-game derived),Guasones,Akre,Jungle,18,77.965,4.3314,1.564277829023172,38.584,247.8,0,False,16.129,1.070722798313985,2.022472401388942,0.8199985567459759,,,,,1.9047282661692415,1.5099120917885287,,,,
Europe,PRM,2023,full year (per-game derived),NNO Prime,Agurin,Jungle,3,76.203,25.401,1.9861261638369847,20.057,172.8,0,False,14.721,,2.649788046813917,1.2692890598056945,,,,,2.133105950259338,1.8923215984689896,,,,
Europe,LES,2023,full year (per-game derived),Fnatic TQ,Rabble,Jungle,42,40.619,0.9671,0.5880541095503591,30.11,367.8,0,False,16.129,0.7525985410982932,0.6957423363780564,-1.3711428617335244,,,,,1.2319248955434117,1.7956920680134925,,,,
Europe,LES,2023,full year (per-game derived),Giants,Xerxe,Jungle,27,38.119,1.4118,0.5227073143598842,26.267,292.8,0,False,16.129,0.8780728212583946,-0.9462924491727016,1.377731713003483,,,,,0.6810395996403454,0.97835039396841,,,,
Europe,LFL,2023,full year (per-game derived),BK ROG Esports,Pridestalkr,Jungle,47,34.26,0.7289,1.0047611299961827,22.714,392.8,0,False,5.524,1.0435171058169566,-0.0970394243334932,1.713089669601289,,,,,1.348772780031608,1.054221494685327,,,,
Europe,LES,2023,full year (per-game derived),Movistar KOI,ISMA,Jungle,61,33.232,0.5448,0.3949418217297412,27.399,462.8,0,False,16.129,0.8500084763542687,-0.3968635429862006,0.8442824184474069,,,,,0.4212320533739279,0.7111163580838308,,,,
Europe,PRM,2023,full year (per-game derived),Berlin International Gaming,Rulfchen,Jungle,54,31.039,0.5748,0.576915083003092,25.019,427.8,0,False,14.721,0.8385503854393282,-0.3621572805356013,0.8527032820604517,,,,,0.7968883617338343,1.0202259687536837,,,,
Europe,LES,2023,full year (per-game derived),Barça eSports,Hadess,Jungle,22,30.109,1.3686,0.31332368467323,21.871,267.8,0,False,16.129,0.7873444870100018,0.8597151297191886,-0.6676821461564796,,,,,0.4037525636193138,0.657509191510897,,,,
Europe,PRM,2023,full year (per-game derived),NNO Prime,Lamabear,Jungle,36,28.202,0.7834,0.4884095033987099,21.904,337.8,0,False,14.721,0.8894143593019136,0.7723121603107935,1.3318546640271225,,,,,-0.3406467086181474,0.1901178978750711,,,,
Europe,LES,2023,full year (per-game derived),Giants,Alby,Jungle,18,27.139,1.5077,0.2356726188747998,20.127,247.8,0,False,16.129,0.9008093057108816,1.9899227688598056,0.2966563299463666,,,,,-0.3178349150182955,-1.0260537082886774,,,,
Europe,LFL,2023,full year (per-game derived),GameWard,Eckas,Jungle,43,25.576,0.5948,0.6714001120695806,17.087,372.8,0,False,5.524,0.8872149684334075,-0.160099106915278,0.760308655841276,,,,,0.5752474048149804,1.510143494537344,,,,
Europe,PRM,2023,full year (per-game derived),GamerLegion,Yohan,Jungle,17,22.094,1.2996,0.2978269577675989,17.302,242.8,0,False,14.721,0.7669081477214801,-0.0075742359961502,-0.2034902562502459,,,,,0.2399079983519131,1.1624643249648785,,,,
Europe,LFL,2023,full year (per-game derived),Vitality.Bee,Daglas,Jungle,44,21.332,0.4848,0.5084768228403276,14.728,377.8,0,False,5.524,0.7684765585772225,-0.2099774819083892,-0.0093699269953547,,,,,0.9302075218811396,1.3230471783839142,,,,
Europe,PRM,2023,full year (per-game derived),Unicorns of Love Sexy Edition,Peach,Jungle,27,21.328,0.7899,0.2739252782422532,17.767,292.8,0,False,14.721,0.6767301904066316,-0.3092866359733606,-1.4705321490247338,,,,,1.453300765799608,1.4222191321674995,,,,
Europe,PRM,2023,full year (per-game derived),SK Gaming Prime,Lurox,Jungle,54,19.892,0.3684,0.2291199769408921,17.984,427.8,0,False,14.721,0.8168932495067937,0.2145197740762915,1.3667716126701457,,,,,-0.1187739012306556,-0.5460375777522127,,,,
Europe,LES,2023,full year (per-game derived),BISONS ECLUB,NoName,Jungle,25,17.352,0.6941,-0.0201703231914161,16.67,282.8,0,False,16.129,0.8401804332424793,-0.936348041218505,1.853311867383398,,,,,0.824171619231748,-1.8218167381623056,,,,
Europe,PRM,2023,full year (per-game derived),GamerLegion,Ferret,Jungle,18,16.8,0.9333,0.1326511040224084,15.476,247.8,0,False,14.721,0.7564961532847545,0.3168640342268153,0.4264968547324329,,,,,-0.0514740236892478,-0.1612824491803666,,,,
Europe,LES,2023,full year (per-game derived),UCAM Esports,Xeonerr,Jungle,8,16.129,2.0161,-0.0521352608821308,16.129,197.8,0,False,16.129,0.7554807290065209,0.3867179416809837,-0.3260163701552931,,,,,0.0607733429300411,-0.3300159579842551,,,,
Europe,PRM,2023,full year (per-game derived),Eintracht Spandau,Zanzarah,Jungle,46,14.721,0.32,0.0677642311647624,14.721,387.8,0,False,14.721,0.740051606685311,-0.229878298227486,0.5004558153694582,,,,,0.1633887732455869,-0.1629093657285093,,,,
Europe,LFL,2023,full year (per-game derived),Aegis,SkewMond,Jungle,47,14.629,0.3113,0.251159531979525,10.971,392.8,0,False,5.524,0.7727469372006469,0.0885560604439582,0.1739146654208636,,,,,0.5385584535011558,0.2036089485521221,,,,
Europe,LFL,2023,full year (per-game derived),Karmine Corp,Cinkrof,Jungle,25,14.628,0.5851,0.2511025729448748,9.548,282.8,0,False,5.524,0.8141132038850968,-0.2554153973063627,0.9779405892509092,,,,,0.52647694060105,-0.2445918407660971,,,,
Europe,LFL,2023,full year (per-game derived),Karmine Corp,Skeanz,Jungle,18,12.275,0.6819,0.1607822130782271,7.976,247.8,0,False,5.524,0.8173199919217672,0.302306621687218,0.4509977944921874,,,,,-0.0010801594242616,-0.1090954044422351,,,,
Europe,LES,2023,full year (per-game derived),BISONS ECLUB,D4nKa,Jungle,21,8.017,0.3818,-0.2641903410146633,12.888,262.8,0,False,16.129,0.7334707785561092,-0.431473980242272,0.1573707754904721,,,,,-0.1218695728611643,-0.660788586445689,,,,
Europe,LES,2023,full year (per-game derived),Finetwork KOI,Koldo,Jungle,48,7.899,0.1646,-0.2672721268126742,11.164,397.8,0,False,16.129,0.717287901252295,-0.8870307843801722,0.2596143913298113,,,,,0.0165944523534619,-0.4582665665537979,,,,
Europe,LFL,2023,full year (per-game derived),Team BDS Academy,MAXI,Jungle,43,5.524,0.1285,-0.0983938471567399,5.524,372.8,0,False,5.524,0.6621877901033646,-0.3921925805518636,-0.0648704536497635,,,,,0.5053227641951112,-0.4418351186204437,,,,
Europe,LES,2023,full year (per-game derived),Los Heretics,bluerzor,Jungle,48,3.773,0.0786,-0.3751126303378134,8.675,397.8,0,False,16.129,0.7487454186388315,-0.6252415816380428,0.5122555723427735,,,,,-0.5891031068368613,-0.7983614052191236,,,,
Europe,PRM,2023,full year (per-game derived),E WIE EINFACH E-SPORTS,Obsess,Jungle,18,2.351,0.1306,-0.3181877995700638,10.229,247.8,0,False,14.721,0.6649283814545367,0.1843057521245163,-0.7828847743595325,,,,,-0.6114463005121414,-0.0627258755330978,,,,
Europe,PRM,2023,full year (per-game derived),Eintracht Frankfurt,Don Arts,Jungle,36,2.01,0.0558,-0.3288233502091368,7.949,337.8,0,False,14.721,0.6309885541444793,0.9236507721898526,-1.3208546010036906,,,,,-0.3685696469023094,-0.5495199251203997,,,,
Europe,LFL,2023,full year (per-game derived),IziDream,Djoko,Jungle,36,0.415,0.0115,-0.2945359703791307,2.802,337.8,0,False,5.524,0.6491814283074742,-0.6138461817222554,-0.1627401579682965,,,,,-0.4435201157041776,0.0419625738782066,,,,
Europe,PRM,2023,full year (per-game derived),E WIE EINFACH E-SPORTS,D4nKa,Jungle,18,0.0,0.0,-0.391552626229219,9.375,247.8,0,False,14.721,0.6460486458483428,-0.7864459123428024,-0.3290984223785799,,,,,-0.1329867735046013,-0.3176793966908925,,,,
Europe,LFL,2023,full year (per-game derived),IziDream,Manaty,Jungle,2,-0.271,-0.1355,-0.3208637369271164,5.179,167.8,0,False,5.524,,-1.34816426780418,0.3213275268398415,,,,,-1.2428040044806064,0.9861857977364792,,,,
Europe,LFL,2023,full year (per-game derived),Team GO,Lyncas,Jungle,63,-0.415,-0.0066,-0.3263984005641553,1.567,472.8,0,False,5.524,0.6779281408775988,-0.234746103388253,0.1539023812648347,,,,,-0.2591492976196222,-0.965600582513581,,,,
Europe,PRM,2023,full year (per-game derived),MOUZ NXT,Alexx,Jungle,48,-0.499,-0.0104,-0.4071127101128581,5.539,397.8,0,False,14.721,0.6409169961837774,-1.020698553086092,-0.520928273182403,,,,,-0.0893821990302931,0.0025581848473554,,,,
Europe,LES,2023,full year (per-game derived),Rebels Gaming,AHaHaCiK,Jungle,44,-1.258,-0.0286,-0.5066216420726781,6.005,377.8,0,False,16.129,0.6208751295664524,-0.5507342677442403,-1.6367794538045928,,,,,-0.2498300318722535,0.4108571851303741,,,,
Europe,LES,2023,full year (per-game derived),UCAM Esports,Mart,Jungle,28,-5.392,-0.1926,-0.6146942234678999,6.013,297.8,0,False,16.129,0.7326929190437238,-0.1255928649277813,-0.3725833066896568,,,,,-2.1234325208143026,0.162831798560141,,,,
Europe,LFL,2023,full year (per-game derived),IziDream,Twiizt,Jungle,1,-6.002,-6.002,-0.5408927157789221,5.17,162.8,0,False,5.524,,3.0333691281938595,-1.432888562172861,,,,,-2.4745102844458167,-1.2895411446908698,,,,
Europe,LES,2023,full year (per-game derived),Guasones,Memento,Jungle,18,-6.788,-0.3771,-0.65118277640835,7.807,247.8,0,False,16.129,0.6629180522718685,-0.0759052709554752,-1.0513919251243489,,,,,-0.9328966206201044,-0.5445372889334714,,,,
Europe,LFL,2023,full year (per-game derived),Solary,Shlatan,Jungle,42,-8.185,-0.1949,-0.6247082625428586,-2.303,367.8,0,False,5.524,0.5124148359702946,-0.3260357114734707,-2.1243665295066485,,,,,0.3376527153640311,-0.3860835245553461,,,,
Europe,LFL,2023,full year (per-game derived),LDLC OL,White,Jungle,43,-8.633,-0.2008,-0.6418894495597927,-2.64,372.8,0,False,5.524,0.6043444901489637,0.2132844450785147,-0.7572456524182875,,,,,-0.3411747187145919,-1.682421872184806,,,,
Europe,PRM,2023,full year (per-game derived),Unicorns of Love Sexy Edition,CaD,Jungle,32,-11.134,-0.3479,-0.7389502872946502,1.706,317.8,0,False,14.721,0.5478514198544486,0.0609305965327876,-1.4864766822457458,,,,,-0.0672771838681688,-1.4629778795974735,,,,
Europe,LES,2023,full year (per-game derived),Barça eSports,Maxlore,Jungle,22,-15.067,-0.6849,-0.867598054023583,3.317,267.8,0,False,16.129,0.631867323987416,-0.9790877947615952,-0.6956255610258111,,,,,-1.2092500248385087,-0.5864288354684176,,,,
Europe,PRM,2023,full year (per-game derived),FC Schalke 04 Esports,Afroboi,Jungle,44,-16.098,-0.3659,-0.8938525028230175,-3.224,377.8,0,False,14.721,0.584359794790376,-1.7079774484573182,-0.2465307360437706,,,,,-0.6581325031874783,-0.9627693236035032,,,,
Europe,PRM,2023,full year (per-game derived),GamerLegion,Akabane,Jungle,3,-18.675,-6.225,-0.9742590221377788,11.823,172.8,0,False,14.721,,-0.6983527716562147,0.6132246058233725,,,,,-2.347902608847237,-1.4640053138710376,,,,
Europe,PRM,2023,full year (per-game derived),Eintracht Spandau,Special,Middle,46,37.783,0.8214,0.9493329037635632,25.493,387.8,0,False,7.584,1.5001596878745318,-0.1041851268590152,0.6713148844769673,,,,,1.5915615257940998,,,1.1970691312204895,,
Europe,PRM,2023,full year (per-game derived),Unicorns of Love Sexy Edition,Mask,Middle,59,35.261,0.5976,0.8706629105111832,25.614,452.8,0,False,7.584,1.468014493420459,-0.1175177007235268,0.8078386393508455,,,,,1.324201540211346,,,1.156231204697405,,
Europe,LFL,2023,full year (per-game derived),IziDream,Milica,Middle,18,29.525,1.6403,0.8758312443972582,13.277,247.8,0,False,4.012,1.6535927411521985,0.2101996464093285,1.5668149022566933,,,,,1.0976356417340292,,,0.4758018220924501,,
Europe,PRM,2023,full year (per-game derived),MOUZ NXT,Sencux,Middle,48,25.157,0.5241,0.5553786895942493,18.185,397.8,0,False,7.584,1.5641122685298696,0.6266012444450453,1.1709496434653053,,,,,0.7243162480258318,,,-0.4168300940022243,,
Europe,LFL,2023,full year (per-game derived),Team GO,Toucouille,Middle,63,22.254,0.3532,0.5966758438280213,16.165,472.8,0,False,4.012,1.3143771053787143,0.9537014035412312,-0.0079908011888871,,,,,1.6482311665382872,,,-0.9301765050510936,,
Europe,LFL,2023,full year (per-game derived),Vitality.Bee,Czajek,Middle,44,19.847,0.4511,0.5042930747070714,13.232,377.8,0,False,4.012,1.4195013647696668,0.9704930732068624,0.4198711199636505,,,,,0.0895717030521593,,,0.8225062920441977,,
Europe,PRM,2023,full year (per-game derived),NNO Prime,Matislaw,Middle,39,15.793,0.4049,0.263207521633724,12.121,352.8,0,False,7.584,1.454090567033056,0.4374552872086584,1.1485280658056192,,,,,0.1239876747949068,,,-0.5618056413359982,,
Europe,LFL,2023,full year (per-game derived),Karmine Corp,SAKEN,Middle,43,14.836,0.345,0.3119265295796475,10.254,372.8,0,False,4.012,1.4309182316221494,-0.5961779983098078,1.154180284964559,,,,,0.2182713774796103,,,0.5354502011956537,,
Europe,PRM,2023,full year (per-game derived),FC Schalke 04 Esports,Simpli,Middle,44,12.13,0.2757,0.1489273141324663,10.231,377.8,0,False,7.584,1.5405764313578154,0.8870162904369152,0.6170636108634586,,,,,-0.8199892319949463,,,0.5777847554720622,,
Europe,LES,2023,full year (per-game derived),Movistar KOI,Fresskowy,Middle,61,11.445,0.1876,0.5232838632959088,8.0,462.8,0,False,1.342,1.4634128849302812,-0.4888375449989566,1.1484729308038573,,,,,0.9027704037001189,,,0.269439488413504,,
Europe,PRM,2023,full year (per-game derived),GamerLegion,ESCIK,Middle,18,7.584,0.4213,0.0070733816067435,7.584,247.8,0,False,7.584,1.3033447628101442,0.7762192692207385,-0.9801165196068848,,,,,0.0663022687215433,,,0.1256158463493373,,
Europe,LFL,2023,full year (per-game derived),BK ROG Esports,Czekolad,Middle,47,7.58,0.1613,0.0333409576972649,6.146,392.8,0,False,4.012,1.240212602406602,-0.2336712293049885,-0.3034490757293846,,,,,0.3122265374926562,,,0.1666081114454449,,
Europe,LES,2023,full year (per-game derived),BISONS ECLUB,Random,Middle,45,5.679,0.1262,0.3725571222990997,3.891,382.8,0,False,1.342,1.2216702161218085,0.4242683931803901,-0.1831849629325141,,,,,0.6422530188434309,,,0.4216655337078572,,
Europe,LES,2023,full year (per-game derived),Giants,Decay,Middle,45,4.991,0.1109,0.354566814555143,3.487,382.8,0,False,1.342,1.4355673223961165,-0.4841350601928199,0.8074060007874255,,,,,0.4384370159154996,,,0.5986641190654246,,
Europe,PRM,2023,full year (per-game derived),Eintracht Frankfurt,ZaZee,Middle,36,4.985,0.1385,-0.0740052619680591,6.199,337.8,0,False,7.584,1.3972250125682792,0.4708616059172607,-0.0680781963094662,,,,,-0.5901520924484502,,,0.246331916847967,,
Europe,LES,2023,full year (per-game derived),UCAM Esports,Hatrixx,Middle,36,4.265,0.1185,0.3356108966694652,2.899,337.8,0,False,1.342,1.353940970911093,1.0904344591193214,-0.2284517758902959,,,,,0.1364381096290191,,,0.4812710550766821,,
Europe,LFL,2023,full year (per-game derived),Team BDS Academy,RKR,Middle,43,4.012,0.0933,-0.1036180134194073,4.012,372.8,0,False,4.012,1.329678120155283,-1.4516374844309927,0.274417238147698,,,,,0.1634110185905337,,,0.4155070637431434,,
Europe,LES,2023,full year (per-game derived),Los Heretics,Zwyroo,Middle,48,3.704,0.0772,0.3209288329991471,2.767,397.8,0,False,1.342,1.3019066140242117,-0.0730580816185751,0.2511451046112768,,,,,0.461206580016276,,,0.5479765010711833,,
Europe,PRM,2023,full year (per-game derived),SK Gaming Prime,FEBIVEN,Middle,54,2.77,0.0513,-0.1431396858621308,4.546,427.8,0,False,7.584,1.204650683900072,-0.0656166535251928,-0.378661464817641,,,,,-0.0646200796309501,,,-0.1175530633191775,,
Europe,LES,2023,full year (per-game derived),Fnatic TQ,Nafkelah,Middle,36,2.504,0.0696,0.2895550389768981,1.961,337.8,0,False,1.342,1.2949208628860025,0.3440526458928625,0.3974846226072867,,,,,0.5272742257944321,,,-0.2741365688815751,,
Europe,LFL,2023,full year (per-game derived),IziDream,Nomanz,Middle,21,2.433,0.1159,-0.1642294516821504,3.381,262.8,0,False,4.012,1.1852947833135656,1.618833996297371,-1.8906761530159413,,,,,-0.4684957615784446,,,0.2934928369876338,,
Europe,LES,2023,full year (per-game derived),Rebels Gaming,Dajor,Middle,9,2.215,0.2461,0.2820188696556763,1.536,202.8,0,False,1.342,1.2080127616863945,0.0338451806985893,-0.273747061865204,,,,,0.2242872738956557,,,1.1836563385478938,,
Europe,LES,2023,full year (per-game derived),Fnatic TQ,Valans,Middle,5,1.342,0.2684,0.259181982467731,1.342,182.8,0,False,1.342,1.3467143590831048,1.3394546202104658,-0.0481523911510676,,,,,0.4702933290994552,,,-0.869918266419725,,
Europe,LFL,2023,full year (per-game derived),LDLC OL,Backlund,Middle,43,1.271,0.0296,-0.2088391237914599,2.431,372.8,0,False,4.012,1.2513854687253938,-1.6776135965886618,-0.00663510689775,,,,,0.0913030135897573,,,0.5510675259285929,,
Europe,LES,2023,full year (per-game derived),Barça eSports,SAJATOR,Middle,44,0.764,0.0174,0.2440891032343578,1.005,377.8,0,False,1.342,1.1288402951924144,0.7439662357350477,-0.7716432717223595,,,,,0.4866610308577305,,,0.3510164473925957,,
Europe,LES,2023,full year (per-game derived),Guasones,Ronaldo,Middle,18,0.025,0.0014,0.2247569665398086,0.864,247.8,0,False,1.342,1.3457624047156875,0.4484737490722399,0.1280431587683915,,,,,-0.1131256780569105,,,0.6680654002907308,,
Europe,LES,2023,full year (per-game derived),Finetwork KOI,Baca,Middle,48,-0.025,-0.0005,0.2234682200297929,0.517,397.8,0,False,1.342,1.343361578318499,0.0757835034666252,0.3603714977502996,,,,,0.1955500041476843,,,0.2813048271321214,,
Europe,LFL,2023,full year (per-game derived),Aegis,Eika,Middle,47,-1.271,-0.027,-0.3064545163424054,0.852,392.8,0,False,4.012,1.4203120140972962,-0.0028896440078544,0.3380826807691128,,,,,-1.609314513653019,,,0.9440610668702673,,
Europe,PRM,2023,full year (per-game derived),E WIE EINFACH E-SPORTS,Nite,Middle,36,-2.77,-0.0769,-0.31596684302583,2.067,337.8,0,False,7.584,1.159113869354196,-2.022073108504676,-1.0068320772778772,,,,,0.40418660276981,,,0.8658796967284795,,
Europe,LFL,2023,full year (per-game derived),GameWard,twohoyrz,Middle,43,-5.412,-0.1259,-0.4654034078349215,-1.422,372.8,0,False,4.012,1.1264930045451615,-0.1508847416370092,-1.4749095063336886,,,,,0.2008916704783939,,,-0.8944913509815294,,
Europe,LES,2023,full year (per-game derived),Guasones,Hydra,Middle,18,-8.669,-0.4816,-0.0024870404642508,-2.293,247.8,0,False,1.342,1.242861083730158,-0.585949854370984,0.6677543015944195,,,,,0.1624073349222217,,,-0.3678825366111998,,
Europe,LES,2023,full year (per-game derived),Rebels Gaming,Xico,Middle,35,-10.548,-0.3014,-0.051606181922532,-4.91,332.8,0,False,1.342,1.0435266681491142,-0.0857529057542225,-1.0215779866132826,,,,,0.1221421824154472,,,0.6597209074006429,,
Europe,LFL,2023,full year (per-game derived),Solary,Peng,Middle,42,-21.252,-0.506,-1.073523137138923,-10.411,367.8,0,False,4.012,1.2493103198162308,0.3596465748245361,-0.0697055829360786,,,,,-1.743731853723964,,,-2.3798270642747785,,
Europe,PRM,2023,full year (per-game derived),Berlin International Gaming,Kaymin,Middle,54,-25.432,-0.471,-1.0230828872285735,-13.252,427.8,0,False,7.584,1.0964659231596028,0.8386394268646166,-1.9235247003318667,,,,,-1.6736506207033497,,,-0.8859366266984064,,
Europe,PRM,2023,full year (per-game derived),GamerLegion,Phantomles,Middle,20,-32.333,-1.6166,-1.2383880431573406,-7.897,257.8,0,False,7.584,1.126167884892396,-1.72740053448084,-0.0584818856184646,,,,,-1.086143835539842,,,-2.1867871259599343,,
Europe,LES,2023,full year (per-game derived),BISONS ECLUB,Myrwn,Middle,1,-61.875,-61.875,-1.3933170135710076,-0.599,162.8,0,False,1.342,,0.2298810170203817,-2.696929031753047,,,,,-1.7677818850828526,,,-1.0802836403915974,,
Europe,LES,2023,full year (per-game derived),Fnatic TQ,Viketox,Middle,1,-84.418,-84.418,-1.9826074747652456,-1.291,162.8,0,False,1.342,,-3.012426357460389,1.4630088650048152,,,,,-2.888812946097209,,,-2.870559605794547,,
Europe,PRM,2023,full year (per-game derived),GamerLegion,jinjo,ADC,20,37.558,1.8779,0.872383735095666,24.629,257.8,0,False,16.438,1.5716482099421971,1.367341894985247,-0.5370459224462498,1.084658859507719,,,,0.952953385034638,,,1.393298395973262,,
Europe,LFL,2023,full year (per-game derived),Vitality.Bee,Neon,ADC,26,33.677,1.2953,0.9215967037564166,18.44,287.8,0,False,5.891,1.589080143177137,1.1896648990653464,-0.3158561984986121,0.173481772534273,,,,1.799327635136006,,,0.6642017463205824,,
Europe,LFL,2023,full year (per-game derived),Karmine Corp,Caliste,ADC,25,31.845,1.2738,0.8512882580405781,17.361,282.8,0,False,5.891,1.5149041515651185,0.7643075013597791,-1.0765572158769432,1.7604229319673117,,,,0.913650416434789,,,1.8166649583251897,,
Europe,LES,2023,full year (per-game derived),Los Heretics,Jackspektra,ADC,23,29.284,1.2732,0.7374845116025353,14.458,272.8,0,False,3.655,2.00625427366032,0.6794887410661347,0.3461912654374172,1.184663006550153,,,,0.2530410203857223,,,1.8295928885942647,,
Europe,LES,2023,full year (per-game derived),Movistar KOI,Supa,ADC,61,28.551,0.468,0.7183126370566569,20.061,462.8,0,False,3.655,1.509936716250916,0.5806425999973035,-0.4411251834715248,0.5068353455350636,,,,1.9233741486461065,,,-0.4844906149104763,,
Europe,PRM,2023,full year (per-game derived),SK Gaming Prime,Keduii,ADC,54,24.15,0.4472,0.4540350889739856,21.305,427.8,0,False,16.438,1.4326294296948725,-0.3273337066727628,-0.395184277156299,0.2752093674382194,,,,1.0402891501739455,,,0.9443773345868748,,
Europe,PRM,2023,full year (per-game derived),Unicorns of Love Sexy Edition,Sayna,ADC,4,23.578,5.8945,0.4362039327088263,17.241,177.8,0,False,16.438,,0.7762332531278445,2.293392435732559,0.7766985283098947,,,,0.36283728593156,,,-1.936433531086144,,
Europe,LFL,2023,full year (per-game derived),LDLC OL,Jeskla,ADC,43,22.267,0.5178,0.4835944440646681,15.334,372.8,0,False,5.891,1.7328718240940686,0.5365447468847775,0.5841514809456766,-0.200376049285528,,,,1.167628788124279,,,-0.525019676420378,,
Europe,LES,2023,full year (per-game derived),Rebels Gaming,Gadget,ADC,2,22.03,11.015,0.5478424113763907,4.75,167.8,0,False,3.655,,-1.802008083130389,1.7415486879302835,2.212103818652598,,,,1.5478502147111108,,,-2.2102923354500508,,
Europe,LFL,2023,full year (per-game derived),Team GO,Jezu,ADC,63,21.955,0.3485,0.4716251258182267,16.593,472.8,0,False,5.891,1.786605126605536,-0.1753067670557325,0.7075371820255961,0.7908847379719255,,,,0.2232871532219393,,,1.1221457886727644,,
Europe,PRM,2023,full year (per-game derived),GamerLegion,Asza,ADC,18,18.634,1.0352,0.281943336672378,17.235,247.8,0,False,16.438,1.4577391771783557,0.1666077979910443,-0.0036471790447982,-0.6462669248093017,,,,1.1432800267399823,,,-0.3269279000995411,,
Europe,LFL,2023,full year (per-game derived),Solary,TakeSet,ADC,42,18.113,0.4313,0.3241077742522164,12.869,367.8,0,False,5.891,1.8501931669415963,-1.8296020005343523,1.3362165348821646,0.656036961680961,,,,0.5243231601984184,,,0.6832949826011377,,
Europe,PRM,2023,full year (per-game derived),Eintracht Spandau,Smiley,ADC,46,16.945,0.3684,0.2292209515284933,16.739,387.8,0,False,16.438,1.3480171935753436,-0.6364053586709232,-0.3380796463762663,-0.4614954554699086,,,,1.3316936002880884,,,-0.1276991930780177,,
Europe,PRM,2023,full year (per-game derived),Eintracht Frankfurt,DizL,ADC,36,16.624,0.4618,0.2192242102375396,16.537,337.8,0,False,16.438,1.66606258292498,0.6129516000284121,0.5928750865041322,0.2033470935703604,,,,-0.1139668448747396,,,0.2174029348498824,,
Europe,PRM,2023,full year (per-game derived),E WIE EINFACH E-SPORTS,Tazaku,ADC,36,16.438,0.4566,0.2134131302800984,16.438,337.8,0,False,16.438,1.6033910376468754,1.4356061368497672,-0.101318039855727,0.7510012672708964,,,,-0.2868814527542588,,,-0.1059740313172394,,
Europe,LES,2023,full year (per-game derived),Guasones,zamulek,ADC,18,13.519,0.7511,0.3253680942262278,7.237,247.8,0,False,3.655,1.520172213018465,0.1238083233730445,0.0883895930603737,0.1092931340397425,,,,1.052955939867734,,,-0.657091326261638,,
Europe,LES,2023,full year (per-game derived),Finetwork KOI,Jopa,ADC,30,13.037,0.4346,0.3127787087610522,8.227,307.8,0,False,3.655,1.4410365633512927,1.464033297244785,-1.4214373785543108,0.6745212834979163,,,,-0.1164731812356994,,,1.4998143853485095,,
Europe,LES,2023,full year (per-game derived),Los Heretics,Flakked,ADC,25,11.718,0.4687,0.2782900672472838,7.218,282.8,0,False,3.655,2.0605690252320934,-0.5526220437882733,1.3546124479132025,0.0193655825635206,,,,0.2090235352068066,,,0.4476539793917585,,
Europe,PRM,2023,full year (per-game derived),Unicorns of Love Sexy Edition,Fun K3y,ADC,55,11.671,0.2122,0.064679156791897,13.409,432.8,0,False,16.438,1.4240037105843493,-0.1332920261545428,-0.0451777044992615,-0.5107622158980136,,,,0.528887367860555,,,-0.096519901185074,,
Europe,LES,2023,full year (per-game derived),Finetwork KOI,Lucker,ADC,18,11.499,0.6388,0.2725613837846745,6.503,247.8,0,False,3.655,1.9243516076713136,0.875021253370101,0.583992638084313,0.190201135784124,,,,0.1397640834949367,,,-0.2601755664479302,,
Europe,LFL,2023,full year (per-game derived),BK ROG Esports,Trigger,ADC,47,9.773,0.2079,0.0039249361605785,8.213,392.8,0,False,5.891,1.366527416666817,0.0100831532208043,-0.6199894798907243,-0.22526514394602,,,,0.2893482735946013,,,0.2086687060317033,,
Europe,LES,2023,full year (per-game derived),Rebels Gaming,Rayito,ADC,24,6.608,0.2753,0.1447081929535765,4.93,277.8,0,False,3.655,2.371656189021316,1.2901618214816806,1.3076555636559426,0.6877733431058909,,,,-1.0458824419848292,,,-0.027929027817795,,
Europe,LES,2023,full year (per-game derived),Rebels Gaming,BEAN,ADC,18,6.53,0.3628,0.1426928933910589,4.699,247.8,0,False,3.655,1.449091851688702,-0.1803251155251522,-0.0484470682958309,0.2708426826721982,,,,0.1203300459371118,,,0.5790174814844018,,
Europe,PRM,2023,full year (per-game derived),Berlin International Gaming,HARPOON,ADC,54,6.18,0.1144,-0.1066493580253327,9.964,427.8,0,False,16.438,1.7155230401518575,-2.0613368482187804,1.1739100142370769,0.3572579694338362,,,,-0.8651943552822164,,,1.8102976762745249,,
Europe,LFL,2023,full year (per-game derived),Karmine Corp,Kaori,ADC,18,5.891,0.3273,-0.1450874027508487,5.891,247.8,0,False,5.891,1.6918659936039264,-0.2454011147375148,0.7358397021251449,-0.5453800095557363,,,,-0.5453547955742595,,,0.3751934450173853,,
Europe,LFL,2023,full year (per-game derived),Vitality.Bee,Innaxe,ADC,18,4.144,0.2302,-0.212170909426349,5.257,247.8,0,False,5.891,1.2185085411024377,0.0565970404282003,-1.7112670632891795,1.5570936599276943,,,,0.2842220405817665,,,-1.8679914122903711,,
Europe,LES,2023,full year (per-game derived),Barça eSports,Deadly,ADC,44,3.655,0.0831,0.0675173065149656,3.655,377.8,0,False,3.655,1.6707113158087208,0.5364341803821021,0.0624008091266248,-0.7476729305937326,,,,-0.0320998797597846,,,0.6430458362630564,,
Europe,LES,2023,full year (per-game derived),Fnatic TQ,BEAN,ADC,24,2.735,0.114,0.0434663205217954,3.258,277.8,0,False,3.655,1.753511569979716,-0.5935033628377666,1.020676283816726,-0.4058314702552825,,,,0.6191435638140464,,,-1.1427499660440597,,
Europe,LFL,2023,full year (per-game derived),Team BDS Academy,xMatty,ADC,43,2.456,0.0571,-0.2769781337131121,3.91,372.8,0,False,5.891,1.2919700332477233,0.3593311175863465,-0.9561136088494094,-0.8565478549031168,,,,0.0409802250972782,,,-0.3699884960096467,,
Europe,PRM,2023,full year (per-game derived),MOUZ NXT,Kynetic,ADC,48,2.121,0.0442,-0.2333155901592569,7.801,397.8,0,False,16.438,1.4253934385668323,0.1222706691412392,-0.0149162786047072,-1.096995657011998,,,,-0.0503971019979325,,,-0.3551876925245417,,
Europe,LFL,2023,full year (per-game derived),GameWard,Peco,ADC,43,0.0,0.0,-0.3712484661912937,2.494,372.8,0,False,5.891,1.5945727753582917,1.4893059166786793,0.2065863008590671,-1.0087978081442983,,,,-0.7816971017285879,,,-1.2485788441997112,,
Europe,LES,2023,full year (per-game derived),Giants,Attila,ADC,45,-0.912,-0.0203,-0.0518430984682983,0.971,382.8,0,False,3.655,1.4609260088384244,0.174256397932124,-0.3663235435224389,-0.2614140599979287,,,,-0.1208696251353332,,,0.4014184967158785,,
Europe,LES,2023,full year (per-game derived),UCAM Esports,Rafitta,ADC,36,-2.18,-0.0606,-0.0850026662125412,0.546,337.8,0,False,3.655,1.5597608946119264,-0.4453085929213987,0.1967114712346465,0.1170842160638034,,,,-0.4330053865112988,,,0.5745083614449882,,
Europe,LES,2023,full year (per-game derived),BISONS ECLUB,Legolas,ADC,45,-3.547,-0.0788,-0.120743304779123,-0.578,382.8,0,False,3.655,1.4334638453939326,-0.1041098822809633,-0.3831496307530684,0.3579182762336928,,,,-0.5276532364876982,,,0.561915364028141,,
Europe,LFL,2023,full year (per-game derived),Aegis,Shiganari,ADC,47,-4.018,-0.0855,-0.5254879890602842,-0.037,392.8,0,False,5.891,1.3567759383807043,0.5084233838796934,-0.7093054605497738,-0.4883954286441558,,,,-1.1202428322725364,,,-0.0744760536993325,,
Europe,PRM,2023,full year (per-game derived),NNO Prime,zamulek,ADC,18,-6.362,-0.3534,-0.4979736778551503,8.158,247.8,0,False,16.438,1.2676500531988983,-1.4872863409899515,-0.6701441146821993,1.897133992562836,,,,-0.9913296465931564,,,-0.6215473186507721,,
Europe,LES,2023,full year (per-game derived),Guasones,Odi11,ADC,9,-9.18,-1.02,-0.2679961309308724,0.808,202.8,0,False,3.655,1.7140047714891389,0.6122463525046663,0.2491724598846941,-0.9922295182850804,,,,-1.0109774297097078,,,0.7305341044246096,,
Europe,LFL,2023,full year (per-game derived),IziDream,Rayito,ADC,21,-9.33,-0.4443,-0.729426169067508,-0.19,262.8,0,False,5.891,1.7811995145126838,-1.5738356891761596,1.666272435840128,-1.7315223180847386,,,,-1.361616311806888,,,0.1438087163143426,,
Europe,LES,2023,full year (per-game derived),BISONS ECLUB,Rubenxico,ADC,1,-10.13,-10.13,-0.2928273622760264,3.232,162.8,0,False,3.655,,-2.1446208792145343,-1.2074848936087048,0.2840465110432508,,,,0.6851791302607093,,,-0.3037647955317723,,
Europe,LFL,2023,full year (per-game derived),IziDream,Bung,ADC,18,-11.057,-0.6143,-0.7957381718832801,-0.264,247.8,0,False,5.891,1.397315294268117,-1.0901121875998592,0.152485390276858,0.1183645484814204,,,,-1.4338566510068058,,,-0.927923860663607,,
Europe,PRM,2023,full year (per-game derived),FC Schalke 04 Esports,Mishi,ADC,44,-13.488,-0.3065,-0.7203194985443901,-0.987,377.8,0,False,16.438,1.4467773237323176,-0.0657416147376306,0.0424489302853467,-1.675174479041041,,,,-1.40197218777791,,,0.3509077200911843,,
Europe,LES,2023,full year (per-game derived),Fnatic TQ,Reptile,ADC,16,-15.222,-0.9514,-0.4259195357622802,-2.695,237.8,0,False,3.655,1.1427035181047445,-0.3339701898714071,-1.2901756286191122,-0.2195313999504922,,,,-0.4067696032330525,,,0.0969117272011281,,
Europe,LES,2023,full year (per-game derived),Fnatic TQ,Nafkelah,ADC,2,-26.807,-13.4035,-0.7287578215199243,1.84,167.8,0,False,3.655,,1.1442219083822809,-2.031970825940208,-1.5483303372412298,,,,-0.2152093406585473,,,-1.6344361132186385,,
Europe,PRM,2023,full year (per-game derived),NNO Prime,Notiko,ADC,21,-29.273,-1.394,-1.2128454177047567,-1.823,262.8,0,False,16.438,1.058902148148875,0.2303845433210303,-1.997113304093618,-0.9546123458634952,,,,-1.650199226748557,,,-1.1459944938343922,,
Europe,LES,2023,full year (per-game derived),Guasones,Nash1c,ADC,9,-60.823,-6.7581,-1.6179326074871516,-10.65,202.8,0,False,3.655,1.1870577800399775,-1.3238467261643432,0.2387629326209714,-2.4396386194182247,,,,-2.641721557608333,,,-0.6434828792143525,,
Europe,LES,2023,full year (per-game derived),Rebels Gaming,Obstinatus,Support,44,48.629,1.1052,0.9747793458870492,34.009,377.8,0,False,13.631,0.4279761890479615,,-0.348506426340153,,2.2841338956054127,0.8782465083407412,1.3056492589625672,,,,,0.8771605858722764,0.8765496714825702
Europe,LES,2023,full year (per-game derived),Fnatic TQ,Advienne,Support,16,31.283,1.9552,0.5213627101818319,19.568,237.8,0,False,13.631,0.4625981696947768,,1.6643970964395192,,1.1992899764264893,1.0392130709140197,-1.2480467773286876,,,,,-1.050512544304762,1.3233408931918962
Europe,LES,2023,full year (per-game derived),Fnatic TQ,Rhuckz,Support,8,31.127,3.8909,0.5172767378887343,17.168,197.8,0,False,13.631,0.6311139095879051,,2.185943870391534,,-0.8008118576276936,0.5124469184111363,0.2801508563476992,,,,,-0.3789816798191373,1.1473852032808407
Europe,LES,2023,full year (per-game derived),Finetwork KOI,Stend,Support,30,30.811,1.027,0.5090086538028938,22.002,307.8,0,False,13.631,0.4372499035793129,,0.0932074745517293,,0.4973586350887893,0.6339721362458424,0.8677201769335207,,,,,0.4140158324779566,0.5400238647761987
Europe,LFL,2023,full year (per-game derived),LDLC OL,Zoelys,Support,43,25.422,0.5912,0.8236772595962039,17.378,372.8,0,False,6.421,0.5253080720229779,,0.4622646303436222,,2.109002865247113,0.6041507083962282,0.3353775232717756,,,,,1.05969110298258,0.4619968337879638
Europe,PRM,2023,full year (per-game derived),Eintracht Spandau,Lilipp,Support,46,24.964,0.5427,0.6164945371435406,16.537,387.8,0,False,4.257,0.4835107204554466,,0.4726895061000624,,0.1771953923209181,1.2162409773477396,0.4011447834923221,,,,,-0.028816451943533,1.2917093198636955
Europe,PRM,2023,full year (per-game derived),FC Schalke 04 Esports,Seal,Support,44,24.469,0.5561,0.6010514531893772,16.026,377.8,0,False,4.257,0.4969927944856913,,0.6910465488669277,,0.9929710196777304,0.0298382534613914,0.6579300285246625,,,,,0.9310648408454896,0.362976712845925
Europe,PRM,2023,full year (per-game derived),Unicorns of Love Sexy Edition,Lekcyc,Support,59,24.067,0.4079,0.5885193611628184,17.162,452.8,0,False,4.257,0.4498702579355992,,0.884958063378791,,-0.520562067296553,0.422174839033188,1.6331707931762822,,,,,0.3545768168027545,0.7231420497385219
Europe,LES,2023,full year (per-game derived),Movistar KOI,Alvaro,Support,61,23.838,0.3908,0.326743546904184,20.357,462.8,0,False,13.631,0.4142281229924094,,-1.93458769457871,,0.0593520361321149,0.5646100830930112,0.6201958741325637,,,,,0.9379028125870882,1.4357392454280655
Europe,LES,2023,full year (per-game derived),Guasones,Nio,Support,4,21.671,5.4178,0.2701040244021456,14.535,177.8,0,False,13.631,,,0.293832344323057,,-0.0565381492864454,1.033211970485164,1.1354608234170274,,,,,2.1795654997063925,-2.317905868905428
Europe,PRM,2023,full year (per-game derived),SK Gaming Prime,Prime,Support,54,21.521,0.3985,0.5090813838059591,15.152,427.8,0,False,4.257,0.3737388494699432,,-0.4804460058263077,,0.1569500630919375,1.7346178336939897,0.3624386098655097,,,,,0.2482253517556098,0.9279782369652044
Europe,LES,2023,full year (per-game derived),BISONS ECLUB,Oscure,Support,46,21.226,0.4614,0.2584490856746994,18.135,387.8,0,False,13.631,0.4048996085459092,,0.0329927679833418,,-0.482989215440295,1.9970811584631032,0.9360576552089628,,,,,-0.0613084713425584,-0.6452216875245463
Europe,LES,2023,full year (per-game derived),Giants,Stend,Support,18,19.917,1.1065,0.2242429947244617,15.914,247.8,0,False,13.631,0.4201287677066864,,-0.1008934598642638,,1.184923445992333,0.4462772722811099,-0.4846268689766413,,,,,-0.1588321249624423,0.4117363620462322
Europe,LFL,2023,full year (per-game derived),Aegis,Hantera,Support,47,17.869,0.3802,0.5337106294296246,13.269,392.8,0,False,6.421,0.4799295591907596,,0.6859322263495259,,0.2882104870300573,0.999643162182094,-0.0308778019697033,,,,,0.6018581736209325,0.6327401493777978
Europe,PRM,2023,full year (per-game derived),MOUZ NXT,Tore,Support,48,17.329,0.361,0.3782722190178498,12.143,397.8,0,False,4.257,0.4639417763640667,,-0.0890479958761242,,1.4010057242871323,-0.7176039448716302,-0.2361761109338479,,,,,0.897881658024193,0.8865136305854707
Europe,LFL,2023,full year (per-game derived),Karmine Corp,Targamas,Support,25,16.058,0.6423,0.4641966042043711,10.68,282.8,0,False,6.421,0.442020312072453,,-0.3159240975887779,,1.2693626240235851,-1.364951406428582,-0.097096666207845,,,,,0.6672710319315214,2.194053832437934
Europe,LFL,2023,full year (per-game derived),Team BDS Academy,Erdote,Support,43,15.769,0.3667,0.4530873799891289,11.812,372.8,0,False,6.421,0.4610016510370062,,0.3338978079139098,,-0.2928343541479242,0.5571288528601188,1.2736983614114246,,,,,0.0734527617098378,0.7091621561477514
Europe,LES,2023,full year (per-game derived),Fnatic TQ,Kadir,Support,18,13.631,0.7573,0.059921772429362,13.631,247.8,0,False,13.631,0.4599157671038928,,0.2142696567733216,,-0.1185419611630059,-0.7925476484368359,0.2559070515163971,,,,,0.4954598578416556,0.2559712969215841
Europe,LFL,2023,full year (per-game derived),Team GO,kamilius,Support,63,9.754,0.1548,0.2221988203013943,8.641,472.8,0,False,6.421,0.3731984028724367,,-0.2921617708893874,,0.628696060712658,0.2889115261503017,0.344948820552381,,,,,0.2664990733024971,0.1214791336442113
Europe,LES,2023,full year (per-game derived),Barça eSports,Efias,Support,44,8.146,0.1851,-0.0834470872706159,10.437,377.8,0,False,13.631,0.4496171870264992,,0.1491141330486381,,-0.1632207871245478,-0.5558190084327371,0.1228782435653039,,,,,-0.4144072117519206,0.2719282682031311
Europe,PRM,2023,full year (per-game derived),GamerLegion,Visdom,Support,38,7.983,0.2101,0.0866718600389962,6.292,347.8,0,False,4.257,0.4750355719088504,,0.7284597327256777,,-0.8510598576839671,0.2729184090713299,0.4056285364686691,,,,,0.680125413079431,-0.5554984867339314
Europe,LFL,2023,full year (per-game derived),GameWard,Raxxo,Support,43,7.943,0.1847,0.1526820475526883,7.299,372.8,0,False,6.421,0.4318526743946496,,0.2601872860987504,,0.6648907623586049,0.2515609886485076,0.0670001834493983,,,,,-0.1700444440177477,-0.0954655834665692
Europe,LFL,2023,full year (per-game derived),BK ROG Esports,Veignorem,Support,47,6.421,0.1366,0.0942338527071057,6.421,392.8,0,False,6.421,0.355433052040887,,-0.6162277766133271,,0.1307970408748107,1.022402506826599,1.155297560441508,,,,,-0.5888554890807565,-0.4115618104235384
Europe,LFL,2023,full year (per-game derived),Solary,Steeelback,Support,42,5.692,0.1355,0.0662304147002181,6.005,367.8,0,False,6.421,0.5256537282007208,,1.9489752991391136,,-1.13561557694342,0.3311153762740452,0.2841058745053691,,,,,-1.0233347389816585,0.0069550863063309
Europe,LES,2023,full year (per-game derived),UCAM Esports,Infoneral,Support,18,4.739,0.2633,-0.1725035560381722,10.402,247.8,0,False,13.631,0.4260569119704455,,0.0567341720170166,,0.3143386310489731,-0.9885595349448918,0.1546193650591189,,,,,-0.1744122694350756,-0.3526940711869744
Europe,LES,2023,full year (per-game derived),Guasones,DuaLL,Support,18,4.492,0.2496,-0.1789740733864586,10.312,247.8,0,False,13.631,0.5304630819004771,,0.2193261622886998,,-0.7026567479098355,-1.0187817498989296,0.3253610903965264,,,,,0.4073403075148292,-0.2793416168453255
Europe,PRM,2023,full year (per-game derived),Eintracht Frankfurt,Vaunted,Support,34,4.257,0.1252,-0.0295929660421835,4.257,327.8,0,False,4.257,0.4164363087138763,,0.5310138426511525,,-0.9787880207712494,0.1306477655602986,0.2454872755668846,,,,,0.0414560529401494,-0.1238183629687062
Europe,LFL,2023,full year (per-game derived),Vitality.Bee,JACTROLL,Support,44,2.756,0.0626,-0.046480808941519,4.287,377.8,0,False,6.421,0.4359682726466474,,-0.0696618785727383,,-0.9555605011877388,-0.4460261908205968,0.5383185351146511,,,,,0.304999474896122,0.2699404037486452
Europe,PRM,2023,full year (per-game derived),E WIE EINFACH E-SPORTS,Max1,Support,36,1.589,0.0441,-0.1128232938984684,2.835,337.8,0,False,4.257,0.4673478713451341,,0.7874045125151641,,-0.591605488262117,0.2678561976197707,-0.5241056388958819,,,,,-0.2003053792573852,-0.3555118324679824
Europe,LES,2023,full year (per-game derived),UCAM Esports,Kadir,Support,18,1.509,0.0838,-0.2569546718052235,9.229,247.8,0,False,13.631,0.4012663336408644,,0.5305150364414525,,-0.0206658435087591,-0.971138989830956,-1.294089089883395,,,,,0.1249001306993915,0.0196096458396954
Europe,LES,2023,full year (per-game derived),Los Heretics,marlon,Support,48,-1.509,-0.0314,-0.3358310707814943,4.498,397.8,0,False,13.631,0.3735925664603128,,-1.4639645860783277,,-1.379747294256351,0.5208029956645023,0.4111234067604913,,,,,-0.2770346314144056,0.071900733551801
Europe,PRM,2023,full year (per-game derived),Berlin International Gaming,Leon,Support,54,-1.589,-0.0294,-0.2120018705868272,0.568,427.8,0,False,4.257,0.5100214173933312,,1.2334189937184974,,-0.7532390685833218,-1.0241074072349483,-0.2823150402064516,,,,,-0.0778173649344506,-0.3367614431415959
Europe,PRM,2023,full year (per-game derived),NNO Prime,DuaLL,Support,18,-6.681,-0.3712,-0.3708662724157572,0.285,247.8,0,False,4.257,0.4218723215483207,,-1.2564372494260037,,1.6291743625056356,-0.9517419991976982,-2.442066599121913,,,,,0.5743806336495137,0.1030213191935864
Europe,LFL,2023,full year (per-game derived),IziDream,Klaj,Support,21,-8.267,-0.3937,-0.4696312312684586,0.553,262.8,0,False,6.421,0.3724597228768924,,0.3675964864098041,,-0.8506431302770732,1.318946520987908,0.6686088915445597,,,,,-2.250732578256716,-1.7511771086690795
Europe,LES,2023,full year (per-game derived),Giants,whiteinn,Support,27,-8.833,-0.3271,-0.5272869488655612,3.275,292.8,0,False,13.631,0.4021281793422755,,-0.7866085995297757,,-1.1139886001948882,-1.1961466078175362,0.3354151745830912,,,,,0.3364700801491229,-0.6965479020798168
Europe,PRM,2023,full year (per-game derived),NNO Prime,Saviour,Support,18,-10.526,-0.5848,-0.490852204154132,-1.111,247.8,0,False,4.257,0.3195844051552586,,-1.1176078653140509,,1.0368492022411366,-1.129934219183952,0.3443614279120313,,,,,-0.765557399631781,-1.1487499375893673
Europe,PRM,2023,full year (per-game derived),NNO Prime,Lamabear,Support,3,-12.247,-4.0823,-0.5445338664369235,2.825,172.8,0,False,4.257,,,-0.2843537814233212,,-1.5394090244641256,-1.4276906653847876,-1.2129286085248798,,,,,0.2828612463442388,0.6225473345776825
Europe,LES,2023,full year (per-game derived),Finetwork KOI,seaz,Support,18,-12.755,-0.7086,-0.6298190407734624,4.049,247.8,0,False,13.631,0.3815487013811629,,-1.1077112255144164,,0.8306094809509726,-0.8255865602514204,-1.7583180359378638,,,,,-0.6215345369778918,-0.3630625016828156
Europe,LFL,2023,full year (per-game derived),Karmine Corp,whiteinn,Support,18,-14.22,-0.79,-0.6981568826796848,-1.075,247.8,0,False,6.421,0.4262654291611851,,-0.3188526468830578,,-0.9724750264031368,-1.1273771443296146,-1.4739083086849711,,,,,0.8819634935760962,-1.0822647072186764
Europe,LFL,2023,full year (per-game derived),IziDream,Twiizt,Support,17,-15.984,-0.9402,-0.7659109695435008,-1.421,242.8,0,False,6.421,0.4076823981345148,,0.1074096685995731,,0.1303443713474397,-1.9195903645180064,-2.277092991483341,,,,,-1.055474592648273,0.1819682792445823
Europe,LFL,2023,full year (per-game derived),IziDream,Darlik,Support,1,-17.65,-17.65,-0.8298371160475677,5.682,162.8,0,False,6.421,,,-2.553435234307008,,-1.0141756226349767,-0.5159145362290067,-0.7883799819452036,,,,,1.232706730965588,-1.237826664917353
Europe,PRM,2023,full year (per-game derived),Eintracht Frankfurt,Xioh,Support,2,-27.467,-13.7335,-1.01942034082425,2.367,167.8,0,False,4.257,,,-2.101098302090453,,-0.1594822370631577,1.1767839600853094,0.64743054267661,,,,,-2.938075417674242,-2.397548540868504
Europe,LES,2023,full year (per-game derived),Guasones,Mystiques,Support,14,-45.167,-3.2262,-1.4770724229743692,-4.434,227.8,0,False,13.631,0.4615899692966025,,0.3019392776473208,,-1.5308456447332608,-1.2772820142853167,-1.9654582047566824,,,,,-2.635791636840483,-1.6994115364971083
Europe,PRM,2024,full year (per-game derived),E WIE EINFACH E-SPORTS,Rocklho,Top,1,46.803,46.803,1.3581401392052268,12.975,162.8,0,False,11.903,,1.9643307321039176,,,,,,,,-1.2602298743028149,,,2.0523342057008627
Europe,LES,2024,full year (per-game derived),Movistar KOI,Marky,Top,46,40.62,0.883,0.8635564699664982,28.209,509.8,61,False,11.227,1.011970404081015,-0.441910773125495,,,,,,,,0.7176108727927419,,,1.9980049403025637
Europe,LES,2024,full year (per-game derived),Guasones,Spooder,Top,31,34.399,1.1096,0.6837644167505904,22.708,312.8,0,False,11.227,1.4377313544024486,1.0070005937281852,,,,,,,,-0.021474446396404,,,0.7398615733811923
Europe,LFL,2024,full year (per-game derived),Team BDS Academy,JNX,Top,54,32.485,0.6016,0.6974900164279817,28.598,535.8,54,False,3.567,1.400342785478048,-0.0568663224481167,,,,,,,,1.753671631341302,,,0.8346081050932802
Europe,PRM,2024,full year (per-game derived),Austrian Force willhaben,Tracyn,Top,47,31.422,0.6686,0.7553852163622565,19.334,468.8,38,False,11.903,1.574934095830006,0.4472150297839476,,,,,,,,1.0033674037307363,,,0.8948052838497459
Europe,LES,2024,full year (per-game derived),Ramboot Club,iBo,Top,48,31.411,0.6544,0.5973962484034794,23.46,493.8,48,False,11.227,0.9432331565910574,0.4142006544523078,,,,,,,,1.4488836300057657,,,0.360243833635217
Europe,LES,2024,full year (per-game derived),Los Heretics,Carlsen,Top,52,30.398,0.5846,0.5681012476643043,20.58,513.8,48,False,11.227,1.117040443131371,0.2968865347038591,,,,,,,,0.168024567421702,,,0.9718572311058512
Europe,LFL,2024,full year (per-game derived),Team GO,Lot,Top,49,28.704,0.5858,0.5893586139928367,21.199,496.8,47,False,3.567,1.117966535626947,0.51457468993363,,,,,,,,-0.2595987244357325,,,1.0364351602360826
Europe,LES,2024,full year (per-game derived),ZETA,Westlander,Top,18,26.529,1.4738,0.4562929220291131,16.784,247.8,0,False,11.227,0.9373817977915526,0.93214572590443,,,,,,,,-0.589025672671403,,,0.5421036255404522
Europe,PRM,2024,full year (per-game derived),Eintracht Frankfurt,Agresivoo,Top,18,21.387,1.1882,0.3621770724088823,12.709,291.8,44,False,11.903,1.1538706715914342,0.0626831433201768,,,,,,,,-0.3470885552670252,,,0.9296110269705083
Europe,PRM,2024,full year (per-game derived),Berlin International Gaming,Vizicsacsi,Top,36,20.335,0.5649,0.3209422444153519,23.472,445.8,54,False,11.903,1.1298940279841934,1.2486229641003428,,,,,,,,-0.6653342567179369,,,0.0102382470063998
Europe,LFL,2024,full year (per-game derived),Solary,Kryze,Top,36,18.645,0.5179,0.3016724642808496,12.01,423.8,43,False,3.567,1.0066568853466682,-0.2930018806538752,,,,,,,,0.3967882250297677,,,0.7449897643415708
Europe,LFL,2024,full year (per-game derived),Karmine Corp Blue,Maynter,Top,54,18.279,0.3385,0.2911979726867472,12.851,427.8,0,False,3.567,1.172385045690939,-0.5786424155763463,,,,,,,,1.0389036548202857,,,0.6630193439322153
Europe,PRM,2024,full year (per-game derived),NNO Prime,Scarface,Top,54,15.656,0.2899,0.1375977263300861,13.659,481.8,36,False,11.903,1.0756722530307437,-0.7500047835634474,,,,,,,,0.4998168365387014,,,0.6991729116026972
Europe,LES,2024,full year (per-game derived),Guasones,Banderas,Top,18,15.129,0.8405,0.126765454844829,12.644,247.8,0,False,11.227,0.9137152794772132,-0.3232133493665853,,,,,,,,1.5239069612635587,,,-0.1401343900816182
Europe,LES,2024,full year (per-game derived),ZETA,HeSSZero,Top,18,14.875,0.8264,0.119434244830866,12.552,247.8,0,False,11.227,1.002627602802393,0.5131425593655589,,,,,,,,-0.5716820270663997,,,0.1114530201648744
Europe,LES,2024,full year (per-game derived),Case Esports,Badlulu,Top,27,13.39,0.4959,0.0765116932373898,10.07,378.8,43,False,11.227,1.3435810406253104,1.4917885091897047,,,,,,,,-0.5927674338253667,,,-0.7772242802405239
Europe,PRM,2024,full year (per-game derived),E WIE EINFACH E-SPORTS,Flamer,Top,35,12.333,0.3524,0.0073582582717537,11.312,410.8,39,False,11.903,1.550553912554968,-0.6105801678732308,,,,,,,,0.094840392421057,,,0.4731796368679669
Europe,PRM,2024,full year (per-game derived),Eintracht Frankfurt,Difference,Top,18,11.903,0.6613,-0.0094663656091204,11.903,247.8,0,False,11.903,0.9892312642987768,1.2501142258392126,,,,,,,,-0.9280078402825184,,,-0.6225134519425756
Europe,PRM,2024,full year (per-game derived),FC Schalke 04 Esports,Sacre,Top,48,11.597,0.2416,-0.0214600321474879,14.56,485.8,44,False,11.903,1.4110401784636808,0.1154718221903989,,,,,,,,-0.8105610087224588,,,0.2251870763828641
Europe,LES,2024,full year (per-game derived),UCAM Esports,ACD,Top,22,9.065,0.412,-0.0485009882178127,10.339,267.8,0,False,11.227,1.0467722631006389,0.830488879282588,,,,,,,,-0.3091773044297625,,,-0.6491852815308907
Europe,LFL,2024,full year (per-game derived),Gentle Mates,Ragner,Top,47,7.554,0.1607,-0.0155430468422265,12.323,518.8,63,False,3.567,1.2765095119910244,-1.2555075342698148,,,,,,,,-0.0269833102788207,,,1.0041734717060702
Europe,LES,2024,full year (per-game derived),UCAM Esports,Sinmivak,Top,28,6.11,0.2182,-0.1339191506893418,9.361,393.8,48,False,11.227,0.8959405514488835,-1.3535021080037877,,,,,,,,0.2891666341548828,,,0.6716097303660118
Europe,LFL,2024,full year (per-game derived),BK ROG Esports,Howling,Top,46,3.567,0.0775,-0.1295842819027452,5.318,481.8,47,False,3.567,1.2489383993953669,-0.7860760552497592,,,,,,,,-0.6060145492668073,,,0.6241045632739307
Europe,LFL,2024,full year (per-game derived),Team du Sud,SLT,Top,36,3.308,0.0919,-0.1369844583728102,3.429,337.8,0,False,3.567,0.9258799531212096,2.3994653157063928,,,,,,,,-1.9794905590355512,,,-1.374758773227276
Europe,LFL,2024,full year (per-game derived),Aegis,Badlulu,Top,18,2.701,0.1501,-0.1543479004182326,3.119,333.8,43,False,3.567,1.1469163295418034,0.6925524619541839,,,,,,,,-0.1930865826598684,,,-0.8296578867949207
Europe,LES,2024,full year (per-game derived),Barça eSports,WhiteKnight,Top,47,1.962,0.0417,-0.2537908601331373,4.644,480.8,44,False,11.227,1.1730699998536558,-0.6643949507692565,,,,,,,,0.2011843586425003,,,-0.1246489763288752
Europe,PRM,2024,full year (per-game derived),Unicorns of Love Sexy Edition,Shelfmade,Top,33,1.608,0.0487,-0.4129052474342479,6.641,322.8,0,False,11.903,0.7929967205957902,-1.0064482364432503,,,,,,,,2.0734568294400346,,,-1.0574437459151926
Europe,PRM,2024,full year (per-game derived),Unicorns of Love Sexy Edition,Addusto,Top,24,0.672,0.028,-0.4495833099288103,7.052,277.8,0,False,11.903,0.7618404466728247,-0.6395432349443084,,,,,,,,1.0776198906633434,,,-0.9883448260943818
Europe,LES,2024,full year (per-game derived),GIANTX iTero,R4VEN,Top,21,0.069,0.0033,-0.3085223262062443,5.897,350.8,44,False,11.227,0.8783337592162086,-0.7450469464202224,,,,,,,,-1.2771021340067394,,,0.488897730241781
Europe,LES,2024,full year (per-game derived),LUA Gaming,Sotsy,Top,18,-0.206,-0.0114,-0.3164779362683385,7.076,247.8,0,False,11.227,0.9003511104375903,-2.499700273909833,,,,,,,,2.0080573234811285,,,0.413187949188581
Europe,PRM,2024,full year (per-game derived),SK Gaming Prime,Venour,Top,52,-2.016,-0.0388,-0.5548955378085301,4.536,535.8,59,False,11.903,1.113626735843295,-0.823021288439204,,,,,,,,0.1977672875355301,,,-0.6776393897216425
Europe,LFL,2024,full year (per-game derived),Vitality.Bee,Naak Nako,Top,54,-2.701,-0.05,-0.308835633082215,-0.389,427.8,0,False,3.567,0.977198382451411,-0.8670268470368838,,,,,,,,0.4939266968890021,,,-0.217025698924403
Europe,PRM,2024,full year (per-game derived),Eintracht Spandau,Vertigo,Top,56,-3.664,-0.0654,-0.6195094311286725,-2.001,509.8,36,False,11.903,1.199830615263321,-1.3277478905184503,,,,,,,,0.2830418159635232,,,-0.4502921675789433
Europe,LFL,2024,full year (per-game derived),GameWard,Pride,Top,40,-6.19,-0.1548,-0.4086417018366871,4.069,449.8,46,False,3.567,1.0132916943689845,-0.1102542722175923,,,,,,,,0.3473859691843216,,,-0.9964258128982232
Europe,PRM,2024,full year (per-game derived),MOUZ NXT,Fornoreason,Top,36,-10.153,-0.282,-0.8737807329366826,0.152,337.8,0,False,11.903,1.2332367164513445,0.0689076844439132,,,,,,,,-1.2186889210001772,,,-1.4882948071283086
Europe,LES,2024,full year (per-game derived),Rebels Gaming,R4VEN,Top,18,-11.646,-0.647,-0.6471314573345355,3.018,335.8,44,False,11.227,1.379406975828837,0.3644787165373768,,,,,,,,-1.0316379318874904,,,-1.3000368384329386
Europe,LES,2024,full year (per-game derived),GIANTX iTero,Th3Antonio,Top,32,-14.22,-0.4444,-0.721540248531926,-1.016,371.8,27,False,11.227,1.167221782818666,0.3658842284341937,,,,,,,,-0.7233215119854307,,,-1.61044151902534
Europe,LFL,2024,full year (per-game derived),Aegis,Agresivoo,Top,18,-17.279,-0.9599,-0.7257820449334692,-3.724,291.8,44,False,3.567,1.1447683859223572,0.3407828598582634,,,,,,,,-0.9655024515879008,,,-1.4894622367383272
Europe,LES,2024,full year (per-game derived),Rebels Gaming,Spooder,Top,18,-25.997,-1.4443,-1.0619397303457383,-2.29,247.8,0,False,11.227,0.9883361519817876,-0.1882480000030353,,,,,,,,-1.2406458854932845,,,-1.695548348286338
Europe,LES,2024,full year (per-game derived),Ramboot Club,Leb,Jungle,48,38.159,0.795,0.977844779222226,25.554,397.8,0,False,6.386,0.9090583623679386,0.630087544947856,0.6788771201029574,,,,,1.3513107366028936,1.2511037152351974,,,,
Europe,PRM,2024,full year (per-game derived),SK Gaming Prime,Rabble,Jungle,52,37.334,0.718,1.0433119244034106,28.356,501.8,42,False,7.04,0.8257320391777772,1.354283342608806,0.3624206463147886,,,,,1.4910900382420649,0.9654536704479834,,,,
Europe,LFL,2024,full year (per-game derived),BK ROG Esports,Rhilech,Jungle,24,37.237,1.5515,0.6761927891060348,24.495,277.8,0,False,14.808,0.8049967650334318,1.020184742236373,0.0968558716237173,,,,,0.6681566151992465,0.9195739273648024,,,,
Europe,LFL,2024,full year (per-game derived),Team du Sud,TynX,Jungle,36,34.344,0.954,0.5934666927089163,25.217,337.8,0,False,14.808,0.8584317131783614,0.5606479532088567,0.5440389293582413,,,,,-0.0456995440263314,1.3148794322948985,,,,
Europe,LES,2024,full year (per-game derived),Barça eSports,Pridestalkr,Jungle,17,33.861,1.9918,0.8536256078211999,21.098,336.8,47,False,6.386,0.9009637515602577,0.5253834982791482,0.6898805990071801,,,,,0.9890183353550688,1.210219998643402,,,,
Europe,LES,2024,full year (per-game derived),Los Heretics,Xerxe,Jungle,52,31.729,0.6102,0.7919976308840526,22.74,462.8,45,False,6.386,0.965174472246984,-0.190891136347225,1.6854255386629855,,,,,1.0611042632350425,0.6123518579854075,,,,
Europe,LFL,2024,full year (per-game derived),GameWard,Zicssi,Jungle,40,31.258,0.7814,0.5051972807033887,24.002,357.8,0,False,14.808,0.7656267493642922,0.2556535249065358,-0.1004593465975605,,,,,0.4559367664846373,1.4096581780199422,,,,
Europe,LFL,2024,full year (per-game derived),Team BDS Academy,SkewMond,Jungle,54,30.939,0.5729,0.49608069305116,23.122,521.8,47,False,14.808,0.8540987833626362,-0.5646567181319044,1.2378555053537463,,,,,1.267925534045609,0.043198450937189,,,,
Europe,PRM,2024,full year (per-game derived),MOUZ NXT,Afroboi,Jungle,18,29.527,1.6404,0.7373816610062062,7.003,335.8,44,False,7.04,0.8836919626189096,-0.2268403412021744,1.3016959610009886,,,,,0.4616089409667617,1.4130620832592489,,,,
Europe,LES,2024,full year (per-game derived),Guasones,Ryuzaki,Jungle,18,24.706,1.3726,0.5889936013536647,13.039,247.8,0,False,6.386,0.8981509441427077,0.0235811083545664,1.237659999470858,,,,,0.7918424488087921,0.302890848780442,,,,
Europe,PRM,2024,full year (per-game derived),Eintracht Frankfurt,Pabu,Jungle,36,24.446,0.6791,0.5382599675960562,16.314,337.8,0,False,7.04,0.7990204337154692,-0.0674210487143687,0.5739387848523587,,,,,0.4814555349339546,1.1650665993122804,,,,
Europe,LFL,2024,full year (per-game derived),BK ROG Esports,113,Jungle,22,22.16,1.0073,0.2449745690800232,14.854,309.8,42,False,14.808,0.6572659918702779,1.553212079078092,-1.2401820357005056,,,,,0.6626739670988805,0.0041942658436259,,,,
Europe,LFL,2024,full year (per-game derived),Karmine Corp Blue,113,Jungle,25,19.739,0.7896,0.1757315126295993,14.26,324.8,42,False,14.808,0.6485700510405294,1.4028655466970767,-1.0826079060197031,,,,,0.8868047046774783,-0.5041362948364548,,,,
Europe,PRM,2024,full year (per-game derived),Unicorns of Love Sexy Edition,Lurox,Jungle,57,19.357,0.3396,0.3388466407678919,15.933,550.8,54,False,7.04,0.8133444383274682,-1.3077774918015974,1.38017944588913,,,,,0.8094358421939563,0.4735487667900787,,,,
Europe,LES,2024,full year (per-game derived),Movistar KOI,MAXI,Jungle,23,19.138,0.8321,0.4280813042375935,10.266,358.8,43,False,6.386,0.9120155288773982,0.6117466087586325,1.2867399777370614,,,,,0.3091234146641324,-0.4952847842094524,,,,
Europe,LFL,2024,full year (per-game derived),Vitality.Bee,Daglas,Jungle,30,15.823,0.5274,0.0637377998922969,16.193,354.8,47,False,14.808,0.7915559758867835,0.0974462775033153,0.456678134159422,,,,,-0.7701232823994022,0.4709500703058525,,,,
Europe,LES,2024,full year (per-game derived),GIANTX iTero,Peach,Jungle,23,14.101,0.6131,0.2824891528316495,10.983,333.8,61,False,6.386,0.7272979987128644,0.1745595983494748,-0.3919970389288548,,,,,0.8677752472796544,0.4796188046263239,,,,
Europe,LFL,2024,full year (per-game derived),Solary,Eckas,Jungle,36,13.792,0.3831,0.0056590733605616,16.561,423.8,43,False,14.808,0.9557289288317716,-0.2541929715352079,1.7983298763885147,,,,,-1.2257906864747008,-0.2957099249363595,,,,
Europe,LES,2024,full year (per-game derived),ZETA,DahVys,Jungle,10,12.466,1.2466,0.23523312373953,7.849,207.8,0,False,6.386,0.6628712277863545,-0.1663876211999838,-1.5352993568793,,,,,0.6818778800925958,1.960741592944808,,,,
Europe,LES,2024,full year (per-game derived),Rebels Gaming,naau,Jungle,18,11.791,0.6551,0.2157208626801069,8.349,247.8,0,False,6.386,0.862099191128601,1.501274509002005,0.2719573094652179,,,,,-0.907745319888022,-0.0026030478587729,,,,
Europe,LFL,2024,full year (per-game derived),Karmine Corp Blue,Lyncas,Jungle,29,11.508,0.3968,-0.0596702197144056,9.219,428.8,63,False,14.808,0.7214151123485428,-0.6635142641272874,0.620716877294504,,,,,0.8145391467784026,-1.0104226388032416,,,,
Europe,PRM,2024,full year (per-game derived),Berlin International Gaming,Densi,Jungle,36,8.898,0.2472,-0.0710225626850525,8.03,337.8,0,False,7.04,0.7784552438644327,0.946973014546852,0.449139219829001,,,,,-1.4416954764805638,-0.2385070086354994,,,,
Europe,LES,2024,full year (per-game derived),LUA Gaming,Sn1lle,Jungle,17,7.217,0.4245,0.0834913853275122,6.677,242.8,0,False,6.386,0.8655203208166149,0.2945001198534471,1.0742415809442696,,,,,-0.6857321299897234,-0.3490440294979445,,,,
Europe,PRM,2024,full year (per-game derived),Austrian Force willhaben,adi1,Jungle,47,7.04,0.1498,-0.1438338604291741,7.04,392.8,0,False,7.04,0.5942459342430529,0.8139930295757881,-1.8971575679504544,,,,,0.8169040447784623,-0.3090749481204924,,,,
Europe,PRM,2024,full year (per-game derived),NNO Prime,Shlatan,Jungle,54,6.586,0.122,-0.1615951683836362,4.302,511.8,42,False,7.04,0.6258225331856749,-0.6239258112913016,-1.0364158280717188,,,,,0.5170767113481093,0.4968842544803662,,,,
Europe,LES,2024,full year (per-game derived),UCAM Esports,Koldo,Jungle,50,6.395,0.1279,0.0597547157404859,6.679,503.8,48,False,6.386,0.8424807786189783,0.7986315459295042,0.6453272876036353,,,,,-0.7945301399609251,-0.4104098306102706,,,,
Europe,LES,2024,full year (per-game derived),Rebels Gaming,AHaHaCiK,Jungle,18,6.378,0.3543,0.0592591512882416,4.381,335.8,44,False,6.386,0.7525838444728012,0.8486261029800534,0.0339613821308199,,,,,0.3353063622767556,-0.9808572422346624,,,,
Europe,LFL,2024,full year (per-game derived),Aegis,Citrus,Jungle,18,4.846,0.2692,-0.2502116075927536,11.19,247.8,0,False,14.808,0.679611838007229,-0.4248314868846497,-0.3690110561332461,,,,,-0.7773870131319714,0.5703831257788529,,,,
Europe,LES,2024,full year (per-game derived),GIANTX iTero,Akabane,Jungle,8,4.6,0.575,0.0078491300414092,5.298,203.8,3,False,6.386,0.6819527175811996,-1.0182069919747458,0.1483783602651781,,,,,0.990590495494392,-0.0893653436191873,,,,
Europe,LES,2024,full year (per-game derived),GIANTX iTero,Juhan,Jungle,22,4.485,0.2039,0.0045498644409385,5.606,267.8,0,True,6.386,0.6321334090734457,0.3767145636447253,-1.8276926592678515,,,,,0.7743708023443759,0.6948067510425044,,,,
Europe,PRM,2024,full year (per-game derived),FC Schalke 04 Esports,Cboi,Jungle,48,2.461,0.0513,-0.3232322766983207,4.278,397.8,0,False,7.04,0.6261257908839922,-0.4635988253361141,-0.8806033908647715,,,,,0.1284123404974073,-0.0771392310898045,,,,
Europe,LES,2024,full year (per-game derived),Guasones,Thayger,Jungle,31,0.0,0.0,-0.1250958931119797,3.222,312.8,0,False,6.386,0.6934181395715072,-0.9915305356769396,0.0612089229155308,,,,,0.01548465955214,0.4144533807613498,,,,
Europe,LFL,2024,full year (per-game derived),Vitality.Bee,Selfmade,Jungle,24,-1.615,-0.0673,-0.4349952974201486,7.715,277.8,0,False,14.808,0.5094551899457506,-1.932090279229079,-2.001077429410413,,,,,1.255712440728204,0.9374740782306932,,,,
Europe,LFL,2024,full year (per-game derived),Gentle Mates,White,Jungle,47,-2.172,-0.0462,-0.4509127412529033,2.264,478.8,43,False,14.808,0.6437403634119114,0.1131245142109344,-0.2406377669127587,,,,,-0.1879553463519078,-1.4881823659578812,,,,
Europe,PRM,2024,full year (per-game derived),Eintracht Spandau,Zanzarah,Jungle,56,-2.461,-0.0439,-0.5161405381391679,3.353,529.8,46,False,7.04,0.6768936580167096,0.3238898508326711,-0.0156836928946378,,,,,-0.9510265186460168,-1.421741791848688,,,,
Europe,PRM,2024,full year (per-game derived),E WIE EINFACH E-SPORTS,D4nKa,Jungle,36,-2.922,-0.0812,-0.5341793846348426,2.317,397.8,39,False,7.04,0.6654351828722732,1.012700189968633,-0.4799579542017567,,,,,-1.3394763243235432,-1.3299834499827037,,,,
Europe,LES,2024,full year (per-game derived),ZETA,NoName,Jungle,18,-5.162,-0.2868,-0.2742908123889166,4.738,297.8,25,False,6.386,0.6844563159840612,1.03535835828242,-0.8930001096449822,,,,,-0.4053077458077092,-0.8342137523853951,,,,
Europe,LES,2024,full year (per-game derived),Case Esports,MAXI,Jungle,27,-5.753,-0.2131,-0.2913847337864408,1.865,378.8,43,False,6.386,0.700393791639752,-0.0248346837421854,-0.3859123120986206,,,,,-0.8168686961012099,0.0620767567962526,,,,
Europe,LES,2024,full year (per-game derived),ZETA,Indecision,Jungle,8,-7.084,-0.8855,-0.3298467579019951,3.663,197.8,0,False,6.386,0.686583611665376,-0.3817252982662808,-0.4719063318625738,,,,,-0.9601008230321528,0.4943454215530269,,,,
Europe,LFL,2024,full year (per-game derived),Team GO,Boukada,Jungle,49,-7.522,-0.1535,-0.6039186539646714,1.227,402.8,0,False,14.808,0.7312058184408582,0.3567758542374275,0.5738523456600481,,,,,-1.6034308402589013,-1.74287197549726,,,,
Europe,PRM,2024,full year (per-game derived),MOUZ NXT,Alex234,Jungle,18,-12.456,-0.692,-0.9077964028033813,-0.04,247.8,0,False,7.04,0.635916931146124,-1.7622759091872098,0.2424443760970754,,,,,-0.9737851335105924,-1.137568944612798,,,,
Europe,LES,2024,full year (per-game derived),Movistar KOI,NoName,Jungle,23,-14.695,-0.6389,-0.5498492022829271,0.575,322.8,25,False,6.386,0.6616012103564872,-0.2902141387514889,0.1118368856820318,,,,,-0.2596363468571573,-1.7613832092050945,,,,
Europe,LES,2024,full year (per-game derived),Barça eSports,Thayger,Jungle,30,-14.9,-0.4967,-0.5557783854125875,-3.986,307.8,0,False,6.386,0.6275946036690881,-0.5295534931349505,-0.7607219799139796,,,,,-0.639691453555621,-0.2931466150457989,,,,
Europe,LFL,2024,full year (per-game derived),Aegis,Ryuzaki,Jungle,18,-20.018,-1.1121,-0.9613318905870814,2.161,247.8,0,False,14.808,0.6045966465333402,-1.5206247721704602,-0.2943519990640215,,,,,-1.4013624623692431,-0.6289883287446004,,,,
Europe,LES,2024,full year (per-game derived),LUA Gaming,Phyro,Jungle,1,-80.873,-80.873,-2.462644524723748,3.707,162.8,0,False,6.386,,-3.227119659288032,-1.6589651753915553,,,,,-2.698191990513321,-2.266301273702081,,,,
Europe,PRM,2024,full year (per-game derived),NNO Prime,Serin,Middle,54,39.351,0.7287,1.0461366214917307,29.409,427.8,0,False,12.401,2.1204620198765363,1.712135601391074,1.0436628802648935,,,,,0.0202162604518544,,,2.114123700439843,,
Europe,LES,2024,full year (per-game derived),GIANTX iTero,Feisty,Middle,53,33.803,0.6378,0.6694452413328013,26.539,422.8,0,True,14.345,1.4566204043475577,-0.3581234877935774,0.2911686864368942,,,,,1.5715066203415993,,,0.5530014077382205,,
Europe,LES,2024,full year (per-game derived),UCAM Esports,Baca,Middle,50,32.64,0.6528,0.6358136122039159,20.685,503.8,48,False,14.345,1.7750245262484998,-0.1337065774963579,1.350869449345338,,,,,0.6203759995346388,,,0.7159977724384617,,
Europe,PRM,2024,full year (per-game derived),Eintracht Spandau,PowerOfEvil,Middle,56,31.274,0.5585,0.7296279008549307,24.47,437.8,0,False,12.401,2.2409659703366827,0.649348489502216,1.523271783632118,,,,,0.3793058206973964,,,0.6071522455037565,,
Europe,LES,2024,full year (per-game derived),Los Heretics,Zwyroo,Middle,16,30.533,1.9083,0.574903720798245,15.164,333.8,48,False,14.345,1.4792740313325583,1.4416057529553503,0.1560330556312455,,,,,0.7198187686055603,,,-0.1173136290522297,,
Europe,LES,2024,full year (per-game derived),Movistar KOI,Random,Middle,46,30.065,0.6536,0.5613760302774596,20.279,477.8,45,False,14.345,1.3200936064863356,1.111154805590949,-0.7756372443629,,,,,0.9118103440836476,,,0.757787033857665,,
Europe,LES,2024,full year (per-game derived),ZETA,PrettyGRE,Middle,18,28.953,1.6085,0.5292491604696848,19.649,247.8,0,True,14.345,1.6173441823061403,-0.1579778151073969,0.6155693762635389,,,,,0.4798572628243758,,,1.2134773038944124,,
Europe,PRM,2024,full year (per-game derived),Unicorns of Love Sexy Edition,TolanD,Middle,57,25.806,0.4527,0.5153831606963769,21.028,442.8,0,False,12.401,1.301513866635941,0.8032463063679826,-1.0273051247462777,,,,,1.3098612594658183,,,0.4300402426687636,,
Europe,LES,2024,full year (per-game derived),Rebels Gaming,Javier,Middle,18,21.87,1.215,0.3245072943423543,17.077,247.8,0,False,14.345,1.8191915631518083,-0.931477501023904,1.2336116031204722,,,,,-0.2735550805338154,,,1.6803495461651097,,
Europe,LFL,2024,full year (per-game derived),Solary,Decay,Middle,36,21.23,0.5897,0.5047573954403959,12.055,427.8,45,False,5.62,1.5884931149676396,-0.2821160309702566,0.6320738967946475,,,,,0.0883999020473764,,,1.8669677005781449,,
Europe,LFL,2024,full year (per-game derived),Karmine Corp Blue,Abbedagge,Middle,25,20.961,0.8384,0.4970633067792718,10.965,319.8,37,False,5.62,1.620090846540624,0.1559386644698739,1.3710136373801354,,,,,0.8205755885423615,,,-0.5821843996452098,,
Europe,PRM,2024,full year (per-game derived),SK Gaming Prime,Diplex,Middle,52,20.23,0.389,0.296862136817127,17.273,417.8,0,True,12.401,1.761878638156728,-0.5231355156873341,0.94841602186554,,,,,0.4300795760029046,,,0.2401608808536496,,
Europe,LES,2024,full year (per-game derived),Guasones,Xico,Middle,49,18.849,0.3847,0.2371894867889883,12.993,472.8,35,False,14.345,1.3793329516490271,0.5360842132215309,-0.3945359134455493,,,,,0.257655311059104,,,0.5357748525871474,,
Europe,PRM,2024,full year (per-game derived),Berlin International Gaming,Sencux,Middle,36,18.849,0.5236,0.2427712984130228,17.899,433.8,48,False,12.401,1.611362009773131,-0.1367248230329318,0.3516301195910387,,,,,0.9526323872430108,,,-0.6847202239206021,,
Europe,LFL,2024,full year (per-game derived),Team BDS Academy,RKR,Middle,54,17.749,0.3287,0.4052072424184642,11.724,513.8,43,False,5.62,1.4126914784298916,1.0613256119649117,-0.1063186572015013,,,,,1.1723965723650758,,,-1.0339797244176197,,
Europe,LFL,2024,full year (per-game derived),Aegis,Nafkelah,Middle,20,16.048,0.8024,0.3565533431117959,8.101,329.8,36,False,5.62,1.5725895147033409,1.3364860207361993,0.2145288807242819,,,,,0.5719090955990389,,,-0.844757912205584,,
Europe,LFL,2024,full year (per-game derived),Gentle Mates,Mireu,Middle,18,16.047,0.8915,0.3565358835875745,9.406,247.8,0,False,5.62,1.3438512743169668,0.5096131919529788,-1.7850752884599728,,,,,1.3795169759444494,,,0.6195234175403679,,
Europe,LES,2024,full year (per-game derived),Barça eSports,SAJATOR,Middle,47,15.075,0.3207,0.1281064463876633,12.216,480.8,44,False,14.345,1.432591106918199,0.1963286324681916,0.2016330340502273,,,,,0.9036722815878856,,,-1.3226486720851351,,
Europe,LES,2024,full year (per-game derived),Los Heretics,Sertuss,Middle,36,13.614,0.3782,0.085890726874372,10.878,389.8,52,False,14.345,1.4731035903601208,0.2657959516649418,0.5628225871891694,,,,,0.3185172468296792,,,-0.9637885540581967,,
Europe,LFL,2024,full year (per-game derived),BK ROG Esports,Czekolad,Middle,46,10.326,0.2245,0.1929161586273596,8.249,481.8,47,False,5.62,1.311110513252182,1.79357525728693,-1.51866630483759,,,,,0.89204252167196,,,-0.8753181533122661,,
Europe,LES,2024,full year (per-game derived),Rebels Gaming,Special,Middle,18,7.818,0.4343,-0.0816365068648511,18.961,339.8,46,False,14.345,1.167119128236649,-0.3053313016573933,-0.8647624645603217,,,,,0.3610523715939692,,,0.1783971680356987,,
Europe,PRM,2024,full year (per-game derived),Austrian Force willhaben,ESCIK,Middle,47,5.953,0.1267,-0.2625962387705252,8.463,428.8,18,False,12.401,1.6092439818622557,-0.483873988187353,0.5287408434797435,,,,,0.0399684456269817,,,-1.3436842640152529,,
Europe,LFL,2024,full year (per-game derived),Team GO,Dajor,Middle,28,5.88,0.21,0.0657543865493947,5.118,323.8,26,False,5.62,1.3811939636033186,-0.654645115313798,0.0436392996923505,,,,,-0.1983499315106883,,,1.2540250278261982,,
Europe,LFL,2024,full year (per-game derived),Karmine Corp Blue,Vladi,Middle,29,5.36,0.1848,0.0508821622271728,5.496,302.8,0,False,5.62,1.4744088562678617,0.580209829239241,0.2047582296316169,,,,,-0.2808778544438021,,,-0.0724611952797729,,
Europe,LFL,2024,full year (per-game derived),Team du Sud,FEBIVEN,Middle,36,4.903,0.1362,0.0377927837062384,4.64,445.8,54,False,5.62,1.562219402512767,-0.7952285397633707,0.9941317204573216,,,,,-0.8952826895407237,,,1.4888377418041892,,
Europe,PRM,2024,full year (per-game derived),FC Schalke 04 Esports,Simpli,Middle,48,3.584,0.0747,-0.3554375767147356,7.996,485.8,44,False,12.401,1.380722104996805,-0.0517310356530541,-0.6049901369604731,,,,,-0.9535479594912348,,,0.5999944389792328,,
Europe,LFL,2024,full year (per-game derived),Vitality.Bee,Czajek,Middle,54,0.937,0.0174,-0.075634154427727,5.596,515.8,44,False,5.62,1.5998805765357496,0.265632772196214,1.3908101456666464,,,,,-0.8413183201813734,,,-0.5917389336950184,,
Europe,LFL,2024,full year (per-game derived),Team GO,Six10,Middle,21,-0.312,-0.0149,-0.1113541728212991,3.25,262.8,0,False,5.62,1.1142543937629907,-1.423173163640686,-1.3755881858000414,,,,,1.068233901700594,,,0.4744255847199912,,
Europe,PRM,2024,full year (per-game derived),E WIE EINFACH E-SPORTS,Relative,Middle,36,-1.195,-0.0332,-0.5426792315451805,5.157,337.8,0,False,12.401,1.059971787238018,-1.5215730204760491,-1.3690519699823072,,,,,0.590017358464616,,,-0.6487494839694171,,
Europe,LES,2024,full year (per-game derived),Ramboot Club,twohoyrz,Middle,48,-2.606,-0.0543,-0.3829346827251131,2.425,483.8,43,False,14.345,1.34495682035954,-0.8485455813416077,0.1844098159193381,,,,,-0.1906665035406397,,,-0.8094375230544054,,
Europe,LES,2024,full year (per-game derived),ZETA,Siler,Middle,12,-5.065,-0.4221,-0.4540131185903753,8.998,217.8,0,False,14.345,1.4019619787560111,-2.5783015367185613,0.5791823989674272,,,,,-0.4452444863875886,,,0.6217960166506175,,
Europe,PRM,2024,full year (per-game derived),Eintracht Frankfurt,ZaZee,Middle,36,-7.211,-0.2003,-0.7784579227996493,2.485,409.8,36,False,12.401,1.222144769612361,-1.2380354581013056,-0.5974497903335565,,,,,-0.6928385580279998,,,-0.6444786377842473,,
Europe,LES,2024,full year (per-game derived),LUA Gaming,Tsiperakos,Middle,18,-7.418,-0.4121,-0.5220339830231974,6.442,247.8,0,False,14.345,1.433209631623972,0.1949552195070462,0.4750954570728529,,,,,-1.1837414022929016,,,-1.119814332198559,,
Europe,PRM,2024,full year (per-game derived),MOUZ NXT,Kaymin,Middle,36,-10.099,-0.2805,-0.8916101484431093,-5.848,445.8,54,False,12.401,1.3517759110432876,0.7903434438767626,-0.7969246268107241,,,,,-2.0756945904333484,,,-0.6698388987557838,,
Europe,LES,2024,full year (per-game derived),Case Esports,Javier,Middle,27,-11.649,-0.4314,-0.6443234962553428,2.361,292.8,0,False,14.345,1.366021920893019,-0.5503872086656605,0.1803472209816526,,,,,-0.4235434241068005,,,-1.935941720234384,,
Europe,LFL,2024,full year (per-game derived),Gentle Mates,Eika,Middle,29,-13.626,-0.4699,-0.4921425911177728,-3.045,396.8,47,False,5.62,1.355481340995733,-0.2051746211780429,-0.2377276846301992,,,,,-1.0230374884699365,,,-0.1376195999589064,,
Europe,LES,2024,full year (per-game derived),ZETA,Miniduke,Middle,4,-15.439,-3.8598,-0.7538664419569938,10.995,177.8,0,False,14.345,,0.7371274580566823,-2.755521251456704,,,,,-1.1132637749098822,,,0.3643106669851571,,
Europe,LFL,2024,full year (per-game derived),Aegis,Naehyun,Middle,16,-18.473,-1.1546,-0.6307654857049871,-2.484,237.8,0,False,5.62,1.3196029141469616,-1.5086207532776963,0.4330054954875778,,,,,-0.9832153052739662,,,-0.2223279037471907,,
Europe,LES,2024,full year (per-game derived),ZETA,Arven,Middle,2,-20.761,-10.3805,-0.9076734900595984,12.253,167.8,0,False,14.345,,1.3807989763398132,-1.0402858111526727,,,,,-2.514251534688833,,,-0.3519473376695761,,
Europe,LFL,2024,full year (per-game derived),GameWard,Peng,Middle,40,-36.893,-0.9223,-1.1575662583758743,-18.732,441.8,42,False,5.62,1.2610589864805826,-0.8338231237024759,-0.2605851849052529,,,,,-1.770992968450366,,,-1.3433916502073309,,
Europe,PRM,2024,full year (per-game derived),Unicorns of Love Sexy Edition,xMatty,ADC,57,37.075,0.6504,1.0536027847020697,24.457,528.8,43,False,13.661,1.908838892384673,0.7169392148251058,1.7998266383790529,1.179946278527141,,,,1.189158788732402,,,0.2126979980087312,,
Europe,LES,2024,full year (per-game derived),Ramboot Club,Jeskla,ADC,8,36.994,4.6242,0.7741238445856877,20.955,283.8,43,False,16.176,1.8192810734559783,0.2399792210517277,1.1681769819747698,-1.583492170657544,,,,2.642943107038631,,,-0.9330119945453246,,
Europe,LFL,2024,full year (per-game derived),BK ROG Esports,SamD,ADC,46,36.095,0.7847,0.7518210690113217,25.277,387.8,0,False,9.512,1.987208433971836,-0.8023194898331341,1.368554236675945,0.5091339550277715,,,,1.0041287123261389,,,1.3642233767163665,,
Europe,LFL,2024,full year (per-game derived),Karmine Corp Blue,Caliste,ADC,54,34.131,0.6321,0.6956454986699767,25.76,477.8,25,False,9.512,1.7737959102326504,-0.043902533515299,-0.4042794435984551,0.8372709374119426,,,,1.1821175428367718,,,1.2989309350064295,,
Europe,LFL,2024,full year (per-game derived),Gentle Mates,BAO,ADC,47,29.055,0.6182,0.5504762545614904,21.203,392.8,0,False,9.512,1.9614728135373825,0.523275078379096,0.971741529956488,0.1349754812099889,,,,0.665150351677649,,,0.3138962101890319,,
Europe,LFL,2024,full year (per-game derived),Team GO,Jezu,ADC,49,26.102,0.5327,0.4660139674029278,20.162,528.8,63,False,9.512,1.909930329854361,0.2822178797001021,0.3763751494397159,1.0841413833995237,,,,0.1761053288349171,,,0.7736158938503935,,
Europe,LES,2024,full year (per-game derived),Barça eSports,Legolas,ADC,47,23.75,0.5053,0.3913137332372975,16.186,482.8,45,False,16.176,1.4777289724827578,0.2138899362655271,-0.8545000291535763,1.1837747991210206,,,,0.285380627374722,,,1.260439714907014,,
Europe,LES,2024,full year (per-game derived),Ramboot Club,Rin,ADC,28,23.739,0.8478,0.3909976099048147,19.731,297.8,0,False,16.176,1.5839344777797522,0.8872084991416931,-0.657688515734187,1.101885016795424,,,,-0.0713184950214381,,,1.2727966755003974,,
Europe,LES,2024,full year (per-game derived),UCAM Esports,Kenal,ADC,50,23.086,0.4617,0.3721315712125103,20.412,407.8,0,False,16.176,1.3955277565281077,1.5226115723559193,-1.1906097477416846,0.4420075921219188,,,,0.7721299341916983,,,-0.1854794485892853,,
Europe,PRM,2024,full year (per-game derived),Eintracht Spandau,Fun K3y,ADC,56,22.628,0.4041,0.4874824913646591,17.844,547.8,55,False,13.661,1.2711704879850954,0.6236978202906525,-1.2937228274718058,0.2728758278956094,,,,1.647437724829215,,,-0.2628201305510697,,
Europe,LES,2024,full year (per-game derived),Los Heretics,Jackspektra,ADC,52,21.239,0.4084,0.318739917994844,17.943,464.8,47,False,16.176,1.3153189949994288,1.4399261822602138,-1.723168191210044,0.5182993510528706,,,,0.886634848683174,,,-0.2378612641724061,,
Europe,PRM,2024,full year (per-game derived),SK Gaming Prime,Neon,ADC,52,21.093,0.4056,0.4272944899370159,17.018,459.8,42,False,13.661,1.3289081114324004,0.7262773527525649,-1.3669683072825694,0.7738271171689007,,,,0.9240441613703012,,,0.4583550363842751,,
Europe,LES,2024,full year (per-game derived),ZETA,Attila,ADC,18,20.408,1.1338,0.2947276742373242,12.751,337.8,45,False,16.176,1.75001583554908,-1.5509490946591584,0.6644935472238577,0.6208965302188787,,,,0.1469750944937247,,,1.776913018588818,,
Europe,LES,2024,full year (per-game derived),Ramboot Club,Marcv1,ADC,2,19.87,9.935,0.2791689563240773,16.396,167.8,0,False,16.176,,-0.703361868193214,1.459807883334827,-0.8210827465583547,,,,0.0062565337159635,,,1.795365507581307,,
Europe,LES,2024,full year (per-game derived),Case Esports,DenVoksne,ADC,27,19.774,0.7324,0.2763931123811671,17.835,292.8,0,False,16.176,1.5833254705706683,0.5871079443563562,-0.0877445282290166,0.0336286926375829,,,,0.6613548399673975,,,-0.2935835463092727,,
Europe,LFL,2024,full year (per-game derived),Vitality.Bee,Jopa,ADC,54,17.578,0.3255,0.2222105507450497,14.41,487.8,30,False,9.512,1.638424346135758,0.8013900340680634,-1.1667393439685445,0.6391126833086508,,,,0.5116244027413298,,,-0.0361023374196009,,
Europe,LES,2024,full year (per-game derived),Rebels Gaming,ANDARIEL,ADC,16,16.176,1.011,0.1723931770086679,16.176,237.8,0,False,16.176,1.8040403108443823,-1.3308759659270777,1.0458399787829942,0.5328317193896488,,,,0.0357992185111785,,,0.7491133824084575,,
Europe,PRM,2024,full year (per-game derived),FC Schalke 04 Esports,Peco,ADC,48,15.186,0.3164,0.1958550860525703,11.989,483.8,43,False,13.661,1.3300076108295258,-0.4395476378447742,-0.3250119319221253,0.396676358590006,,,,0.699589386570982,,,0.0179013792207483,,
Europe,PRM,2024,full year (per-game derived),Berlin International Gaming,Jeskla,ADC,18,15.121,0.8401,0.193287654373576,16.272,333.8,43,False,13.661,1.6221696516739494,-0.0874920620086259,0.8010631665007947,0.2590790451681709,,,,-0.3646750802110466,,,1.055916620649365,,
Europe,LES,2024,full year (per-game derived),GIANTX iTero,Aetinoth,ADC,53,14.985,0.2827,0.1379770794190554,15.43,422.8,0,False,16.176,1.766082825420535,0.7542173441396102,0.4984407559110835,0.4862091325519145,,,,-0.3189010210285536,,,-0.1589831889192663,,
Europe,PRM,2024,full year (per-game derived),E WIE EINFACH E-SPORTS,Tazaku,ADC,36,13.661,0.3795,0.1360759727977397,14.149,409.8,36,False,13.661,1.463579380157197,0.2908680076520614,-0.2718924614967426,0.6379296378674904,,,,-0.3380110839347076,,,0.9540945848161564,,
Europe,LFL,2024,full year (per-game derived),GameWard,Matias,ADC,40,13.41,0.3352,0.1030023283121291,11.691,357.8,0,False,9.512,1.862546445854896,0.7158437596918424,-0.0671130368368418,0.8293550912657871,,,,-0.6342476216356919,,,0.592735886510326,,
Europe,PRM,2024,full year (per-game derived),MOUZ NXT,Dreilix,ADC,36,10.847,0.3013,0.0258107844085947,12.162,337.8,0,False,13.661,1.7674751179035788,0.865134356675887,1.1333892011282638,0.8398377371212958,,,,-1.5199685599211663,,,0.7428853674508946,,
Europe,LFL,2024,full year (per-game derived),Solary,TakeSet,ADC,18,9.512,0.5284,-0.0084666442328199,11.689,331.8,42,False,9.512,1.940740132024728,1.7074754605713978,0.1401868495019458,-0.7763940903290215,,,,-0.4875831848018132,,,-0.0271225803953667,,
Europe,LES,2024,full year (per-game derived),Guasones,Syzyfek,ADC,49,8.771,0.179,-0.0416449368032449,11.672,402.8,0,False,16.176,1.3954802577341456,0.4771964282412941,-0.759801223102874,-0.1161335924287833,,,,0.148567756674516,,,-0.1958199202475786,,
Europe,LFL,2024,full year (per-game derived),Team du Sud,Innaxe,ADC,18,8.005,0.4447,-0.0515814243784344,8.353,283.8,18,False,9.512,1.9829876155527555,0.1091291753766985,1.5100892871200458,0.0927952763617504,,,,-0.4937073110420356,,,-0.92355619137913,,
Europe,PRM,2024,full year (per-game derived),Berlin International Gaming,ANDARIEL,ADC,18,5.773,0.3207,-0.1730225030230033,10.797,247.8,0,False,13.661,1.2477176597311006,-2.683057191006647,0.3151082571124408,-0.1427146112023401,,,,0.1695656447455512,,,1.0477502005252854,,
Europe,LES,2024,full year (per-game derived),Movistar KOI,Shy Carry,ADC,46,5.118,0.1113,-0.1472121049020927,9.618,387.8,0,False,16.176,1.5035684452720923,-0.6473023157162616,0.2307200771800134,0.4050224204948031,,,,-0.192103509828261,,,-0.4762829404830466,,
Europe,LFL,2024,full year (per-game derived),Team BDS Academy,Keduii,ADC,54,4.603,0.0852,-0.1488753611912708,9.989,535.8,54,False,9.512,1.4552411384577686,-1.042411881166848,-0.5452840092439776,-0.8116115740601219,,,,0.5293144146556641,,,0.2778790240502601,,
Europe,LFL,2024,full year (per-game derived),Aegis,Hid0,ADC,18,0.0,0.0,-0.2805224238694855,6.058,247.8,0,False,9.512,1.4508329554307613,-1.1399306571461534,-1.2959471070253166,1.4307974389897709,,,,-0.5199269152153879,,,0.4216507352320375,,
Europe,LES,2024,full year (per-game derived),Rebels Gaming,BEAN,ADC,16,-1.706,-0.1066,-0.3444697116976181,9.124,297.8,42,False,16.176,1.5447767260715144,-1.0745926718942511,0.476650787015893,0.1328911874080322,,,,-0.4465840170180264,,,-0.6830709623492273,,
Europe,LES,2024,full year (per-game derived),Ramboot Club,Rayito,ADC,10,-3.223,-0.3223,-0.3883029022909187,9.079,276.8,45,False,16.176,1.9139617732345025,0.9807522851215624,1.2093056304819172,-0.725799045810627,,,,-1.552170653855755,,,-0.3987680379356462,,
Europe,LFL,2024,full year (per-game derived),Solary,Innaxe,ADC,18,-4.156,-0.2309,-0.3993986379479702,4.497,283.8,18,False,9.512,1.7321868444600106,0.7107106843013562,0.2704505459611602,-1.0021928218081009,,,,-0.1729202792060026,,,-2.086139267415723,,
Europe,LES,2024,full year (per-game derived),ZETA,Mihai,ADC,18,-4.574,-0.2541,-0.4273701735565834,8.641,247.8,0,False,16.176,1.528984186177902,-0.7784708645886,0.6927153035986706,-1.519659563499139,,,,-0.0845752478021451,,,-0.875354152684751,,
Europe,PRM,2024,full year (per-game derived),Eintracht Frankfurt,DizL,ADC,36,-5.773,-0.1604,-0.6254633587706112,5.646,409.8,36,False,13.661,1.4160099484020103,0.0066015131945443,0.3311132080240126,-1.041441947779827,,,,-0.8697962122200917,,,-1.2483772882598438,,
Europe,PRM,2024,full year (per-game derived),Austrian Force willhaben,Woolite,ADC,47,-6.472,-0.1377,-0.6528537115156205,1.617,392.8,0,False,13.661,1.3473245010860735,0.4005171111467792,-0.1919362376254648,-1.114090227098918,,,,-0.7238888146007559,,,-1.5460765105433232,,
Europe,LES,2024,full year (per-game derived),LUA Gaming,Hazel,ADC,18,-7.973,-0.4429,-0.5256007015129955,7.407,247.8,0,False,16.176,1.3591414620650109,0.2806390941280209,-1.04705181461841,1.3219441877057048,,,,-1.3104101874772418,,,-0.8921129298477442,,
Europe,LFL,2024,full year (per-game derived),Team du Sud,Coldraa,ADC,18,-14.974,-0.8319,-0.708795960734971,0.62,247.8,0,False,9.512,1.1591784690341165,-1.99903744899414,-1.6951247447395337,-1.596645708948137,,,,0.8296615747282864,,,-1.0059053950504022,,
Europe,PRM,2024,full year (per-game derived),NNO Prime,Shiganari,ADC,54,-17.068,-0.3161,-1.0680696903270022,-5.423,521.8,47,False,13.661,1.146443082367484,-0.4199384856775509,-0.930968705345876,-2.0619252162575314,,,,-0.8134559553606839,,,-1.4323272577012658,,
Europe,LFL,2024,full year (per-game derived),Aegis,BEAN,ADC,18,-31.853,-1.7696,-1.191529216347947,-3.459,307.8,42,False,9.512,1.7209388920387494,0.1775599385670343,0.5370900867573773,-1.3707380518298315,,,,-2.5897170158998257,,,-0.9641062898946412,,
Europe,LES,2024,full year (per-game derived),Rebels Gaming,Sorrow,ADC,4,-42.839,-10.7098,-1.533366145541995,9.539,177.8,0,False,16.176,,-1.2979757260833695,-1.125586895714222,-2.013223510543344,,,,-1.6099788286195849,,,-1.5242999129024657,,
Europe,LFL,2024,full year (per-game derived),Team GO,Prime,Support,49,32.982,0.6731,0.7279794137454401,22.077,510.8,54,False,5.532,0.4405597864246148,,0.0911250224932,,0.4971059293190011,2.0991896558300907,1.1093937469394175,,,,,0.6742898018827267,0.0630137435556513
Europe,LFL,2024,full year (per-game derived),Karmine Corp Blue,Fleshy,Support,54,28.396,0.5259,0.5968137137300918,19.961,427.8,0,True,5.532,0.4485842514999018,,-0.555720157964223,,1.3121056717133543,-0.069100307970552,1.1685366935817123,,,,,0.2017295801793287,1.3380273850187627
Europe,LES,2024,full year (per-game derived),UCAM Esports,Obstinatus,Support,50,25.663,0.5133,0.6893053382264284,23.84,495.8,44,False,7.13,0.4657354363135143,,-0.1065899312057988,,1.8917980131829253,1.0932535741028138,0.8304207530959484,,,,,0.3311435725077815,0.2145059057852053
Europe,PRM,2024,full year (per-game derived),Unicorns of Love Sexy Edition,Piero,Support,57,23.249,0.4079,0.7528055130157231,16.746,442.8,0,True,5.003,0.5321501728059417,,0.8188507414330918,,0.611801775138383,0.6200927334172548,2.472726130862548,,,,,-0.4143784692297254,0.476753235781373
Europe,LES,2024,full year (per-game derived),Ramboot Club,Mxe,Support,28,22.516,0.8041,0.5983387820486972,14.363,297.8,0,False,7.13,0.4856522622423269,,0.4023651930929299,,0.9609432568974792,1.4999920855887017,0.2759561309954603,,,,,0.3819013824438619,0.1747674710287391
Europe,PRM,2024,full year (per-game derived),SK Gaming Prime,Doss,Support,25,22.109,0.8844,0.7081221979522943,12.942,334.8,52,False,5.003,0.4765023081240785,,0.4293988884595966,,-0.4917835112810877,1.2338040665803065,0.4183411890654184,,,,,1.0887492691471468,1.3978030681843665
Europe,LES,2024,full year (per-game derived),Rebels Gaming,Lekcyc,Support,18,21.677,1.2043,0.5740765341716318,16.172,365.8,59,False,7.13,0.479592845953488,,0.2005003602947311,,0.3695160035764997,-0.2086623700874273,1.1337385496728232,,,,,0.2541722200136002,1.470970860081978
Europe,PRM,2024,full year (per-game derived),Eintracht Frankfurt,Tore,Support,36,21.366,0.5935,0.6789964079289867,14.52,433.8,48,False,5.003,0.5681626232559743,,0.347380417973555,,1.2445567528763688,-0.974192246626918,0.0361616953299774,,,,,1.3137843815050636,1.820829238798496
Europe,LFL,2024,full year (per-game derived),Aegis,Veignorem,Support,36,19.19,0.5331,0.3335169452916432,11.418,431.8,47,False,5.532,0.4816000174595696,,0.5514371613725306,,1.1746120951837613,0.5052200166690517,1.1526739367060068,,,,,-1.5570055455095115,0.2060345949207446
Europe,LES,2024,full year (per-game derived),Movistar KOI,marlon,Support,23,16.315,0.7093,0.4191055427985504,7.745,368.8,48,False,7.13,0.5333611534069606,,0.3349526922431263,,0.4022049533882619,1.2090171505743386,1.0037789229083114,,,,,0.590116122252916,-0.7365281591008113
Europe,LES,2024,full year (per-game derived),ZETA,FGG,Support,32,14.792,0.4622,0.3750647046411,10.987,317.8,0,False,7.13,0.7341102718871637,,1.4033120632322955,,0.270152559084661,0.3347200471829542,-0.6091432846406217,,,,,0.4530948594986504,0.3936145277191485
Europe,LFL,2024,full year (per-game derived),Vitality.Bee,Stend,Support,54,14.162,0.2623,0.1897323580176729,13.649,505.8,48,False,5.532,0.5311833638079301,,0.7116351117219905,,0.636752492779656,-0.7774749456899567,-0.5450231538494441,,,,,0.8397882462083655,0.2561195891518755
Europe,LES,2024,full year (per-game derived),GIANTX iTero,seaz,Support,53,13.928,0.2628,0.3501122739286726,9.496,458.8,18,False,7.13,0.497432240270874,,0.2171895710066726,,0.2405883449652457,-0.4937065424765809,1.0609895819819295,,,,,0.7693922413533165,0.3149988121788964
Europe,PRM,2024,full year (per-game derived),NNO Prime,Lucky,Support,54,12.312,0.228,0.3242350042448814,9.616,427.8,0,False,5.003,0.5537698938845287,,0.8833831015592428,,1.925310304938519,-0.9153775560264722,0.2985681239741688,,,,,0.1502178008412318,-0.2525063990049454
Europe,LFL,2024,full year (per-game derived),BK ROG Esports,Hantera,Support,46,10.268,0.2232,0.0783630868134384,10.199,481.8,47,False,5.532,0.3910221334420561,,-0.1010194756094026,,-0.6683551375871923,0.969423012802703,0.7338083734868506,,,,,0.301226337134224,-0.5962510541145538
Europe,LES,2024,full year (per-game derived),Rebels Gaming,minemaciek,Support,18,9.893,0.5496,0.2334611268124252,8.134,247.8,0,False,7.13,0.374056171483692,,-1.4497638923492882,,0.097273027774557,0.982723809036224,0.7082878247963106,,,,,0.8611358614220942,0.2075803295182076
Europe,LES,2024,full year (per-game derived),Los Heretics,whiteinn,Support,52,9.797,0.1884,0.2306926485098938,6.001,489.8,45,False,7.13,0.4518015556902873,,-0.3681228425642394,,0.1691342507231242,0.5696962095810219,-0.307671915118606,,,,,-0.0892003458211544,1.1743949571093515
Europe,PRM,2024,full year (per-game derived),Eintracht Spandau,Lilipp,Support,56,9.638,0.1721,0.2194494914048321,10.918,529.8,46,False,5.003,0.3992085760887889,,-1.8190483791834475,,1.3413700259681178,1.786570370964342,1.0039397084151365,,,,,-0.4778937336993066,-0.3707029369477127
Europe,LES,2024,full year (per-game derived),Movistar KOI,Rhuckz,Support,23,8.615,0.3746,0.1965445433665411,7.65,289.8,17,False,7.13,0.4763656356785353,,0.4300844336839914,,0.3377962579130303,-0.3982084697650372,-0.1240141614341038,,,,,0.4913382786237744,0.3931256456153816
Europe,PRM,2024,full year (per-game derived),Berlin International Gaming,Lekcyc,Support,18,8.022,0.4457,0.156129100865972,11.895,365.8,59,False,5.003,0.4515786857786848,,0.3874153154187997,,0.7077672647201517,-0.3676495514208665,0.6116378475366209,,,,,-0.2823377241995821,-0.0648210173142386
Europe,PRM,2024,full year (per-game derived),FC Schalke 04 Esports,Twiizt,Support,48,6.34,0.1321,0.0901995006742318,4.094,431.8,17,False,5.003,0.4881591762035402,,0.2339489083351758,,0.4051177020500516,-0.3786386687781226,0.7284619991718748,,,,,-0.1020390247987509,-0.2584832294130237
Europe,LES,2024,full year (per-game derived),Case Esports,Rhuckz,Support,27,5.646,0.2091,0.1107186109354267,6.419,309.8,17,False,7.13,0.5463909555933371,,0.4093763610190021,,-0.2450503890913645,-1.2253819863077424,0.070620270412015,,,,,1.2579445769187951,0.3395859883165694
Europe,LFL,2024,full year (per-game derived),Gentle Mates,kamilius,Support,47,5.532,0.1177,-0.0570843095285339,6.557,518.8,63,False,5.532,0.4328923411135946,,-0.2606895794807458,,-0.15215075970812,-1.1478312421960162,-0.1490573461597517,,,,,0.8172017213131826,0.4286002173424909
Europe,PRM,2024,full year (per-game derived),E WIE EINFACH E-SPORTS,Max1,Support,36,5.003,0.139,0.0378188746543866,4.403,409.8,36,False,5.003,0.5073612671782651,,0.7877913341479306,,-0.8067764119248837,0.8291424506127494,-0.5071754267458787,,,,,0.7659414790210143,-0.6660443668168121
Europe,LFL,2024,full year (per-game derived),Team du Sud,marlon,Support,18,1.842,0.1023,-0.1626266965414501,2.6,343.8,48,False,5.532,0.5014609156096174,,0.9356409126261996,,-1.1538530162396252,0.61231057314978,-1.4560799852915516,,,,,1.2056378891972073,-0.928058581460859
Europe,PRM,2024,full year (per-game derived),SK Gaming Prime,LIMIT,Support,27,1.362,0.0504,-0.1048788334377288,2.564,335.8,43,False,5.003,0.4018092687043366,,-1.904533699076861,,-0.6522274088648644,0.1210495421825255,-0.6344609112415485,,,,,0.8064487587993415,1.2865848073724817
Europe,LES,2024,full year (per-game derived),Guasones,Farfetch,Support,31,1.114,0.0359,-0.0202628297495348,4.15,312.8,0,False,7.13,0.4404391985182384,,-0.186190510738448,,-0.4019673365530571,-0.0942794263675347,0.2846732640305063,,,,,0.4272215401317864,-0.1248801731502765
Europe,LFL,2024,full year (per-game derived),GameWard,Steeelback,Support,40,0.266,0.0066,-0.2076986943131166,3.179,441.8,42,False,5.532,0.5645489865957978,,1.3094832106724303,,-1.3767569262772883,0.1861945074661736,-0.0614633219782179,,,,,0.2628255569492122,-1.2947198930314312
Europe,LES,2024,full year (per-game derived),Barça eSports,Oscure,Support,30,0.251,0.0084,-0.0452060160640702,7.793,399.8,46,False,7.13,0.4538334013786314,,-0.1073944936549351,,-0.789304320726294,0.672253318780127,1.6522762440196113,,,,,-0.3254714971777666,-1.107917481312945
Europe,PRM,2024,full year (per-game derived),MOUZ NXT,Nio,Support,18,0.0,0.0,-0.1582421150434195,3.764,255.8,4,False,5.003,0.4476019468154308,,-0.5032823800842626,,-0.2660039226265326,0.4138985632856361,-1.1566389923222602,,,,,0.489308750237465,0.026963809990866
Europe,LFL,2024,full year (per-game derived),Team BDS Academy,Parus,Support,54,-0.266,-0.0049,-0.2229241183375849,1.873,427.8,0,False,5.532,0.3723274804902439,,-1.6830334937832114,,-0.0847132398846351,-0.9297977856261642,0.3416216597932701,,,,,-0.794224491601878,1.4054972891941706
Europe,LES,2024,full year (per-game derived),Guasones,Nash,Support,18,-0.754,-0.0419,-0.0742688402416945,4.267,247.8,0,False,7.13,0.5408288487436854,,0.9444833269683368,,-0.188970791038523,-1.4894267047670335,-0.3802894163903051,,,,,-0.1015875380979216,0.6012886974518842
Europe,PRM,2024,full year (per-game derived),Austrian Force willhaben,Vander,Support,8,-1.706,-0.2132,-0.2251038716712112,3.647,197.8,0,False,5.003,0.4045024901204558,,1.1878193810019186,,-0.1977106039707796,0.9732680096990098,0.2860100603400737,,,,,-2.7665978525542863,-0.7117505539688048
Europe,LES,2024,full year (per-game derived),LUA Gaming,DuaLL,Support,18,-3.056,-0.1698,-0.140804460259961,2.955,301.8,36,False,7.13,0.4354240032936723,,-0.4478047019634925,,0.1425533728629809,-1.050291998936039,0.2379775262132161,,,,,-0.4518097241256364,0.5514781194593714
Europe,PRM,2024,full year (per-game derived),Austrian Force willhaben,Infoneral,Support,39,-3.185,-0.0817,-0.2830657909322768,0.872,388.8,18,False,5.003,0.4708099774931849,,0.3608431866973743,,-0.5549829738958407,-0.1966391224970103,-0.9695596902795928,,,,,-0.4596271017082296,0.0406436066852552
Europe,LES,2024,full year (per-game derived),Ramboot Club,Seneca,Support,18,-7.135,-0.3964,-0.2586880929288178,1.95,247.8,0,False,7.13,0.4486421196908545,,0.2009973209886206,,0.0377965396633967,0.3451437760865123,-1.0671829575133618,,,,,-0.8346283276501132,-0.2391415459041327
Europe,PRM,2024,full year (per-game derived),Berlin International Gaming,Leon,Support,18,-7.263,-0.4035,-0.4428595235195052,-0.1,355.8,54,False,5.003,0.4601650708590161,,-0.1777976000178576,,-1.5263965242737865,-0.2546853406630633,-0.630939703737072,,,,,-0.7982867587327476,0.4961871243420953
Europe,LFL,2024,full year (per-game derived),Solary,Myrtus,Support,36,-8.225,-0.2285,-0.4505523516607118,-1.798,337.8,0,False,5.532,0.338321281019786,,-1.6978801411842217,,1.0312745551061786,-0.4511620038609604,-0.7321419233756165,,,,,-1.8586341912920736,0.7140732053817962
Europe,PRM,2024,full year (per-game derived),MOUZ NXT,Vaunted,Support,14,-8.236,-0.5883,-0.4809876238137627,1.699,295.8,34,False,5.003,0.5514072402407209,,0.5143820829908646,,-1.2736765302069275,-0.8396215362019317,-0.5455617572025311,,,,,0.768204957524213,-1.3039198925917634
Europe,LES,2024,full year (per-game derived),Ramboot Club,Fendras,Support,2,-13.814,-6.907,-0.45174330591434,5.883,167.8,0,False,7.13,,,1.051076646728052,,-3.312142364881212,0.4501327737786072,-1.3629302994392256,,,,,-0.2800627937618503,0.5044243004888032
Europe,LFL,2024,full year (per-game derived),Team du Sud,HONOR,Support,18,-21.336,-1.1853,-0.8255193472168819,-4.225,247.8,0,False,5.532,0.5180743043473703,,0.6990214291354593,,-1.2160216644050914,-0.9969714805741356,-1.562268679852674,,,,,-0.0928349044607588,-1.592336495958649
Europe,PRM,2024,full year (per-game derived),MOUZ NXT,Flay,Support,4,-28.438,-7.1095,-1.2726183323234057,1.242,177.8,0,False,5.003,,,-1.546551299655125,,-0.4663659386468864,-2.0510217145274368,-1.411510273166931,,,,,-0.081494732152865,-1.917536495097633
Europe,LES,2024,full year (per-game derived),Barça eSports,Hustlin,Support,17,-29.256,-1.7209,-0.8980970492500592,-5.606,242.8,0,False,7.13,0.4264892951970784,,0.1934864956820853,,-0.1391564141420772,-0.043515771672734,-1.621256738199262,,,,,-0.3328941949158512,-2.935815947652025
Europe,LES,2024,full year (per-game derived),ZETA,Saviour,Support,4,-63.516,-15.879,-1.8883495110308857,-2.449,213.8,18,False,7.13,,,-3.1219580924636423,,0.1568350364003676,-2.1534594743311737,-1.7862302953906457,,,,,-3.401806233616262,-1.196452307633345
Europe,LES,2025,full year (per-game derived),Ramboot Club,iBo,Top,15,51.555,3.437,1.128598555974589,25.677,376.8,96,False,10.497,1.0371918848903647,1.9864297680724512,,,,,,,,-0.177890825126221,,,1.0205954647585247
Europe,LES,2025,full year (per-game derived),Los Heretics,Tracyn,Top,72,48.183,0.6692,1.0244335732803331,33.635,649.8,85,False,10.497,1.32573405445518,0.0789536324235673,,,,,,,,1.1528130141745614,,,1.739653779029401
Europe,LFL,2025,full year (per-game derived),GameWard,Zest,Top,20,47.295,2.3648,1.3191650150545329,24.436,257.8,0,True,9.953,1.740692756913487,2.482274213521113,,,,,,,,0.5139881232853124,,,0.7335197125678852
Europe,LES,2025,full year (per-game derived),LUA Gaming,Marky,Top,44,47.226,1.0733,0.994862845423698,32.811,530.8,107,False,10.497,1.136432104540841,0.1553400213607114,,,,,,,,2.415730764076484,,,1.035896102087602
Europe,LES,2025,full year (per-game derived),Veni Vidi Vici,iBo,Top,18,42.278,2.3488,0.8419982384912812,24.537,391.8,96,False,10.497,0.9482165129973108,2.3621889143464925,,,,,,,,-0.3386142764256891,,,0.1348479195720042
Europe,LES,2025,full year (per-game derived),GIANTX iTero,Badlulu,Top,66,38.538,0.5839,0.7264550712948149,27.054,559.8,45,False,10.497,1.0191102688358482,0.6777951505907832,,,,,,,,0.1058410662966617,,,1.048365008688183
Europe,PRM,2025,full year (per-game derived),Berlin International Gaming,Shelfmade,Top,68,37.681,0.5541,0.9158108051455238,25.687,563.8,33,False,9.919,1.092534253479476,0.4313570943656199,,,,,,,,0.2833675759138464,,,1.5996562181616625
Europe,PRM,2025,full year (per-game derived),ROSSMANN Centaurs,Addusto,Top,28,32.318,1.1542,0.7397767842509643,17.703,345.8,24,False,9.919,1.3749895605374838,0.3918235672987988,,,,,,,,0.809967367695782,,,0.9925609692823644
Europe,LES,2025,full year (per-game derived),Movistar KOI Fénix,NightSlayer,Top,18,31.19,1.7328,0.4994299470641957,18.011,247.8,0,False,10.497,1.181748275915111,0.505014543018367,,,,,,,,0.6708305148231297,,,0.4169513832112675
Europe,LFL,2025,full year (per-game derived),Vitality.Bee,JNX,Top,35,30.779,0.8794,0.7816485955679051,21.908,391.8,59,False,9.953,1.026019135893937,0.7683782138950594,,,,,,,,0.66118309437293,,,0.8472632265706768
Europe,PRM,2025,full year (per-game derived),E WIE EINFACH E-SPORTS,Rocklho,Top,65,28.127,0.4327,0.6021778592203508,22.276,484.8,1,False,9.919,1.0837189486580336,1.790816291378501,,,,,,,,0.7879726058695256,,,-0.4547966519313969
Europe,LFL,2025,full year (per-game derived),BK ROG Esports,Szygenda,Top,75,26.214,0.3495,0.6330542832884016,21.524,567.3,60,False,9.953,1.2524605818151124,0.0683471885017274,,,,,,,,1.3986078693709256,,,0.7471084580763513
Europe,LFL,2025,full year (per-game derived),Solary,Kryze,Top,62,24.792,0.3999,0.5867805585961773,19.19,582.8,79,False,9.953,1.1497979636081073,0.5063224797113256,,,,,,,,-0.0568397197391682,,,0.9451645678362128
Europe,LFL,2025,full year (per-game derived),Karmine Corp Blue,Maynter,Top,79,24.63,0.3118,0.581497348289383,20.087,660.8,54,False,9.953,1.2691330139747952,0.037220069596613,,,,,,,,1.1123632490545727,,,0.7855124395992905
Europe,PRM,2025,full year (per-game derived),Eintracht Spandau,Pride,Top,39,24.356,0.6245,0.4784034103603112,14.77,478.8,86,False,9.919,1.1134236882710344,-0.0379416334714493,,,,,,,,0.0464362650796714,,,1.0972162395320424
Europe,PRM,2025,full year (per-game derived),Unicorns of Love Sexy Edition,Fornoreason,Top,54,21.258,0.3937,0.3766988304684649,13.153,499.8,36,False,9.919,1.040420793765393,0.0815758374704216,,,,,,,,0.5136423400720873,,,0.5559160476470355
Europe,LES,2025,full year (per-game derived),Veni Vidi Vici,StarScreen,Top,15,16.246,1.0831,0.0377358953601986,12.349,232.8,0,False,10.497,1.0896161073886428,-1.1903101058831285,,,,,,,,0.3954021173803644,,,0.8799252500046636
Europe,LES,2025,full year (per-game derived),Movistar KOI Fénix,Spooder,Top,28,11.908,0.4253,-0.096273314506964,13.203,377.8,49,False,10.497,0.8656309362188447,-0.3828977672541033,,,,,,,,-0.5595728519251219,,,0.3488283002034944
Europe,LFL,2025,full year (per-game derived),Ici Japon Corp. Esport,Howling,Top,61,11.235,0.1842,0.1455701519223726,9.829,601.8,93,False,9.953,1.4028963727581447,0.3611880906517005,,,,,,,,-0.4331743976477991,,,0.2322211791302734
Europe,LES,2025,full year (per-game derived),Ramboot Club,Thien,Top,14,10.497,0.7498,-0.1398764214869783,10.497,227.8,0,False,10.497,0.9618034555159432,-0.5090414621041284,,,,,,,,-0.324589843187463,,,0.2461283488818192
Europe,LES,2025,full year (per-game derived),UCAM Esports,Sinmivak,Top,52,10.361,0.1992,-0.1440860060334972,10.008,521.8,76,False,10.497,1.3220968951986225,-0.5903429368616052,,,,,,,,1.2037832784651,,,-0.3916345555825895
Europe,PRM,2025,full year (per-game derived),Dung Dynasty,Send0o,Top,23,10.102,0.4392,0.010514643182058,9.996,272.8,0,False,9.919,0.9276594115030596,0.9418356634520552,,,,,,,,0.4835830832750548,,,-0.9665063916265746
Europe,LFL,2025,full year (per-game derived),Joblife,Leny,Top,48,9.953,0.2074,0.1038248907266456,9.953,397.8,0,False,9.953,0.9214369295123914,0.3763992386125491,,,,,,,,-0.1407482214266357,,,-0.0080208883830564
Europe,PRM,2025,full year (per-game derived),TeamOrangeGaming,Smurfe,Top,66,9.919,0.1503,0.0045221589600605,9.919,487.8,0,False,9.919,1.091236665375359,-0.2562309084714078,,,,,,,,-0.8519956435680284,,,0.6071918516440296
Europe,PRM,2025,full year (per-game derived),Kaufland Hangry Knights,Venour,Top,60,9.568,0.1595,-0.007007076911525,7.674,620.8,111,False,9.919,1.2918190262516245,-0.6592352865873181,,,,,,,,-0.2436738090361266,,,0.6342099728798518
Europe,LFL,2025,full year (per-game derived),Gentle Mates,Empyros,Top,70,6.658,0.0951,-0.0034080986347278,7.682,507.8,0,False,9.953,1.003343748564952,-0.3855583547504081,,,,,,,,0.6672690662018688,,,0.0044070359887393
Europe,PRM,2025,full year (per-game derived),ROSSMANN Centaurs,Nice Guy Ben,Top,44,2.133,0.0485,-0.2510623066069204,5.386,377.8,0,False,9.919,1.025844586618488,-0.7201356153187558,,,,,,,,1.0906403111650922,,,-0.4771398802845154
Europe,LFL,2025,full year (per-game derived),Team BDS Academy,Papiteero,Top,31,1.064,0.0343,-0.1854699930967943,4.003,330.8,18,False,9.953,1.11739902769469,-0.4188908130817103,,,,,,,,-0.7933403102395595,,,0.2818153674103028
Europe,PRM,2025,full year (per-game derived),Austrian Force willhaben,NightSlayer,Top,40,0.0,0.0,-0.3210831852914125,4.375,357.8,0,False,9.919,1.247140658439267,0.0389430480253456,,,,,,,,-0.6300243768638849,,,-0.4752222891085455
Europe,LES,2025,full year (per-game derived),ZETA,Ethe,Top,9,-1.1,-0.1222,-0.4981698685196604,7.924,202.8,0,False,10.497,1.3050829115178235,0.1381002163096349,,,,,,,,-1.9047110019712985,,,-0.379417604538339
Europe,PRM,2025,full year (per-game derived),Eintracht Frankfurt,Sacre,Top,49,-1.775,-0.0362,-0.3793510490246785,6.356,542.8,92,False,9.919,1.4758268266673993,0.2368556970072909,,,,,,,,-1.912654021182804,,,-0.1865643084335055
Europe,LFL,2025,full year (per-game derived),Galions,Ragner,Top,69,-3.192,-0.0463,-0.3239794825318198,4.861,659.8,110,False,9.953,1.0407162623962218,-0.3571307289114884,,,,,,,,0.4064828025409738,,,-0.6288840468906336
Europe,LES,2025,full year (per-game derived),Veni Vidi Vici,CPM,Top,20,-3.454,-0.1727,-0.5708889582369856,5.086,257.8,0,False,10.497,1.1705986197717644,-0.7371980176282666,,,,,,,,-0.5999666219974774,,,-0.4216007897529867
Europe,PRM,2025,full year (per-game derived),CGN Esports,Send0o,Top,28,-3.981,-0.1422,-0.4517525091546717,3.385,297.8,0,False,9.919,0.7561583601822923,0.2897299269902928,,,,,,,,1.232954246551756,,,-1.824195754958019
Europe,LES,2025,full year (per-game derived),ZETA,Sangrod,Top,9,-4.249,-0.4721,-0.5954709338503172,7.226,202.8,0,False,10.497,1.2963261011409355,-0.0177175979887953,,,,,,,,-0.8602003683308002,,,-0.9478466475186156
Europe,LES,2025,full year (per-game derived),Barça eSports,WhiteKnight,Top,77,-4.534,-0.0589,-0.6042623546416567,0.141,680.8,91,False,10.497,1.053487318599717,-1.132348451547977,,,,,,,,0.0376293845796634,,,-0.4639608840916311
Europe,LFL,2025,full year (per-game derived),Vitality.Bee,Vertigo,Top,35,-5.681,-0.1623,-0.4050007621807147,-1.602,480.8,92,False,9.953,1.230520707772464,-0.8329286072240359,,,,,,,,0.2152880323360866,,,-0.3368274319256344
Europe,LES,2025,full year (per-game derived),Ramboot Club,Sotsy,Top,15,-10.702,-0.7135,-0.7948432193760575,3.15,268.8,18,False,10.497,0.9462851602075424,-1.1996671296855994,,,,,,,,-0.4355176057893617,,,-0.6269534807531122
Europe,LES,2025,full year (per-game derived),ZETA,CPM,Top,9,-13.819,-1.5354,-0.8911289525714817,5.102,202.8,0,False,10.497,1.111569663406276,0.2908943472147244,,,,,,,,-1.0904670437627784,,,-1.767630701855061
Europe,LES,2025,full year (per-game derived),Guasones,selenex,Top,27,-14.705,-0.5446,-0.9185140976655176,-1.121,292.8,0,False,10.497,1.0975957020705809,-0.4351931243831423,,,,,,,,0.3095002987202427,,,-1.8721468923446247
Europe,LFL,2025,full year (per-game derived),GameWard,Sotsy,Top,23,-25.399,-1.1043,-1.0467295810241513,-4.395,308.8,18,False,9.953,1.209169958114975,-1.0084554827063763,,,,,,,,-1.3861690840382348,,,-0.9237540691868382
Europe,PRM,2025,full year (per-game derived),Austrian Force willhaben,SwiT,Top,18,-42.546,-2.3637,-1.7176483645985308,-9.133,247.8,0,False,9.919,0.783163037372458,-2.5293936821394185,,,,,,,,-1.6102159449719566,,,-1.102326022804429
Europe,LFL,2025,full year (per-game derived),Team BDS Academy,Hiro,Top,4,-60.433,-15.1082,-2.1869529259772045,2.037,177.8,0,False,9.953,,-1.5971655078160438,,,,,,,,-2.1649105040712904,,,-2.67952555079357
Europe,PRM,2025,full year (per-game derived),Berlin International Gaming,Leb,Jungle,68,36.675,0.5393,0.8915519801241164,29.352,593.8,48,False,8.222,0.9421832704550164,-0.2111920071680578,1.1340135164632068,,,,,1.4021339794651604,1.2412524317361562,,,,
Europe,PRM,2025,full year (per-game derived),CGN Esports,Agurin,Jungle,21,29.3,1.3952,0.6494793130094163,17.315,265.8,3,False,8.222,0.8776722293690744,1.1564257010055818,-0.4790436018899255,,,,,1.2617259431147962,0.6588092098072122,,,,
Europe,LES,2025,full year (per-game derived),Los Heretics,Daglas,Jungle,72,28.727,0.399,0.8856731327061922,19.958,595.8,66,False,3.017,1.117709770609267,-0.1627177847239583,1.6240429841486543,,,,,1.1985463387300836,0.8828209926699893,,,,
Europe,PRM,2025,full year (per-game derived),Dung Dynasty,Agurin,Jungle,23,25.335,1.1015,0.519298942526242,16.096,275.8,3,False,8.222,0.7894608662945594,-0.4470441072379987,-0.7923819100334251,,,,,1.452187001810631,1.8644347855657604,,,,
Europe,LFL,2025,full year (per-game derived),BK ROG Esports,Rhilech,Jungle,46,22.383,0.4866,0.5350890714009408,18.684,435.8,24,False,7.653,0.8671169980785474,-0.2642956381487709,0.1998903142455515,,,,,0.3509084138112202,1.853853195695762,,,,
Europe,PRM,2025,full year (per-game derived),ROSSMANN Centaurs,Xagog,Jungle,72,21.118,0.2933,0.3808869454810185,17.187,517.8,0,False,8.222,0.8880181808966716,1.3729111258214222,-0.2305831643870057,,,,,0.3652854801952517,0.0159343402944057,,,,
Europe,LFL,2025,full year (per-game derived),Galions,Xerxe,Jungle,69,20.658,0.2994,0.4789436792479655,19.086,615.8,70,False,7.653,0.9803888764703088,-0.6244850618916272,1.4262855382252086,,,,,0.1077836188817653,1.0061906217765155,,,,
Europe,PRM,2025,full year (per-game derived),E WIE EINFACH E-SPORTS,Afroboi,Jungle,65,18.757,0.2886,0.3033851827717263,13.767,562.8,62,False,8.222,0.8880540301204972,-1.4924807312998842,1.796852311708404,,,,,0.1349102348343421,0.7742589158440434,,,,
Europe,PRM,2025,full year (per-game derived),CGN Esports,Typhoon,Jungle,2,17.712,8.856,0.2691033512231564,8.787,167.8,0,False,8.222,,0.630233079831714,1.7730381663777428,,,,,-2.3519673866407405,1.0251095453239094,,,,
Europe,PRM,2025,full year (per-game derived),Kaufland Hangry Knights,Rabble,Jungle,60,17.467,0.2911,0.2610484301309029,20.083,603.8,94,False,8.222,0.8108934789292043,0.3445922268682585,-0.874626603777302,,,,,0.4860956414932526,1.0881324559394026,,,,
Europe,LES,2025,full year (per-game derived),Veni Vidi Vici,Time,Jungle,35,17.365,0.4961,0.5346547974276394,10.561,332.8,0,False,3.017,0.9644941523074496,0.6514383460715146,0.1634392384947142,,,,,0.0641845521456389,1.25955705299869,,,,
Europe,LFL,2025,full year (per-game derived),Solary,Markoon,Jungle,62,16.683,0.2691,0.3495596723253467,13.23,522.8,81,False,7.653,0.9393433533052766,0.6047669204510797,1.031433668500477,,,,,-0.6866000521980928,0.4486381525479228,,,,
Europe,LES,2025,full year (per-game derived),Ramboot Club,NoName,Jungle,14,15.798,1.1284,0.4862218499881316,3.689,286.8,41,False,3.017,0.9003891622729933,1.4025346303326405,-0.5577712879747775,,,,,0.7521713216376297,0.3479527359570342,,,,
Europe,LES,2025,full year (per-game derived),Veni Vidi Vici,Koldo,Jungle,4,15.295,3.8238,0.470693567128478,5.527,325.8,98,False,3.017,,-2.516597197738596,1.324004565576694,,,,,1.2360450282178064,1.8393218724580072,,,,
Europe,LES,2025,full year (per-game derived),Veni Vidi Vici,Oleg,Jungle,14,13.382,0.9559,0.4115972231191548,6.201,227.8,0,False,3.017,0.8435948783873198,0.4881115086139699,-0.3159305302595626,,,,,1.4496461821542972,0.0245617319679145,,,,
Europe,LFL,2025,full year (per-game derived),Karmine Corp Blue,Boukada,Jungle,18,13.238,0.7354,0.2374365412510731,4.806,345.8,49,False,7.653,0.7778594963679453,-0.8331064456340167,0.6803271336781138,,,,,2.5275862497973205,-1.4250607728371252,,,,
Europe,PRM,2025,full year (per-game derived),TeamOrangeGaming,Cboi,Jungle,66,11.894,0.1802,0.0781155779753742,9.35,583.8,48,False,8.222,0.7628157066105915,-0.4236252398530045,-0.4776713803161492,,,,,0.9469280814505489,0.2668308506201018,,,,
Europe,LES,2025,full year (per-game derived),Barça eSports,Thayger,Jungle,60,10.73,0.1788,0.3296663652914143,5.908,549.8,61,False,3.017,0.904177733073845,0.0868753123728222,0.2105735658517722,,,,,0.1737685610297707,0.8474480219112921,,,,
Europe,LFL,2025,full year (per-game derived),Team BDS Academy,Shlatan,Jungle,35,10.14,0.2897,0.1366085725787995,6.938,482.8,96,False,7.653,0.7586772366595242,0.3932334831906614,-0.448722310038966,,,,,0.4217352946972041,0.1801878224662984,,,,
Europe,LFL,2025,full year (per-game derived),Gentle Mates,Zicssi,Jungle,70,9.453,0.135,0.1142646771093061,11.937,587.8,40,False,7.653,0.7252249339904678,1.8683965562419451,-1.121719710623266,,,,,-0.1330323720835715,-0.1565857650978832,,,,
Europe,PRM,2025,full year (per-game derived),Eintracht Spandau,Santorin,Jungle,15,8.222,0.5481,-0.0424200448660732,8.222,232.8,0,True,8.222,0.8717422434712524,-0.6221622417374257,1.608809651687042,,,,,-0.1433936623297694,-1.01293392708414,,,,
Europe,PRM,2025,full year (per-game derived),CGN Esports,Kirei,Jungle,5,7.872,1.5744,-0.0539221414257127,8.174,182.8,0,False,8.222,0.9031404411448904,1.5636580625808365,-0.008603512736774,,,,,-1.3767470393010677,-0.3939960762458457,,,,
Europe,PRM,2025,full year (per-game derived),Eintracht Frankfurt,Techoteco,Jungle,35,6.629,0.1894,-0.0947137444505277,7.384,332.8,0,False,8.222,0.8217364881204368,1.2750843473489508,-0.684848776246756,,,,,-0.2739064786408003,-0.6951840702635054,,,,
Europe,LFL,2025,full year (per-game derived),BK ROG Esports,XnS,Jungle,29,5.853,0.2018,-0.0029078102802138,6.791,302.8,0,False,7.653,0.7785631256895116,-0.8683177178084135,0.0791383624887534,,,,,0.5163964947147227,0.261151619484082,,,,
Europe,LES,2025,full year (per-game derived),Guasones,Infinity,Jungle,18,5.765,0.3203,0.1762667436819034,4.015,247.8,0,False,3.017,1.0503342833149505,-1.5938954218769985,1.973877403054925,,,,,-1.3022757919802117,1.6273607855298982,,,,
Europe,LES,2025,full year (per-game derived),Ramboot Club,bluerzor,Jungle,15,4.0,0.2667,0.12173573230863,3.409,280.8,48,False,3.017,0.8024302497474316,0.2031390140279811,-0.5552219646483655,,,,,0.5628015879862824,0.2762242918686222,,,,
Europe,LES,2025,full year (per-game derived),Movistar KOI Fénix,Eckas,Jungle,28,3.923,0.1401,0.1193600945278627,7.553,412.8,79,False,3.017,0.8734647866621374,1.2573949181302633,-0.4521250748235541,,,,,0.0853834717489773,-0.4132129369442357,,,,
Europe,LFL,2025,full year (per-game derived),GameWard,Stormax,Jungle,43,3.359,0.0781,-0.0840867277635973,5.177,372.8,0,False,7.653,0.7889385184967184,-0.0622909228852704,0.1228459999281535,,,,,-0.2333644731213186,-0.1635375149759538,,,,
Europe,LES,2025,full year (per-game derived),Movistar KOI Fénix,Time,Jungle,18,3.319,0.1844,0.100692084872281,3.127,247.8,0,False,3.017,0.9007106778442436,-0.1223887282038838,0.4659532002051099,,,,,-0.2617697766118585,0.3209736440997566,,,,
Europe,LES,2025,full year (per-game derived),UCAM Esports,bluerzor,Jungle,23,2.715,0.118,0.0820456585764626,3.022,320.8,48,False,3.017,0.8996754279814348,0.4206870772686226,0.2830648169212161,,,,,-0.0325990288929206,-0.3429702309910675,,,,
Europe,LES,2025,full year (per-game derived),Ramboot Club,MAXI,Jungle,15,1.667,0.1111,0.0496503684676601,4.336,305.8,50,False,3.017,0.8469680787043523,0.2567168105142606,-0.3070561058430026,,,,,-0.3964099610654887,0.6453507302648712,,,,
Europe,LFL,2025,full year (per-game derived),Karmine Corp Blue,Yukino,Jungle,61,1.275,0.0209,-0.1519170260032283,3.45,462.8,0,True,7.653,0.6934512089869559,1.2381732799444598,-1.401948232235644,,,,,-0.4110102649915499,-0.0328828867301791,,,,
Europe,PRM,2025,full year (per-game derived),Austrian Force willhaben,D4nKa,Jungle,35,0.356,0.0102,-0.3006244774365323,3.095,425.8,57,False,8.222,0.7996413559301208,0.317875378559523,-0.0178545739468239,,,,,-0.4777039626679462,-1.024814751690882,,,,
Europe,LES,2025,full year (per-game derived),GIANTX iTero,Ferret,Jungle,66,0.207,0.0031,0.0045611575312007,1.674,505.8,18,False,3.017,0.9565074152345256,-0.2635682934318318,1.1868226699839786,,,,,-0.186310707922547,-0.7186990385047969,,,,
Europe,PRM,2025,full year (per-game derived),Eintracht Frankfurt,Zanzarah,Jungle,14,-0.119,-0.0085,-0.3162066886940754,4.383,385.8,102,False,8.222,0.759344900656736,-0.6419091502151002,-0.1031632613515864,,,,,-0.3098837109936082,-0.2098706322160068,,,,
Europe,LES,2025,full year (per-game derived),Barça eSports,113,Jungle,17,-0.622,-0.0366,-0.0210752250214144,6.067,311.8,47,False,3.017,0.7575118322300206,1.2955245094903618,-1.4323381867871363,,,,,0.96418897900512,-0.911676201794003,,,,
Europe,LFL,2025,full year (per-game derived),Joblife,RAMES,Jungle,48,-3.824,-0.0797,-0.3178651177244104,0.729,397.8,0,False,7.653,0.8241839600829639,-1.130501795184957,0.4252570018037561,,,,,-1.2849453932392247,0.7187297157227841,,,,
Europe,LES,2025,full year (per-game derived),LUA Gaming,Sn1lle,Jungle,44,-4.703,-0.1069,-0.1471385922275927,-0.76,411.8,17,False,3.017,0.8031773480236581,0.1595654917756288,-0.2001828876078031,,,,,0.2099216008298422,-0.7578585739080389,,,,
Europe,PRM,2025,full year (per-game derived),Unicorns of Love Sexy Edition,White,Jungle,54,-5.715,-0.1058,-0.4999228351919723,-1.453,564.8,90,False,8.222,0.7439495017778637,-0.7354235673277749,0.0374297285383773,,,,,-0.4947128526356563,-0.8069846493428354,,,,
Europe,LFL,2025,full year (per-game derived),Vitality.Bee,Lurox,Jungle,70,-5.902,-0.0843,-0.3854783473521443,3.585,675.8,111,False,7.653,0.7866199567018046,-1.2129628580831608,0.784031051549034,,,,,0.1114090033544488,-1.2243905862288995,,,,
Europe,PRM,2025,full year (per-game derived),Austrian Force willhaben,denizzz,Jungle,18,-5.936,-0.3298,-0.5071555984581604,3.081,247.8,0,False,8.222,0.6722265749267297,-0.5006227663171878,-1.6930958510039935,,,,,0.3222229512138941,-0.1571267277253545,,,,
Europe,LES,2025,full year (per-game derived),ZETA,Nasser,Jungle,12,-12.982,-1.0818,-0.402928939778894,-1.39,217.8,0,False,3.017,0.7836960955848448,0.3208734732280598,-0.1951443816608101,,,,,-0.0356203822146532,-1.7018244684681725,,,,
Europe,PRM,2025,full year (per-game derived),Austrian Force willhaben,Deletus,Jungle,5,-13.881,-2.7762,-0.7679681463149496,5.2,182.8,0,False,8.222,0.6433688189116226,-1.931081011269075,-0.4123649799329855,,,,,-0.0197745878684363,-0.7086520061893015,,,,
Europe,PRM,2025,full year (per-game derived),Eintracht Spandau,jokaa,Jungle,24,-13.941,-0.5809,-0.7699360464039519,-1.35,277.8,0,False,8.222,0.7321545370741346,0.3447609004091953,-0.5759057591520337,,,,,-0.9233996324998516,-1.9251996943731169,,,,
Europe,LES,2025,full year (per-game derived),UCAM Esports,Koldo,Jungle,29,-21.061,-0.7262,-0.6525450035191526,-3.458,450.8,98,False,3.017,0.6621157018146443,-0.8061117813281852,-0.7426209336062514,,,,,0.125374106715761,-1.1868214058579345,,,,
Europe,LFL,2025,full year (per-game derived),Ici Japon Corp. Esport,Theocacs,Jungle,61,-22.007,-0.3608,-0.9096471847898464,-11.892,462.8,0,False,7.653,0.6146457988111235,0.8913901998080774,-1.7768188175211794,,,,,-1.286866519622923,-1.466293601823361,,,,
Europe,LES,2025,full year (per-game derived),ZETA,Sriffow,Jungle,6,-22.076,-3.6793,-0.6838966269230584,-0.991,187.8,0,False,3.017,0.6602568284916899,-0.3497470940716193,-1.2830533445872931,,,,,-0.2871504561856342,-0.8156356128476868,,,,
Europe,LES,2025,full year (per-game derived),ZETA,ElOjoNinja,Jungle,9,-28.0,-3.1111,-0.8669052682062535,-3.864,202.8,0,False,3.017,0.7838442186594744,-1.5191299067610733,0.6053883175931862,,,,,-2.7295143820430114,0.1756348983858851,,,,
Europe,LES,2025,full year (per-game derived),Guasones,Nyx,Jungle,9,-32.254,-3.5838,-0.99832911995064,-4.808,202.8,0,False,3.017,0.6786352171744817,0.7912951163100044,-1.7957220640316691,,,,,-1.5903812432848845,-1.398508288796011,,,,
Europe,PRM,2025,full year (per-game derived),TeamOrangeGaming,Six10,Middle,66,40.718,0.6169,0.8583545383467469,28.562,529.8,21,False,10.829,1.4972593349501344,-0.1420737240060174,0.3381022892205891,,,,,1.579528116236496,,,1.1621083605833016,,
Europe,PRM,2025,full year (per-game derived),Eintracht Spandau,PowerOfEvil,Middle,39,39.677,1.0174,0.824185877266477,27.857,464.8,56,False,10.829,2.1753991629666487,-0.9520303973338572,2.3997291291720244,,,,,0.1255743388307212,,,2.2032114527586457,,
Europe,LES,2025,full year (per-game derived),GIANTX iTero,Feisty,Middle,66,36.039,0.546,0.7902854246425789,28.437,593.8,53,False,8.94,1.3821165286955044,0.9062555578697568,0.2101739803357392,,,,,1.9587486206979927,,,-0.7173910769149752,,
Europe,PRM,2025,full year (per-game derived),Berlin International Gaming,Dajor,Middle,68,35.374,0.5202,0.682938802027324,24.948,562.3,45,False,10.829,1.402015029702482,0.491545644978748,0.106971317684725,,,,,1.278051372254433,,,0.4461600691413071,,
Europe,LFL,2025,full year (per-game derived),Team BDS Academy,Toffe,Middle,35,33.405,0.9544,0.707753302149893,27.654,332.8,0,False,21.279,1.650587538947544,1.5529370539151048,0.2747644649833056,,,,,0.3182921183515589,,,0.95307983645477,,
Europe,LES,2025,full year (per-game derived),Movistar KOI Fénix,Fresskowy,Middle,46,31.318,0.6808,0.6444246678384002,16.511,523.8,136,False,8.94,1.5007447275984902,-0.1964816597894036,0.8605666116942863,,,,,0.8404935552009153,,,0.938169765886497,,
Europe,PRM,2025,full year (per-game derived),Kaufland Hangry Knights,Random,Middle,60,28.997,0.4833,0.4736054448184966,22.577,594.8,91,False,10.829,1.2366966221413451,0.5619075408495016,-1.181408269510302,,,,,1.3370200037529938,,,0.583853210115887,,
Europe,LES,2025,full year (per-game derived),UCAM Esports,ESCIK,Middle,52,27.497,0.5288,0.5263642922453201,17.47,529.8,65,False,8.94,1.4839377722534928,0.0886098910278897,0.6105107388995499,,,,,0.51296275023193,,,0.9025514333071376,,
Europe,LFL,2025,full year (per-game derived),Galions,Serin,Middle,69,27.23,0.3946,0.5067632392895375,27.835,610.8,54,False,21.279,1.601830943660903,-0.1488648785476763,0.6349065143011147,,,,,0.489442842589753,,,1.063420742614102,,
Europe,LFL,2025,full year (per-game derived),Solary,Decay,Middle,62,25.561,0.4123,0.4524523238292273,22.289,584.8,81,False,21.279,1.6308422083677725,-0.1036829894687633,0.9021487453798605,,,,,0.7913760818158198,,,-0.0133428327934494,,
Europe,LFL,2025,full year (per-game derived),Karmine Corp Blue,SlowQ,Middle,79,24.508,0.3102,0.4181857634308177,23.586,552.8,0,False,21.279,1.3537114243954342,0.0229509753934087,-0.3261678890286795,,,,,0.9395130459903204,,,0.6782459040863038,,
Europe,LES,2025,full year (per-game derived),Barça eSports,Czekolad,Middle,77,24.493,0.3181,0.4335500133007032,17.815,681.8,93,False,8.94,1.378750853437107,0.977705409517196,-0.0422171085719297,,,,,0.7033476740916128,,,-0.0899699121099176,,
Europe,LFL,2025,full year (per-game derived),Vitality.Bee,Vetheo,Middle,70,21.517,0.3074,0.3208381280257161,20.601,563.8,66,False,21.279,1.321326958975261,-1.2833857225246732,-0.3946792914133822,,,,,1.145571096934919,,,1.2489604713139888,,
Europe,LFL,2025,full year (per-game derived),Joblife,Diplex,Middle,48,21.04,0.4383,0.3053132377006564,20.947,501.8,52,False,21.279,1.829483181923439,1.0226523722108212,1.3567256132340697,,,,,-0.221572194714214,,,-0.5746730851333578,,
Europe,PRM,2025,full year (per-game derived),Austrian Force willhaben,Nan0,Middle,58,18.34,0.3162,0.123778796300612,15.693,447.8,0,False,10.829,1.3587652512659916,1.0781642686207469,-0.3473094420099724,,,,,-0.3056983490869071,,,0.3655583609940055,,
Europe,LES,2025,full year (per-game derived),LUA Gaming,Hydra,Middle,44,17.446,0.3965,0.215854832116757,12.867,395.8,18,False,8.94,1.4815091241186145,-0.5077333647770668,1.177132638810892,,,,,-0.2217061354201986,,,0.7162140761965891,,
Europe,PRM,2025,full year (per-game derived),CGN Esports,Phantasm,Middle,28,17.377,0.6206,0.0921648523358742,13.907,297.8,0,False,10.829,1.7377362408848227,1.0574360930339513,1.1899598140845633,,,,,-0.5534512204746711,,,-0.8817686416457186,,
Europe,LES,2025,full year (per-game derived),ZETA,Xico,Middle,18,16.419,0.9122,0.1841189660070583,11.466,380.8,84,False,8.94,1.3492184970131111,-0.1176548552419597,-0.2606665525668559,,,,,-0.2924673488686378,,,1.7352519200217773,,
Europe,LES,2025,full year (per-game derived),Ramboot Club,Baca,Middle,29,10.626,0.3664,0.005137080585429,13.785,450.8,98,False,8.94,1.3195977617485748,-1.3461380225154034,0.7939683786542985,,,,,0.1862582386235686,,,0.261521344953833,,
Europe,LFL,2025,full year (per-game derived),Ici Japon Corp. Esport,Sertuss,Middle,61,8.205,0.1345,-0.1124119931538414,11.776,560.8,88,False,21.279,1.4147456072477222,-1.2256602498197111,0.5053337130982557,,,,,-0.008879830527912,,,0.2080631164912494,,
Europe,LES,2025,full year (per-game derived),Guasones,Macaquino,Middle,27,7.254,0.2687,-0.0990551414638085,8.163,292.8,0,False,8.94,1.5178718277040006,2.275269023839462,0.2057662306154268,,,,,-1.350624034722869,,,-0.6659910237312003,,
Europe,LES,2025,full year (per-game derived),Veni Vidi Vici,Marty,Middle,18,4.51,0.2506,-0.1838033423022767,7.331,247.8,0,False,8.94,1.5980983485893223,-1.0983431803762576,1.8938782709434527,,,,,-0.43717847918262,,,-0.920281821104598,,
Europe,PRM,2025,full year (per-game derived),ROSSMANN Centaurs,RoyalKanin,Middle,72,4.281,0.0595,-0.3377022425839642,6.277,517.8,0,False,10.829,1.3271700205725716,-1.3340653492666956,0.0941775399310214,,,,,0.3755931031132365,,,-0.9772953948777456,,
Europe,PRM,2025,full year (per-game derived),E WIE EINFACH E-SPORTS,Relative,Middle,65,2.516,0.0387,-0.3956295422011362,4.399,554.8,36,False,10.829,1.3157623314044118,-0.8648876263882982,-0.3329752823151042,,,,,-0.2222273816033057,,,-0.2817169661006984,,
Europe,PRM,2025,full year (per-game derived),Eintracht Frankfurt,ZaZee,Middle,49,0.654,0.0133,-0.4567500210007156,2.995,510.8,72,False,10.829,1.2447470681976704,-1.6740779622964663,-0.18390636566147,,,,,0.0023093286467228,,,-0.2871773629795678,,
Europe,LES,2025,full year (per-game derived),Ramboot Club,twohoyrz,Middle,15,0.0,0.0,-0.3231537920553462,2.496,371.8,91,False,8.94,1.0978025854280622,-0.9620669178310506,-0.9165273357936724,,,,,0.1583298175547534,,,0.0967805000312953,,
Europe,LES,2025,full year (per-game derived),Los Heretics,Mercy9,Middle,31,-1.683,-0.0543,-0.3751350626427301,3.677,312.8,0,False,8.94,1.0453344702578486,-0.1626430719617093,-1.098164893443911,,,,,0.1856859195297282,,,-0.8107915525694751,,
Europe,PRM,2025,full year (per-game derived),Dung Dynasty,KatEvolved,Middle,11,-1.963,-0.1785,-0.5426519410123797,7.523,212.8,0,False,10.829,1.3998884316491331,0.2326884230144927,-0.1422960399689342,,,,,-1.0769659605167694,,,-0.8167400887293179,,
Europe,LFL,2025,full year (per-game derived),GameWard,Backlund,Middle,43,-2.735,-0.0636,-0.4684773167514937,6.794,415.8,43,False,21.279,1.2683446443592226,1.0517375237625175,-1.3237096394905594,,,,,-0.7138457342871741,,,-0.7189349702736549,,
Europe,LES,2025,full year (per-game derived),ZETA,ptt,Middle,9,-5.522,-0.6136,-0.4937479865434195,5.732,202.8,0,False,8.94,1.3060546505911426,1.127903609841869,-0.831574313033864,,,,,-1.8593510955890369,,,0.5274004983159377,,
Europe,PRM,2025,full year (per-game derived),Dung Dynasty,Phantasm,Middle,12,-5.531,-0.4609,-0.6597746845293008,6.323,217.8,0,False,10.829,1.2315082544692018,1.3458129832929175,-0.7199714807977504,,,,,-1.485604400579264,,,-1.2113319064927577,,
Europe,PRM,2025,full year (per-game derived),Unicorns of Love Sexy Edition,Simpli,Middle,54,-5.614,-0.104,-0.6625198797680312,1.887,567.8,92,False,10.829,1.174467699687917,0.1995801055009703,-1.2210732098293928,,,,,-1.0541289505736868,,,-0.3048610927673156,,
Europe,LES,2025,full year (per-game derived),Los Heretics,SAJATOR,Middle,41,-8.176,-0.1994,-0.5757544957611005,2.367,500.8,91,False,8.94,0.994661485150858,-0.4779511527973666,-1.338490579057651,,,,,0.7884893879733951,,,-2.212985489774692,,
Europe,LES,2025,full year (per-game derived),Veni Vidi Vici,Miniduke,Middle,35,-13.786,-0.3939,-0.7490854559675557,-3.301,340.8,4,False,8.94,1.0794348431445249,-0.5067312668059292,-1.2643560674857712,,,,,-1.172988870120533,,,0.2395213374918169,,
Europe,LFL,2025,full year (per-game derived),BK ROG Esports,OMON,Middle,75,-13.815,-0.1842,-0.8290944140619838,-3.42,532.8,0,False,21.279,1.1244372024711558,0.2109355664553467,-1.879966092049766,,,,,-0.4965719179579242,,,-1.3789794462195806,,
Europe,LFL,2025,full year (per-game derived),Gentle Mates,Eika,Middle,70,-28.325,-0.4046,-1.3013222704585143,-12.084,612.8,76,False,21.279,1.3210855582486158,-1.0996196513763787,0.2506438609857953,,,,,-2.243325508195147,,,-1.4658397365403129,,
Europe,LFL,2025,full year (per-game derived),Ici Japon Corp. Esport,SamD,ADC,39,54.998,1.4102,1.452679848052493,36.449,444.8,46,False,13.738,2.290749559351902,0.8101809508376712,1.178143786078153,2.095086780074808,,,,1.2729222947463277,,,2.131762370158212,,
Europe,LES,2025,full year (per-game derived),ZETA,Afriibi,ADC,9,38.793,4.3103,1.095008920765907,8.939,202.8,0,False,0.427,1.6471806209081792,1.1576388853907316,-0.3535552091765596,0.552400948569795,,,,1.6263397676270248,,,1.8280566528421456,,
Europe,LFL,2025,full year (per-game derived),Karmine Corp Blue,3XA,ADC,79,34.85,0.4411,0.7969451867101554,26.945,611.8,85,False,13.738,1.9120406865829005,0.211669930860654,0.8642773333317452,0.7564187309716063,,,,0.8564795740832404,,,1.2214623800871742,,
Europe,LFL,2025,full year (per-game derived),Gentle Mates,Comp,ADC,70,29.111,0.4159,0.6101687599484573,20.225,562.3,80,False,13.738,2.016725911672459,-0.3877122299183982,1.3137288909594282,0.4274723461440731,,,,0.8629142980009895,,,0.5185085719905289,,
Europe,PRM,2025,full year (per-game derived),Austrian Force willhaben,Vaynedeta,ADC,40,28.609,0.7152,0.7784942922664286,18.418,357.8,0,False,5.504,1.6924155765334197,-0.5923109368949688,0.3912481011034506,1.3006368417226457,,,,1.1090235735821057,,,1.2707122801743134,,
Europe,LES,2025,full year (per-game derived),Movistar KOI Fénix,UNF0RGIVEN,ADC,28,27.019,0.965,0.7312434150891678,12.927,297.8,0,True,0.427,2.132836923830326,1.2958894091821611,1.8556833849470864,0.3792084544321759,,,,-0.1765264453432608,,,1.4366745977682118,,
Europe,LES,2025,full year (per-game derived),Los Heretics,Rin,ADC,72,24.137,0.3352,0.6421899580789668,17.577,573.8,28,False,0.427,1.3952276540404285,0.6723092428208962,-0.7680965530512385,-0.5935020457690348,,,,1.9315892891750064,,,0.3569006933491557,,
Europe,PRM,2025,full year (per-game derived),TeamOrangeGaming,Vzz,ADC,66,22.735,0.3445,0.5856698324208921,17.16,487.8,0,False,5.504,1.6013556070335262,0.6643084473298261,-0.1914096384593355,0.5046817017694536,,,,1.1809108678614253,,,0.0258064893024243,,
Europe,PRM,2025,full year (per-game derived),Austrian Force willhaben,Kenal,ADC,18,21.945,1.2192,0.5597517525964764,14.813,347.8,50,False,5.504,1.756301326551005,2.312258670796324,-0.7111323757272472,1.7540070677247512,,,,0.0755049749056082,,,-0.0265711026034689,,
Europe,PRM,2025,full year (per-game derived),Berlin International Gaming,BEAN,ADC,68,21.6,0.3176,0.548407527231503,12.801,549.8,34,False,5.504,1.638493410045979,-0.4277221085374562,0.4571609255691748,-0.294820078845154,,,,1.263608612332514,,,0.8498089292621722,,
Europe,PRM,2025,full year (per-game derived),Eintracht Frankfurt,Unkn0wn5,ADC,14,19.572,1.398,0.4818595181369323,9.826,227.8,0,False,5.504,1.551153268202907,1.103458409316248,-0.6097991635060799,0.2209993479527084,,,,0.9630450033192074,,,0.130112137124734,,
Europe,LES,2025,full year (per-game derived),Barça eSports,Legolas,ADC,77,19.362,0.2515,0.4946932409962321,14.072,681.8,92,False,0.427,1.5673032877074249,-0.1215990801026696,0.2185316959697762,0.9109127890435292,,,,0.3342018158439228,,,1.3320332656669889,,
Europe,LFL,2025,full year (per-game derived),Solary,TakeSet,ADC,62,18.194,0.2935,0.2548551728124897,16.327,545.8,60,False,13.738,1.6437641982742222,-0.1080354112631022,0.1969165112411329,0.3139044138464249,,,,0.6266543253392929,,,-0.219912915759804,,
Europe,LFL,2025,full year (per-game derived),Galions,HARPOON,ADC,29,17.721,0.6111,0.2394621833091678,14.213,356.8,54,False,13.738,1.4845626694316156,0.4336749531435561,-0.4544722411744856,0.4429952333421269,,,,0.7602200362692916,,,-0.6360543812348044,,
Europe,LFL,2025,full year (per-game derived),BK ROG Esports,Keduii,ADC,12,15.736,1.3113,0.1748632822856683,12.936,379.8,108,False,13.738,1.9124423115848483,1.512300682269367,0.5470474300638397,0.6526055460468936,,,,-0.9369030159887712,,,0.4889736418800618,,
Europe,PRM,2025,full year (per-game derived),Dung Dynasty,Innaxe,ADC,13,14.78,1.1369,0.3245405163750018,7.379,276.8,36,False,5.504,1.987314658906717,0.7407223503168652,0.5707727358535942,0.7523750438603448,,,,0.1457139928396092,,,-0.3633483865761633,,
Europe,LES,2025,full year (per-game derived),Guasones,RustySniper,ADC,9,14.738,1.6376,0.3518334611514392,3.602,202.8,0,False,0.427,1.418757427015224,0.48231961144171,-1.1469297253592894,0.9174981943274976,,,,0.9551859833651472,,,-0.2030974107850044,,
Europe,LFL,2025,full year (per-game derived),Joblife,Deadly,ADC,48,13.906,0.2897,0.1153077478083653,12.825,441.8,44,False,13.738,1.663180639235282,-0.1359919550120549,0.2879141524451849,-0.4552891195416174,,,,0.0088174977067254,,,1.0042009760706387,,
Europe,LFL,2025,full year (per-game derived),Vitality.Bee,Jopa,ADC,70,13.57,0.1939,0.1043613158464655,14.257,645.8,84,False,13.738,1.5462486887938496,2.0085540527239125,-0.5358083484686876,0.0398317968559993,,,,-0.0010646489816505,,,-0.857923816862101,,
Europe,LES,2025,full year (per-game derived),Ramboot Club,Syzyfek,ADC,14,10.579,0.7556,0.2233216469347097,5.118,325.8,49,False,0.427,1.466157604828716,0.1752905759515794,0.0715093834416929,-0.286271638203991,,,,0.7200743365145532,,,-0.1849352850050901,,
Europe,PRM,2025,full year (per-game derived),Unicorns of Love Sexy Edition,DenVoksne,ADC,54,10.552,0.1954,0.1857592337772237,9.932,481.8,27,False,5.504,1.531312687836876,0.5757340257762066,-0.4399295950047378,-0.883397477799977,,,,0.649896349254234,,,0.44632147231413,,
Europe,PRM,2025,full year (per-game derived),CGN Esports,Reptile,ADC,28,9.444,0.3373,0.149405499687991,6.205,313.8,16,False,5.504,1.6789951354956452,-1.122635552669085,0.8457522173639074,-0.3398472667379482,,,,0.4868813889287782,,,0.455031850003319,,
Europe,LES,2025,full year (per-game derived),Ramboot Club,Unkn0wn5,ADC,15,8.957,0.5971,0.1732200376173648,3.175,232.8,0,False,0.427,1.4393472549913275,0.7547727138291255,-0.7880474808675113,0.4456427068185261,,,,0.224868159893678,,,0.1643039355676147,,
Europe,LES,2025,full year (per-game derived),UCAM Esports,ANDARIEL,ADC,52,6.075,0.1168,0.0841648666889691,4.849,467.8,34,False,0.427,1.4296685073238202,0.1518903726945628,-0.0919235291538505,0.5428272292673965,,,,0.6914790036514472,,,-1.6325914142178075,,
Europe,PRM,2025,full year (per-game derived),Dung Dynasty,Reptile,ADC,10,5.504,0.5504,0.0200614626918367,4.022,223.8,16,False,5.504,1.6267349378977012,-1.127000707551148,0.580410483677163,-0.1933278942470192,,,,0.1850559971030321,,,0.4489262664631618,,
Europe,LFL,2025,full year (per-game derived),Galions,Jezu,ADC,40,2.475,0.0619,-0.2567241482608043,12.729,518.8,112,False,13.738,1.3349694813579729,0.3870898075927804,-1.1682243244151125,-0.1833121144536718,,,,-0.0030112052286779,,,-0.633304083589498,,
Europe,PRM,2025,full year (per-game derived),E WIE EINFACH E-SPORTS,Noz2k,ADC,65,1.647,0.0253,-0.1065448605617691,2.908,482.8,0,False,5.504,1.7268948255052343,0.5610163746272067,0.3012496657038401,-0.928947313501455,,,,-0.1061649181121242,,,-0.3603530395883693,,
Europe,PRM,2025,full year (per-game derived),Kaufland Hangry Knights,Fun K3y,ADC,10,0.638,0.0638,-0.1396636769956414,10.876,374.8,111,False,5.504,2.326990808981239,0.4694978283701433,1.6731090835285811,-1.1604129247059756,,,,-1.209312119364527,,,0.8658603001546779,,
Europe,LES,2025,full year (per-game derived),GIANTX iTero,Aetinoth,ADC,58,0.522,0.009,-0.0873952020081561,3.263,553.8,53,False,0.427,1.4550495152880054,0.068476624453431,-0.1185889498922193,0.6736238881151303,,,,-0.5733868911102162,,,0.1203889297706685,,
Europe,PRM,2025,full year (per-game derived),ROSSMANN Centaurs,Syzyfek,ADC,44,0.387,0.0088,-0.1479070721449353,3.811,475.8,49,False,5.504,1.8979585874218703,0.2777050573914889,0.7988264155120745,-0.5150249951077505,,,,-0.5601708944139726,,,-0.2255411662702204,,
Europe,LES,2025,full year (per-game derived),Veni Vidi Vici,Rayito,ADC,53,0.332,0.0063,-0.0932402299807935,0.534,466.8,34,False,0.427,1.544469950266124,0.13905880357084,0.5920164948263659,-0.4244520426295183,,,,-0.4105486977521428,,,0.0343598767946739,,
Europe,LFL,2025,full year (per-game derived),GameWard,Matias,ADC,43,0.0,0.0,-0.3372850076143981,7.157,452.8,40,False,13.738,1.4807053911514692,-1.7328969538091556,0.1917687027538131,-0.6327360989664843,,,,0.0241174555589753,,,0.0115687774241438,,
Europe,LES,2025,full year (per-game derived),Ramboot Club,Coldraa,ADC,15,-0.332,-0.0221,-0.1137832650689781,-1.847,268.8,18,False,0.427,1.4341439642157543,-1.0617386019459631,0.9941340332590564,-1.2119535365131782,,,,0.5910518063279661,,,-0.7614538657189522,,
Europe,PRM,2025,full year (per-game derived),ROSSMANN Centaurs,Fun K3y,ADC,28,-1.16,-0.0414,-0.1986924700015067,8.353,464.8,111,False,5.504,1.5171561045913515,0.0338160957714059,0.0455968035378129,-0.66745048062988,,,,-0.3305966796787673,,,0.0900521730884704,,
Europe,LFL,2025,full year (per-game derived),Ici Japon Corp. Esport,Pangjin,ADC,22,-1.294,-0.0588,-0.3794020169462255,7.564,267.8,0,False,13.738,1.08194406123224,-1.0420112255614575,-2.3156190605823315,-0.4379277305928321,,,,0.6785317676250004,,,-0.102401066333539,,
Europe,PRM,2025,full year (per-game derived),Kaufland Hangry Knights,Jeskla,ADC,50,-3.609,-0.0722,-0.2790699126375733,1.88,441.8,26,False,5.504,1.522860121185341,-0.1031467907484337,0.2034837722699768,-1.0183893432841469,,,,0.467908770393441,,,-1.878929325607472,,
Europe,LES,2025,full year (per-game derived),LUA Gaming,Shy Carry,ADC,44,-5.23,-0.1189,-0.2650791534902388,-1.303,469.8,46,False,0.427,1.4006183478418943,-0.2195105318150398,-0.063684592909552,-0.1862892487122962,,,,-0.2460879439180123,,,-0.6335624620615774,,
Europe,LFL,2025,full year (per-game derived),BK ROG Esports,Booshi,ADC,63,-6.016,-0.0955,-0.5330764913835935,0.578,472.8,0,False,13.738,1.661121178465645,-0.4728466254184651,0.9499476381782944,-0.5995424414161296,,,,-0.7961895500255914,,,-1.4178601549335788,,
Europe,LFL,2025,full year (per-game derived),Team BDS Academy,Mishi,ADC,31,-6.721,-0.2168,-0.5560158427682008,1.494,356.8,44,False,13.738,1.4268537344707175,-0.8930933893068321,-0.5016530223391218,0.0178378613708118,,,,-0.8596958685147064,,,-0.1638747628680235,,
Europe,LES,2025,full year (per-game derived),GIANTX iTero,Exofeng,ADC,8,-7.58,-0.9475,-0.3376843959141972,-1.192,197.8,0,False,0.427,1.4756272378891364,1.2028939916025936,-0.9559076760943486,2.1934947754048224,,,,-1.89475962782667,,,-0.2877994027667927,,
Europe,LES,2025,full year (per-game derived),Movistar KOI Fénix,13,ADC,18,-8.045,-0.4469,-0.3520689152586402,-2.65,247.8,0,False,0.427,1.1641100460282388,0.6252784553584082,-1.8650442342611775,-0.1942853751329955,,,,-0.0229398716613514,,,-0.7147648550926958,,
Europe,LES,2025,full year (per-game derived),Guasones,Lelouch,ADC,9,-9.866,-1.0962,-0.4083284978173674,-1.857,202.8,0,False,0.427,1.7860898257136364,-2.326044845038687,2.227189184155338,-0.6059047135342583,,,,-1.517152406650976,,,1.5663001780237569,,
Europe,LES,2025,full year (per-game derived),Guasones,ECSTASSY,ADC,9,-13.951,-1.5501,-0.5345253000480418,-2.763,202.8,0,False,0.427,1.3270085770874862,-1.8209573159507504,0.2653477605543078,0.4598931310654369,,,,-0.8806752797675155,,,-0.2635473214923449,,
Europe,PRM,2025,full year (per-game derived),Eintracht Frankfurt,Varry,ADC,35,-14.766,-0.4219,-0.6453079131092272,-5.154,332.8,0,False,5.504,1.272998381809353,-0.7292487641947285,-0.5748662326343255,0.0426753477918802,,,,-0.782927773876536,,,-1.0101473166732904,,
Europe,LES,2025,full year (per-game derived),ZETA,Mauki,ADC,9,-17.614,-1.9571,-0.6477039233005659,-3.575,202.8,0,False,0.427,1.2894419635718812,-0.2698669352515025,-0.2112538677361101,-1.7407235271174262,,,,-0.5510329909121271,,,-0.5864809609712117,,
Europe,PRM,2025,full year (per-game derived),Eintracht Spandau,Broeki,ADC,37,-26.652,-0.7203,-1.0354546666902948,-11.848,342.8,0,False,5.504,1.2341589023544173,-0.8605910218409746,-0.3154804082452133,-0.7643334791777345,,,,-1.0135456427061125,,,-2.250709061461668,,
Europe,LES,2025,full year (per-game derived),ZETA,Adryh,ADC,9,-27.589,-3.0654,-0.9558666644357748,-5.788,202.8,0,False,0.427,1.294371244932521,-0.9061013761914,0.1386198813482476,-1.8321199894316205,,,,-0.8016800074564732,,,-1.5707851516717537,,
Europe,PRM,2025,full year (per-game derived),Eintracht Spandau,Innaxe,ADC,2,-28.049,-14.0245,-1.0813090630433475,3.614,221.8,36,False,5.504,,-1.7758613772589495,-3.0249927905426435,2.19057590321526,,,,-2.524831502367917,,,1.5329675008932226,,
Europe,LFL,2025,full year (per-game derived),Team BDS Academy,Piwek,ADC,4,-41.444,-10.361,-1.6861399898000395,7.532,177.8,0,False,13.738,,-0.5908825871384796,-0.5539674480718443,-2.437345203681997,,,,-2.493792960590446,,,-1.3451455360294242,,
Europe,LES,2025,full year (per-game derived),Ramboot Club,Pyrka,Support,15,48.188,3.2125,1.168177212849499,20.358,232.8,0,False,7.134,0.6641106463032912,,2.775484283717085,,1.8336003527136928,0.5136277328753399,-0.3174797953428454,,,,,1.104238736903041,1.1133090155544436
Europe,LFL,2025,full year (per-game derived),Vitality.Bee,Fleshy,Support,35,36.749,1.05,0.8774153570936505,24.433,440.8,54,False,8.065,0.4209025427671481,,0.1316440616548187,,1.97646567417904,-0.0204559404931849,-1.6753185601519685,,,,,1.918208909491394,2.522641469724172
Europe,LES,2025,full year (per-game derived),Ramboot Club,Goliath,Support,14,30.986,2.2133,0.636716757457592,14.462,227.8,0,False,7.134,0.4354014687286648,,0.7550704586902051,,-0.4182336607119951,0.7556988498193572,0.1693765866351688,,,,,1.3293950496554992,1.110537960017372
Europe,LES,2025,full year (per-game derived),GIANTX iTero,Lospa,Support,66,28.451,0.4311,0.5583737730823795,21.554,487.8,0,True,7.134,0.4255230552193703,,0.2733960777538113,,-0.1620860799467482,0.8185107494240614,1.687997224115089,,,,,0.1783121524001317,0.5549647664148208
Europe,LFL,2025,full year (per-game derived),Ici Japon Corp. Esport,Prime,Support,61,28.133,0.4612,0.5969880280346028,23.173,614.8,103,False,8.065,0.4410751319030792,,0.919669861034018,,-0.3324317444686498,1.9423485796067224,1.153534641022861,,,,,0.4452207448539192,-0.3177335254660827
Europe,PRM,2025,full year (per-game derived),Austrian Force willhaben,Aladoric,Support,18,27.181,1.5101,0.63669213923778,11.836,247.8,0,False,3.086,0.679248124636412,,1.6181416548486276,,-1.224265137657863,-0.8509045478272386,-0.1889004037633261,,,,,2.411590596120321,1.770930966812483
Europe,LES,2025,full year (per-game derived),Los Heretics,Kaiser,Support,72,26.556,0.3688,0.4998480255865797,20.6,554.3,59,False,7.134,0.4189618945205682,,-0.6314357615569453,,-0.6462893496418834,1.4600725618561368,1.3759859358179027,,,,,0.4011852828236239,0.9316251924938314
Europe,LES,2025,full year (per-game derived),UCAM Esports,iLEVI,Support,52,22.906,0.4405,0.3870657496855725,16.948,417.8,0,False,7.134,0.4052563071515106,,-1.1159920629096,,1.1936370987942495,0.4815749426682105,0.3790659446856594,,,,,0.5499360261015259,0.7447511889558265
Europe,LES,2025,full year (per-game derived),LUA Gaming,Click,Support,44,21.043,0.4782,0.3295311941410715,15.233,377.8,0,False,7.134,0.4220891387767051,,-0.3579010535337559,,0.0648894916713543,0.6526007312732541,0.843175479020398,,,,,-0.0412089921428059,0.7184114456746019
Europe,LFL,2025,full year (per-game derived),Gentle Mates,Erdote,Support,70,19.945,0.2849,0.3304896024140443,16.215,550.8,43,False,8.065,0.456198467166478,,1.134681434895526,,-0.0453716588862373,0.2113915017767463,1.4439913170280694,,,,,-0.0189456374839299,-0.5281495537939178
Europe,PRM,2025,full year (per-game derived),Austrian Force willhaben,HungryPanda,Support,40,19.837,0.4959,0.395624649351892,12.448,357.8,0,False,3.086,0.3809850879583685,,-0.7797338172052892,,0.2323290126466665,0.4059571259617279,0.4207570762091833,,,,,0.719044613986585,1.1794400374803613
Europe,PRM,2025,full year (per-game derived),Eintracht Frankfurt,Veignorem,Support,49,19.481,0.3976,0.38392112944187,13.306,521.8,83,False,3.086,0.4558946664562459,,0.1224380228591994,,1.1884846772058977,0.6163326605936404,0.9481641764644448,,,,,-0.0836339807385083,-0.3138227978983886
Europe,LES,2025,full year (per-game derived),ZETA,escoX,Support,27,18.314,0.6783,0.2451935107276719,12.288,292.8,0,False,7.134,0.5482619451988476,,0.736147348710697,,0.796448655520839,0.3264807288648574,-0.0388040538950358,,,,,0.6581871791287165,-0.7568003330256992
Europe,PRM,2025,full year (per-game derived),Eintracht Spandau,Lilipp,Support,39,18.308,0.4694,0.3454036597920712,12.303,510.8,102,False,3.086,0.3718590735776945,,-1.6720330731976625,,1.6226041803147764,2.1245263899227744,0.8939838472722728,,,,,-1.677650885755475,0.6938739321150068
Europe,PRM,2025,full year (per-game derived),Kaufland Hangry Knights,Visdom,Support,60,16.338,0.2723,0.2807668035129351,11.479,495.8,38,False,3.086,0.4015820373339987,,0.038137565850092,,0.1160218489919989,0.7287676661370629,1.050197529110374,,,,,-0.3680139776694667,0.1517455116286266
Europe,LFL,2025,full year (per-game derived),Karmine Corp Blue,Piero,Support,79,9.351,0.1184,-0.0143053349494742,11.423,666.8,57,False,8.065,0.3606153747351883,,-0.6579908532681232,,-0.4228470967664438,-0.8476001887412126,0.4940313643195924,,,,,0.765189387631261,0.4638472347125694
Europe,LFL,2025,full year (per-game derived),Team BDS Academy,Myrtus,Support,35,9.101,0.26,-0.0224213009683837,5.616,404.8,36,False,8.065,0.4397279737137775,,0.7595379725181923,,1.215801250249881,0.1087149918638294,-0.8176704650638942,,,,,0.3246255018077834,-1.384913905942552
Europe,LFL,2025,full year (per-game derived),Vitality.Bee,Dekap,Support,35,8.065,0.2304,-0.0561585245794315,8.065,332.8,0,False,8.065,0.3995811734976524,,0.6782146103785104,,-0.6258828085107427,1.47745751595336,-0.3419339937868591,,,,,-0.8878104972370071,-0.520828484334967
Europe,LES,2025,full year (per-game derived),Barça eSports,whiteinn,Support,77,7.931,0.103,-0.0755907244737079,7.361,673.8,79,False,7.134,0.400978642800724,,-0.4863813231562387,,0.2835460847342416,-0.3051321430380767,0.24506547046836,,,,,0.2430967125714932,-0.362109463632363
Europe,LES,2025,full year (per-game derived),Movistar KOI Fénix,kamilius,Support,15,6.337,0.4225,-0.1248199703958884,7.018,389.8,110,False,7.134,0.381244805458704,,-0.8291749423180454,,-0.3780242716208223,0.1910125759646845,-1.286763145998687,,,,,0.2344285093801724,1.0307171676947162
Europe,LES,2025,full year (per-game derived),Veni Vidi Vici,Nash,Support,18,4.694,0.2608,-0.1755995579523106,5.36,283.8,18,False,7.134,0.3872582162779036,,0.1587739955847366,,1.2071218701947364,-0.1210606805697343,0.9738295227374338,,,,,-0.8735160914522935,-1.954116682957456
Europe,LFL,2025,full year (per-game derived),Galions,Zoelys,Support,69,4.689,0.068,-0.166016027936708,6.122,574.8,72,False,8.065,0.3870860946446345,,-1.1184983247341944,,0.5845987011829419,-1.2241151240826,-0.2263864349212141,,,,,0.452489273242019,0.3954493877668978
Europe,PRM,2025,full year (per-game derived),Unicorns of Love Sexy Edition,seaz,Support,54,4.131,0.0765,-0.119927659961881,5.163,551.8,71,False,3.086,0.5943198479765259,,1.6632638873226204,,-1.4077523355039443,-0.7034965103118193,0.0821607373125808,,,,,-0.6920964515598048,0.2466982383828887
Europe,LES,2025,full year (per-game derived),Movistar KOI Fénix,Thomas,Support,18,3.644,0.2024,-0.208016133738539,5.867,247.8,0,False,7.134,0.5180483467054272,,0.1760722309378413,,0.2912662518644044,-1.4007187118889268,-0.6762199310558789,,,,,0.6014251755045686,-0.2335406809823025
Europe,PRM,2025,full year (per-game derived),E WIE EINFACH E-SPORTS,Tockimo,Support,65,3.086,0.0475,-0.154247920171455,3.086,482.8,0,False,3.086,0.4011549243767967,,-0.7258526014747927,,-1.080603568095296,0.988317144209589,1.2464427469866033,,,,,-0.0050554443047261,-1.1098382227143773
Europe,PRM,2025,full year (per-game derived),CGN Esports,Lucky,Support,28,2.647,0.0945,-0.1686409245694733,5.39,405.8,54,False,3.086,0.4368494638253281,,0.1805583251351075,,0.9250138108227716,-0.6654236456149234,-0.7457272797118356,,,,,0.1900283576778857,-0.7507642774945711
Europe,PRM,2025,full year (per-game derived),Dung Dynasty,Lucky,Support,10,2.346,0.2346,-0.1785438255643945,6.124,315.8,54,False,3.086,0.4921979022778755,,0.6998527672070544,,-0.4011275269990201,-0.9331717266899874,-1.834812295586277,,,,,0.9726720341203128,0.3045502705363611
Europe,LFL,2025,full year (per-game derived),Solary,Mersa,Support,62,0.101,0.0016,-0.3153329356628924,3.823,489.8,44,False,8.065,0.3081375325897071,,-2.1053883215291367,,-1.4296296903095402,0.4891883118925609,1.2870167280325644,,,,,0.463980170836748,-0.5407984374530194
Europe,PRM,2025,full year (per-game derived),ROSSMANN Centaurs,Wildenbruch,Support,72,0.0,0.0,-0.2555443506051295,0.941,517.8,0,False,3.086,0.4246249864864821,,-0.4945895764147878,,0.069601272548673,0.1371619667592776,-0.3493264275111101,,,,,-0.1278251869443094,-0.6657393917758423
Europe,LFL,2025,full year (per-game derived),BK ROG Esports,Doss,Support,75,-0.101,-0.0013,-0.3219353028294631,3.307,590.8,58,False,8.065,0.3847750023509318,,0.5885712222180414,,-0.4875772584427399,-0.7427423222348226,-0.0713453564643179,,,,,-1.5214005564728788,0.1779189029700585
Europe,LFL,2025,full year (per-game derived),GameWard,HONOR,Support,43,-2.138,-0.0497,-0.3882136694037729,0.111,408.8,18,False,8.065,0.4515568770729314,,-0.549173862410162,,0.5629196059987833,-0.6348719068138159,-0.2630475588860558,,,,,-0.8628806092920156,-0.5434248818962514
Europe,PRM,2025,full year (per-game derived),Dung Dynasty,Efias,Support,13,-2.838,-0.2183,-0.3486976099583599,2.477,266.8,44,False,3.086,0.4591557234475427,,0.7847657269039424,,0.7742285455839867,0.2578898489491605,-1.604995765174923,,,,,0.2021565592540719,-2.0747239822047905
Europe,LES,2025,full year (per-game derived),Ramboot Club,Rhuckz,Support,15,-3.644,-0.2429,-0.4332044122919823,4.376,309.8,50,False,7.134,0.4795393586150568,,0.9288209231921836,,-1.698488704473622,-1.1206640745534977,-0.9396444005865976,,,,,0.0532842376903525,0.0553315535250339
Europe,PRM,2025,full year (per-game derived),Berlin International Gaming,LIMIT,Support,68,-4.308,-0.0634,-0.396950030245712,-1.675,573.3,70,False,3.086,0.3914645070723926,,-1.0750869501157638,,-1.209253890708169,-0.5059604970784851,0.6741633401112225,,,,,-0.8162107663739131,0.3611288601035263
Europe,PRM,2025,full year (per-game derived),TeamOrangeGaming,Infoneral,Support,66,-5.006,-0.0758,-0.4198560602601439,-2.275,583.8,57,False,3.086,0.3987122972654581,,-0.3598619317183493,,0.3947191108495241,-1.5999958750107726,-0.592107281719201,,,,,-0.7250054678129982,0.2065208550287182
Europe,LFL,2025,full year (per-game derived),Joblife,Twiizt,Support,48,-6.203,-0.1292,-0.5205098912121682,0.237,510.8,65,False,8.065,0.3786112026561018,,0.2187321992425412,,-0.9960449742262942,-0.7593154187275876,-0.9828716811287744,,,,,-1.0786766873773022,0.2759917937130932
Europe,LES,2025,full year (per-game derived),Veni Vidi Vici,Thomas,Support,35,-7.66,-0.2189,-0.5572531712678094,-0.644,332.8,0,False,7.134,0.4592331683967199,,-0.3320896730672664,,0.0590603713331734,-1.8335842594995604,-0.162474545850549,,,,,-0.5640896921401058,-0.5197236169596002
Europe,LES,2025,full year (per-game derived),Guasones,Passzi,Support,9,-7.745,-0.8606,-0.5598958406384532,3.833,202.8,0,False,7.134,0.3425361062167211,,-0.4426849390137303,,-0.5471698181240587,1.3466662086781416,0.5124630499889075,,,,,-2.8545775495891594,-1.2112367647443467
Europe,LES,2025,full year (per-game derived),Movistar KOI Fénix,Treatz,Support,13,-14.325,-1.1019,-0.7631728645546703,0.875,222.8,0,True,7.134,0.4246234744616519,,-0.1349553909213864,,-1.9971947386813296,-1.384284695779983,-0.6231404126022704,,,,,-1.1637069900828734,0.4267614596809235
Europe,LES,2025,full year (per-game derived),Guasones,Smarty,Support,18,-19.639,-1.0911,-0.9273535482170048,-2.588,247.8,0,False,7.134,0.4202501318166658,,-1.47315017210959,,0.1179164463737692,-0.3808005160942691,-2.142432928137045,,,,,0.1436102532481097,-1.6488822077098035
Europe,LFL,2026,full year (per-game derived),Esprit Shōnen,Archfiend,Top,6,56.866,9.4777,1.2418643352158092,17.698,187.8,0,False,10.253,1.2186078031091092,2.869637143135458,,,,,,,,-0.5300629478548029,,,0.7154717119500107
Europe,LES,2026,full year (per-game derived),UCAM Esports,Kozi,Top,44,45.488,1.0338,1.3235686170558632,27.106,377.8,0,False,1.484,1.393600661899744,0.4528658271291975,,,,,,,,2.4633145657901965,,,1.517895468480256
Europe,PRM,2026,full year (per-game derived),Berlin International Gaming,Irrelevant,Top,60,42.26,0.7043,1.0405772018526378,26.827,521.8,90,False,5.765,1.2062000642557675,1.467401282698027,,,,,,,,0.0934605134881297,,,1.121865084963005
Europe,LFL,2026,full year (per-game derived),BK ROG Esports,Boda,Top,10,36.417,3.6417,0.760201891794111,16.547,207.8,0,False,10.253,1.087227992518631,-0.4774084566921955,,,,,,,,1.6447454882094918,,,1.3707269058213705
Europe,LES,2026,full year (per-game derived),Falke Esports,Ethe,Top,18,35.801,1.9889,0.993748595322153,12.927,265.8,9,False,1.484,1.3477237810326212,1.5262916312669708,,,,,,,,-0.4050466483816527,,,1.1938475857781228
Europe,LFL,2026,full year (per-game derived),French Flair,Adam,Top,24,31.047,1.2936,0.6337042518711653,17.88,344.8,105,False,10.253,1.2703042208908704,-0.2166874053105322,,,,,,,,1.5452979677384784,,,0.915118464171048
Europe,LFL,2026,full year (per-game derived),ZYB Esport,Sleyer,Top,6,30.194,5.0323,0.6136298097523248,13.438,187.8,0,False,10.253,1.0484471427451958,1.681158796169024,,,,,,,,-0.4036773927133558,,,0.2026093674412441
Europe,LES,2026,full year (per-game derived),Movistar KOI Fénix,NightSlayer,Top,44,28.846,0.6556,0.7569449376750403,16.973,453.8,58,False,1.484,1.3622704928434397,0.1629731915425756,,,,,,,,0.7362011001965637,,,1.252350837910001
Europe,PRM,2026,full year (per-game derived),G2 NORD,Shelfmade,Top,58,27.641,0.4766,0.6544206189978101,22.864,616.8,101,False,5.765,1.1579026856406656,-0.3159162830513514,,,,,,,,1.204500168523191,,,1.1982964708901327
Europe,LFL,2026,full year (per-game derived),Esprit Shōnen,Leny,Top,18,22.885,1.2714,0.441461194916038,13.476,343.8,48,False,10.253,1.2379435061413686,0.5345773176142223,,,,,,,,-0.020666120126869,,,0.5753331468188451
Europe,PRM,2026,full year (per-game derived),Kaufland Hangry Knights,Boda,Top,14,21.303,1.5216,0.4870127560928101,10.539,227.8,0,False,5.765,1.0454477034379552,0.3967047342127965,,,,,,,,0.8940213740426711,,,0.3758972203810664
Europe,LFL,2026,full year (per-game derived),Vitality.Bee,Potent,Top,34,20.973,0.6169,0.3964391707947303,15.812,327.8,0,False,10.253,1.028629746213858,-0.1388697435052305,,,,,,,,1.1545415694922976,,,0.4898271921776223
Europe,PRM,2026,full year (per-game derived),TeamOrangeGaming,Sotsy,Top,1,19.458,19.458,0.4382840016108059,0.473,215.8,38,False,5.765,,-1.1471327619068354,,,,,,,,0.4748120381215863,,,1.7188395188021577
Europe,PRM,2026,full year (per-game derived),A One Man Army Prime,Smurfe,Top,6,18.597,3.0995,0.4155361763862039,8.683,319.8,66,False,5.765,1.4596396111901828,-0.0921674983505762,,,,,,,,1.6398915092947717,,,0.2744049407578569
Europe,LES,2026,full year (per-game derived),Team Heretics Academy,Papiteero,Top,34,18.481,0.5436,0.4040540149641198,8.829,389.8,31,False,1.484,1.0568014314424494,-0.7111712262219303,,,,,,,,0.3729819944944795,,,1.3306346761479977
Europe,LES,2026,full year (per-game derived),LUA Gaming,Dani,Top,19,17.569,0.9247,0.3730124808407087,7.528,252.8,0,False,1.484,1.09663791277109,1.2938750374768164,,,,,,,,-0.8578819317250405,,,0.1790769402137794
Europe,LFL,2026,full year (per-game derived),ZYB Esport,Adam,Top,7,16.563,2.3661,0.292548177995372,11.621,259.8,105,False,10.253,1.4007140653126284,0.0492221207504227,,,,,,,,0.3874013355842728,,,0.4485180622917393
Europe,PRM,2026,full year (per-game derived),TeamOrangeGaming,zorenous,Top,36,16.224,0.4507,0.3528438981897903,11.338,337.8,0,True,5.765,0.9936605284409096,0.2820674251458042,,,,,,,,-0.4337340086658026,,,0.768287333796503
Europe,LFL,2026,full year (per-game derived),Galions,Carlsen,Top,57,13.588,0.2384,0.2224928593881533,10.614,548.8,106,False,10.253,1.2744754696885223,-0.4464562602691009,,,,,,,,0.6539972820062421,,,0.5736764924631393
Europe,LFL,2026,full year (per-game derived),Lille Esport,Addusto,Top,9,12.974,1.4416,0.2080259519015483,14.242,282.8,52,False,10.253,0.938102894940206,0.8704881083610826,,,,,,,,-0.0493095172537064,,,-0.2170178719493184
Europe,PRM,2026,full year (per-game derived),Eintracht Frankfurt,Addusto,Top,14,11.333,0.8095,0.2236607446063177,11.464,307.8,52,False,5.765,1.2137712327011567,0.8098572265821606,,,,,,,,0.6875323717385351,,,-0.466805298434016
Europe,LFL,2026,full year (per-game derived),Ici Japon Corp. Esport,Badlulu,Top,22,10.997,0.4999,0.1614566746265336,19.39,426.8,93,False,10.253,1.1794729839897904,-0.4923332390251443,,,,,,,,0.7139952970556339,,,0.4452217756010428
Europe,LFL,2026,full year (per-game derived),Solary,Kryze,Top,44,9.509,0.2161,0.1264195082892169,13.862,537.8,98,False,10.253,1.5387401555848967,-0.7697510646632544,,,,,,,,0.377593957687767,,,0.7454797727964433
Europe,PRM,2026,full year (per-game derived),E WIE EINFACH E-SPORTS,Vizicsacsi,Top,54,7.428,0.1376,0.1204924905857038,7.864,463.8,36,False,5.765,1.05301568447644,0.3745564411331976,,,,,,,,-0.6275678148805729,,,0.2526493971678802
Europe,LES,2026,full year (per-game derived),GIANTX iTero,ManoloGap,Top,21,6.458,0.3075,-0.0053002085772286,3.471,262.8,0,False,1.484,1.075983760871793,0.2291945171656604,,,,,,,,0.2833627081372522,,,-0.3283699463279927
Europe,PRM,2026,full year (per-game derived),Kaufland Hangry Knights,Venour,Top,26,6.299,0.2423,0.0906804553733664,6.029,459.8,112,False,5.765,1.1023911305309293,-0.082648578629746,,,,,,,,-0.252402311902142,,,0.3884418319556895
Europe,PRM,2026,full year (per-game derived),VfB eSports,Sven,Top,34,5.231,0.1539,0.0624762828668065,5.488,327.8,0,False,5.765,1.272687040840972,0.4944981056230451,,,,,,,,0.6196421567591507,,,-0.544253332975727
Europe,LFL,2026,full year (per-game derived),ZYB Esport,Wao,Top,14,4.891,0.3494,0.0176375350960761,8.606,227.8,0,False,10.253,0.9901850476548792,0.5036148224591039,,,,,,,,-0.1266987543456107,,,-0.314372841181998
Europe,PRM,2026,full year (per-game derived),Eintracht Frankfurt,Mietek,Top,26,3.295,0.1267,0.0113359699016258,4.649,287.8,0,False,5.765,1.0223768931096022,0.2211178228416155,,,,,,,,-0.8471272257557941,,,0.2299068155222796
Europe,LES,2026,full year (per-game derived),GIANTX iTero,Th3Antonio,Top,11,2.355,0.2141,-0.1450126108486121,-2.916,255.3,53,False,1.484,1.0714437585514929,-0.2011088052412545,,,,,,,,-0.2504564480953588,,,-0.0511867075970198
Europe,LFL,2026,full year (per-game derived),Joblife,Vertigo,Top,28,0.867,0.031,-0.0771448043010415,2.682,423.8,91,False,10.253,2.0473523726545566,-0.8382346821021531,,,,,,,,0.2295430635247583,,,0.4061615194335952
Europe,LES,2026,full year (per-game derived),Falke Esports,Bobsik,Top,11,0.613,0.0557,-0.2043132444709858,1.259,212.8,0,False,1.484,0.886804472419319,1.4148917096062938,,,,,,,,-1.325037916408687,,,-1.019696992380714
Europe,PRM,2026,full year (per-game derived),Unicorns of Love Sexy Edition,Fornoreason,Top,53,0.0,0.0,-0.0757141856911489,5.011,566.8,90,False,5.765,0.9048028781452674,-0.505628246411224,,,,,,,,1.219253797394122,,,-0.3125881283225743
Europe,LES,2026,full year (per-game derived),LUA Gaming,Niqkl,Top,11,-0.613,-0.0557,-0.2460402500192579,0.942,212.8,0,False,1.484,1.0695495313089984,0.5066267259650743,,,,,,,,-1.1008593141592764,,,-0.4733045648518849
Europe,PRM,2026,full year (per-game derived),Eintracht Spandau,JNX,Top,58,-0.92,-0.0159,-0.1000200567446581,4.684,531.8,63,False,5.765,1.1783689371543251,-0.5044902332576238,,,,,,,,0.2590298114255766,,,0.067705602143116
Europe,LFL,2026,full year (per-game derived),Joblife,Ragner,Top,6,-2.199,-0.3665,-0.1493728844127619,3.934,372.8,116,False,10.253,0.9886631512267174,-0.0544378998237526,,,,,,,,-0.1680772999250176,,,-0.218544955661835
Europe,LFL,2026,full year (per-game derived),TLN Pirates,Spooder,Top,48,-2.601,-0.0542,-0.1588319151614575,5.625,484.8,59,False,10.253,1.1147275741998517,-0.8618440530544886,,,,,,,,0.3561330051774081,,,0.1822848702333561
Europe,LES,2026,full year (per-game derived),Team Heretics Academy,Mihile,Top,5,-4.789,-0.9578,-0.3882253318335724,0.626,182.8,0,True,1.484,1.157988443296301,-1.1027639094728128,,,,,,,,0.5714865678821068,,,-0.2398355409085935
Europe,LFL,2026,full year (per-game derived),ZYB Esport,Hiro,Top,4,-5.233,-1.3082,-0.2208309879302984,5.543,185.8,4,False,10.253,,0.6574388354399,,,,,,,,-0.6606182670972434,,,-0.7395120801573041
Europe,LFL,2026,full year (per-game derived),Skillcamp,Yeti,Top,29,-8.126,-0.2802,-0.2889627127359983,1.453,302.8,0,False,10.253,0.964741353315682,-0.4131132848160834,,,,,,,,-0.3586480929274402,,,-0.1557097991289095
Europe,PRM,2026,full year (per-game derived),ROSSMANN Centaurs,Fooneses,Top,3,-8.191,-2.7303,-0.2920696882787011,4.554,172.8,0,False,5.765,,0.6661532402427802,,,,,,,,0.091634169586484,,,-1.2504811106440883
Europe,LES,2026,full year (per-game derived),Barça eSports,selenex,Top,47,-8.548,-0.1819,-0.5162269039488943,-5.748,446.8,27,False,1.484,1.208470552534757,-0.9739780957877056,,,,,,,,0.2076955431981983,,,-0.4707588593294542
Europe,LES,2026,full year (per-game derived),UB Alma Mater,Pasameelcelo,Top,22,-11.602,-0.5274,-0.6201996632111672,-3.89,267.8,0,False,1.484,1.5777200977871169,-0.544419691526772,,,,,,,,-0.6233497519630907,,,-0.6807695997020704
Europe,LES,2026,full year (per-game derived),UB Alma Mater,UB Pasamelcelo,Top,2,-11.748,-5.874,-0.6251771854650541,0.696,167.8,0,False,1.484,,-1.8446413698955777,,,,,,,,0.8238497266129218,,,-0.2860823582391602
Europe,PRM,2026,full year (per-game derived),ROSSMANN Centaurs,Leks,Top,12,-15.511,-1.2926,-0.4854387676041826,-0.095,217.8,0,False,5.765,1.3047268341353857,-0.8563665145133759,,,,,,,,-0.3147627711629006,,,-0.2595324276063346
Europe,PRM,2026,full year (per-game derived),ROSSMANN Centaurs,CPM,Top,21,-22.263,-1.0601,-0.6637941204372526,-5.42,311.8,29,False,5.765,1.3924716476592929,-0.0658568455527369,,,,,,,,-1.37174809521737,,,-0.8312182658972576
Europe,LFL,2026,full year (per-game derived),Karmine Corp Blue,Tao,Top,27,-25.217,-0.934,-0.6915303839224427,-6.099,292.8,0,False,10.253,0.7552942952099799,-1.2082027068433878,,,,,,,,-0.4356513384027213,,,-0.3851071404051792
Europe,LES,2026,full year (per-game derived),UB Alma Mater,Skiller99,Top,5,-25.719,-5.1438,-1.10083324748312,-2.236,182.8,0,False,1.484,0.9416946428673396,-0.2086355420065528,,,,,,,,-0.8962601955786185,,,-1.9238009391932664
Europe,PRM,2026,full year (per-game derived),TeamOrangeGaming,WhiteKnight,Top,5,-36.362,-7.2724,-1.0362262199405876,-1.577,383.8,124,False,5.765,0.8153352870221077,1.636331970041874,,,,,,,,-2.167107301254468,,,-2.708827883874475
Europe,PRM,2026,full year (per-game derived),TeamOrangeGaming,TOG Sotse,Top,1,-44.23,-44.23,-1.2440575577673272,4.23,162.8,0,False,5.765,,-2.7784812868477795,,,,,,,,-1.16932838153516,,,-0.0225877686252152
Europe,LFL,2026,full year (per-game derived),Lille Esport,Alan,Top,2,-51.785,-25.8925,-1.3173169670998948,6.557,167.8,0,False,10.253,,0.089799236182558,,,,,,,,-1.5932509502450003,,,-2.343169322901399
Europe,LFL,2026,full year (per-game derived),Esprit Shōnen,ES Noah,Top,1,-89.765,-89.765,-2.211890706077189,7.182,162.8,0,False,10.253,,-1.3385975840064628,,,,,,,,-2.71658828558458,,,-2.696995269813514
Europe,LFL,2026,full year (per-game derived),Solary,Zicssi,Jungle,44,66.083,1.5019,1.166549474916914,35.163,557.8,110,False,15.861,1.3000460820425612,0.8850643898324166,1.3328547374130355,,,,,0.6760945161516837,1.7721842562705203,,,,
Europe,LES,2026,full year (per-game derived),Movistar KOI Fénix,XnS,Jungle,10,52.25,5.225,1.4061794817687592,15.75,265.8,29,False,7.825,1.5794251390970933,1.4463071906380902,1.8489148958925905,,,,,1.3342356630594712,0.9952601774848848,,,,
Europe,PRM,2026,full year (per-game derived),G2 NORD,Markoon,Jungle,58,51.914,0.8951,1.132236891500233,32.684,586.3,91,False,11.474,1.3279578804370311,0.0171178736466182,2.1978234100476186,,,,,0.9721713484810603,1.341834933825634,,,,
Europe,LFL,2026,full year (per-game derived),Karmine Corp Blue,Yukino,Jungle,27,43.704,1.6187,0.6394490463788303,20.632,414.8,61,False,15.861,0.8666299247143356,-0.1120120691677227,0.0959849896048157,,,,,1.1210253382562492,1.4527979268219784,,,,
Europe,LFL,2026,full year (per-game derived),Galions,Thayger,Jungle,57,40.367,0.7082,0.5608527240362703,25.757,593.8,91,False,15.861,0.9874385739607306,-0.0472691036000751,0.871811597227198,,,,,0.6869760321749013,0.7318923703430569,,,,
Europe,PRM,2026,full year (per-game derived),E WIE EINFACH E-SPORTS,Afroboi,Jungle,54,34.784,0.6441,0.679755465600705,24.612,575.8,83,False,11.474,0.9746243951793438,-0.2397230421993355,0.7492679620134055,,,,,0.6048141107513872,1.604662831837363,,,,
Europe,LES,2026,full year (per-game derived),Team Heretics Academy,Daglas,Jungle,16,34.573,2.1608,0.8043007054348714,20.663,399.8,108,False,7.825,1.1942187955082095,-0.8864487934511358,1.4425214051229294,,,,,1.6405583804374613,1.020571829630231,,,,
Europe,LFL,2026,full year (per-game derived),BK ROG Esports,Jeykup,Jungle,10,34.17,3.417,0.4148777682375185,20.266,207.8,0,False,15.861,0.7777699343622795,0.35935981141087,-0.2437320016122491,,,,,1.786436884932583,-0.2425536217811295,,,,
Europe,LES,2026,full year (per-game derived),UB Alma Mater,Ivama,Jungle,29,31.733,1.0942,0.7076177641133877,19.272,302.8,0,False,7.825,1.0657854182384583,1.4740447075088745,-0.5576838560245406,,,,,-0.073820805140841,1.987931010110058,,,,
Europe,LFL,2026,full year (per-game derived),Esprit Shōnen,CRoNiiK,Jungle,3,30.74,10.2467,0.3340771205157495,17.152,172.8,0,False,15.861,,-0.5282790534134595,-0.040172713073117,,,,,0.3534841425679754,1.5512761059815994,,,,
Europe,LFL,2026,full year (per-game derived),ZYB Esport,Manaty,Jungle,26,30.283,1.1647,0.323323981431005,22.375,287.8,0,False,15.861,0.9773508398498232,0.1559085836805693,0.7250002870296773,,,,,-0.3026558191759593,0.715042874189733,,,,
Europe,PRM,2026,full year (per-game derived),Berlin International Gaming,Habubu,Jungle,60,28.231,0.4705,0.5066710219410542,22.454,457.8,0,False,11.474,0.8369858780267532,-1.2573942924086248,0.4104905518605705,,,,,1.4007789027821302,1.4728089255301409,,,,
Europe,LFL,2026,full year (per-game derived),Ici Japon Corp. Esport,Manaty,Jungle,4,27.409,6.8522,0.2556355151200647,17.16,177.8,0,False,15.861,,0.2215076050179948,1.8242038469375936,,,,,-0.9217719152217204,-0.101397476253609,,,,
Europe,LFL,2026,full year (per-game derived),TLN Pirates,Stefan,Jungle,48,26.994,0.5624,0.2458523091626615,22.577,397.8,0,False,15.861,0.9285949657773396,1.1285331049489618,0.2547692067557582,,,,,-0.1312425052092888,-0.2686505698447849,,,,
Europe,PRM,2026,full year (per-game derived),ROSSMANN Centaurs,jokaa,Jungle,15,25.001,1.6667,0.4213278397211819,10.743,280.8,24,False,11.474,0.9021383464203524,0.8380379459553556,0.1125211683129314,,,,,0.0897640313774728,0.6449882132389675,,,,
Europe,PRM,2026,full year (per-game derived),Unicorns of Love Sexy Edition,White,Jungle,53,23.572,0.4448,0.3835949999481425,12.7,577.8,101,False,11.474,0.8772437705193651,0.3270947394153206,0.474418856288293,,,,,0.9538946183640272,-0.2210282142750709,,,,
Europe,PRM,2026,full year (per-game derived),Eintracht Frankfurt,D4nKa,Jungle,40,20.533,0.5133,0.3033114595408187,12.585,463.8,71,False,11.474,0.8729620315350705,0.8873625312378166,0.1933863745920016,,,,,0.3562853820173448,-0.2237884496838883,,,,
Europe,LFL,2026,full year (per-game derived),Esprit Shōnen,Lulas,Jungle,7,18.772,2.6817,0.0522007009260482,16.389,192.8,0,False,15.861,0.9481453752518496,-0.7073603105126255,1.1054202806380808,,,,,-0.6786769445862462,0.4894197781649839,,,,
Europe,LES,2026,full year (per-game derived),Team Heretics Academy,Lurox,Jungle,23,14.402,0.6262,0.1175634116037217,6.743,469.8,127,False,7.825,0.910767563309394,0.5173419531192343,0.2242843945557679,,,,,0.8880095086524145,-1.1593822099125295,,,,
Europe,LFL,2026,full year (per-game derived),Joblife,Shift,Jungle,34,12.95,0.3809,-0.0849428553837832,14.352,327.8,0,False,15.861,0.7513718584639265,1.0269995321174543,-0.8997362246218562,,,,,-0.3187568627029081,-0.148277866327823,,,,
Europe,LFL,2026,full year (per-game derived),French Flair,NattyNatt,Jungle,24,12.689,0.5287,-0.0910923109369452,14.491,277.8,0,False,15.861,0.6416001973352151,-0.0812467968837915,-1.043352434236848,,,,,1.0854559786560585,-0.3252259912831999,,,,
Europe,LFL,2026,full year (per-game derived),Skillcamp,SPOOKY,Jungle,29,12.321,0.4249,-0.0997618935517013,14.166,302.8,0,False,15.861,0.7313324619238349,-0.0481142610940914,-0.6447752343200976,,,,,-0.4072332506330893,0.7010751718404731,,,,
Europe,LES,2026,full year (per-game derived),Barça eSports,Koldo,Jungle,47,11.673,0.2484,0.0246209280641619,8.119,429.8,33,False,7.825,0.9332079048579244,-0.2015590518665936,0.3849878957617153,,,,,0.3275873880992401,-0.412532519737714,,,,
Europe,PRM,2026,full year (per-game derived),VfB eSports,ZWICKL,Jungle,34,11.474,0.3375,0.0640122424366631,11.474,327.8,0,False,11.474,0.8890650892491729,1.2178513150718195,-0.0697606915781323,,,,,-1.2984032294346437,0.4063615756876091,,,,
Europe,LES,2026,full year (per-game derived),UCAM Esports,bluerzor,Jungle,44,8.755,0.199,-0.074724777774196,7.761,430.8,38,False,7.825,0.8591353817308622,-0.8490466440889499,-0.2071303490870618,,,,,0.0992740748207554,0.658003807258472,,,,
Europe,PRM,2026,full year (per-game derived),Kaufland Hangry Knights,Densi,Jungle,30,8.236,0.2745,-0.0215199893010558,9.792,343.8,36,False,11.474,0.7529672086190589,0.9903127368597564,-0.5193412924567771,,,,,0.4165151366329426,-0.9735665382401452,,,,
Europe,LES,2026,full year (per-game derived),GIANTX iTero,Time,Jungle,11,6.894,0.6267,-0.1380864557537141,9.605,300.8,53,False,7.825,0.9282493626959908,1.119403473927472,-0.6307861290076254,,,,,-1.4466781907009598,0.4057150227662567,,,,
Europe,LES,2026,full year (per-game derived),GIANTX iTero,Th3Antonio,Jungle,21,3.217,0.1532,-0.2632609866594311,5.984,262.8,0,False,7.825,0.7550958074929304,0.2505046383065998,-1.308184982163498,,,,,0.2070279805656553,-0.2023915833464814,,,,
Europe,LES,2026,full year (per-game derived),Falke Esports,naau,Jungle,3,1.749,0.583,-0.3132433936682516,7.721,190.8,18,False,7.825,,-0.2399825515527387,0.7763792134576587,,,,,-0.9336182255977246,-0.8557520109802017,,,,
Europe,PRM,2026,full year (per-game derived),TeamOrangeGaming,Woldjo,Jungle,43,1.394,0.0324,-0.2022421499511099,5.661,372.8,0,False,11.474,0.7870778239828526,-1.2498186915256286,0.6995744552944319,,,,,0.2633302877520775,-0.5220546513253205,,,,
Europe,LFL,2026,full year (per-game derived),Vitality.Bee,Dawciu,Jungle,34,0.0,0.0,-0.3899629984917376,7.636,327.8,0,False,15.861,0.7411573444234116,-0.0946868631596026,-0.0389664647606357,,,,,-0.6453692814664622,-0.7808293845802499,,,,
Europe,LFL,2026,full year (per-game derived),ZYB Esport,Kobs,Jungle,4,-1.382,-0.3455,-0.4225258405945937,13.922,177.8,0,False,15.861,,-0.1732245636147688,0.8089496428617158,,,,,-0.9465633148014204,-1.3792651268239011,,,,
Europe,LES,2026,full year (per-game derived),Movistar KOI Fénix,Time,Jungle,34,-3.217,-0.0946,-0.4823305578442851,4.722,415.8,53,False,7.825,0.7002414132031018,-0.0823071981126993,-1.4486410428112897,,,,,0.216582155816896,-0.6149561462700477,,,,
Europe,LFL,2026,full year (per-game derived),Ici Japon Corp. Esport,Kaboom,Jungle,18,-3.376,-0.1876,-0.4694803409863186,8.875,247.8,0,False,15.861,0.6414764744513368,1.5169093291196811,-1.8820861350880225,,,,,-0.4125344501692695,-1.1002101078076636,,,,
Europe,PRM,2026,full year (per-game derived),Eintracht Spandau,Xagog,Jungle,58,-4.182,-0.0721,-0.3495397625276035,6.149,591.8,72,False,11.474,0.6540252600144626,1.1197164308684897,-1.7840493109738735,,,,,-0.0880933924016794,-0.6457327776033508,,,,
Europe,LES,2026,full year (per-game derived),Falke Esports,Clicker,Jungle,26,-11.457,-0.4407,-0.7628712148408404,-0.884,287.8,0,False,7.825,0.7729793029492597,-0.8910781023542063,-0.2597998348864298,,,,,-1.2038005533494844,-0.6968063687732412,,,,
Europe,LFL,2026,full year (per-game derived),Esprit Shōnen,Kobs,Jungle,15,-13.179,-0.8786,-0.7003710960944481,6.507,232.8,0,False,15.861,0.7056706907590863,0.0813095428982893,-0.2606889088597969,,,,,-1.396193931732599,-1.2259110866836862,,,,
Europe,LES,2026,full year (per-game derived),LUA Gaming,Pegaso,Jungle,30,-19.178,-0.6393,-1.0257649044441917,-5.333,307.8,0,False,7.825,0.6976040985671268,-1.6571796220739778,-0.2648616108102196,,,,,-1.0553573766628843,-1.1256610082296847,,,,
Europe,PRM,2026,full year (per-game derived),ROSSMANN Centaurs,Pasu,Jungle,21,-19.468,-0.927,-0.7533129173245307,-0.887,262.8,0,False,11.474,0.6318234794253446,-1.254690116526756,-0.5149599633751484,,,,,-0.3437344803485918,-0.8998671090476263,,,,
Europe,LFL,2026,full year (per-game derived),Lille Esport,KKT,Jungle,11,-20.12,-1.8291,-0.8638647892621163,6.563,212.8,0,False,15.861,0.6505565935653381,-0.3571737835163528,-0.3738621259318097,,,,,-1.3709903630717004,-1.3534328845286026,,,,
Europe,LFL,2026,full year (per-game derived),ZYB Esport,Nisqy,Jungle,1,-20.415,-20.415,-0.8708165154234078,14.747,162.8,0,False,15.861,,-3.226225094063744,-1.59162234596344,,,,,1.822515746031212,-0.4879343676976601,,,,
Europe,PRM,2026,full year (per-game derived),Kaufland Hangry Knights,Lurox,Jungle,10,-25.888,-2.5888,-0.92290027181241,1.961,404.8,127,False,11.474,0.6504087176282064,-0.0137094881275601,-0.8126548806521842,,,,,-1.4493500005457278,-1.415886717924168,,,,
Europe,PRM,2026,full year (per-game derived),A One Man Army Prime,Dome,Jungle,6,-37.945,-6.3242,-1.2413948297720871,3.581,187.8,0,False,11.474,0.5840296518230358,-1.3821579422672812,-1.136716639373141,,,,,-1.8779727154277992,-0.5687320220201275,,,,
Europe,LFL,2026,full year (per-game derived),Vitality.Bee,Czajek,Middle,34,39.462,1.1606,0.5833346193263292,22.186,431.8,104,False,17.197,1.71432099050472,0.2624735613215507,0.569903950868838,,,,,0.8447731982725604,,,0.4763860956535898,,
Europe,LES,2026,full year (per-game derived),Movistar KOI Fénix,Fresskowy,Middle,44,33.244,0.7555,0.7333012294571466,21.72,507.3,121,False,7.325,1.6066729573941316,-0.5735133676604919,1.5738416772596442,,,,,1.4178054903069617,,,0.0438998609536585,,
Europe,LFL,2026,full year (per-game derived),French Flair,SAKEN,Middle,24,32.953,1.373,0.4300322867726157,23.547,286.8,18,False,17.197,1.801155362208882,0.4671524719200292,0.794336306891677,,,,,0.83413463604363,,,-0.6535919941599497,,
Europe,LFL,2026,full year (per-game derived),Lille Esport,Koussay,Middle,11,32.079,2.9163,0.409441297295897,21.043,212.8,0,False,17.197,2.0230571387862897,-0.0224801341011041,1.0943708018364038,,,,,0.0036756311005614,,,0.8409486806918511,,
Europe,LFL,2026,full year (per-game derived),Karmine Corp Blue,Kamiloo,Middle,27,30.149,1.1166,0.3639933234364586,15.368,346.8,54,False,17.197,1.5268964155209053,0.5677389797539951,0.0479222910462108,,,,,1.5322055740839844,,,-1.4951993648596549,,
Europe,LFL,2026,full year (per-game derived),Ici Japon Corp. Esport,Dajor,Middle,22,29.253,1.3297,0.3428702059716222,25.259,431.8,96,False,17.197,1.4892917513082504,0.0909136177305728,0.117362233766921,,,,,0.5269716275908521,,,0.5097207908632131,,
Europe,LES,2026,full year (per-game derived),Team Heretics Academy,Mercy9,Middle,39,28.263,0.7247,0.5637270164131102,15.821,414.8,31,False,7.325,1.1272844926810872,-0.2202405338976982,-0.8159029613574439,,,,,1.7086634472094997,,,0.7955891854277917,,
Europe,LES,2026,full year (per-game derived),LUA Gaming,Hydra,Middle,30,27.432,0.9144,0.5354177038752709,17.194,395.8,44,False,7.325,1.473257426938782,0.6284810544427063,0.3634850989145562,,,,,0.5492174388866738,,,0.5910768722694455,,
Europe,PRM,2026,full year (per-game derived),Eintracht Spandau,PowerOfEvil,Middle,58,27.123,0.4676,0.6052665443817948,25.218,581.8,95,False,12.424,1.736415663129444,-0.2089860773977171,1.975016270434076,,,,,0.1606656978036472,,,0.7995084452451154,,
Europe,LES,2026,full year (per-game derived),UCAM Esports,ESCIK,Middle,44,26.087,0.5929,0.4896358088589463,18.975,528.8,99,False,7.325,1.496399320142809,0.5068682386479237,0.744793648291995,,,,,0.8315046625745054,,,-0.3598679302249857,,
Europe,PRM,2026,full year (per-game derived),TeamOrangeGaming,SAJATOR,Middle,43,24.73,0.5751,0.5420765162348136,14.578,501.8,88,False,12.424,1.278752181618381,0.8062560309768461,-0.6266261695345097,,,,,1.263469358993923,,,0.2296069393732036,,
Europe,LFL,2026,full year (per-game derived),TLN Pirates,Toffe,Middle,48,24.717,0.5149,0.2360320217724121,23.48,467.8,35,False,17.197,1.0874794031922368,-1.096169115384804,-0.967497470599154,,,,,0.6226220262635008,,,2.1198543124940934,,
Europe,LFL,2026,full year (per-game derived),Skillcamp,Nafkelah,Middle,29,22.951,0.7914,0.1944477271940515,19.71,322.8,20,False,17.197,1.3787597547504415,0.3991567226609641,-0.2210422571700563,,,,,0.2841326252892072,,,0.254056590841272,,
Europe,LES,2026,full year (per-game derived),Falke Esports,Mentos,Middle,11,21.545,1.9586,0.3350024798099309,11.0,212.8,0,False,7.325,1.6432714433271245,-0.4726165551074316,1.2194334439665513,,,,,-0.4749214564915419,,,1.624736138813123,,
Europe,LFL,2026,full year (per-game derived),ZYB Esport,SAKEN,Middle,7,18.651,2.6644,0.0931675447919582,17.105,201.8,18,False,17.197,1.3964151745899265,1.050441546104052,-0.0954349363826773,,,,,-0.4440876307004123,,,0.231344235743909,,
Europe,PRM,2026,full year (per-game derived),Eintracht Frankfurt,Sencux,Middle,40,18.408,0.4602,0.3750718202284426,16.05,393.8,36,False,12.424,1.5107247048470285,-0.7999649341480486,0.8763180780629644,,,,,0.7494081775566661,,,0.4168360004837551,,
Europe,LFL,2026,full year (per-game derived),Joblife,Kofte,Middle,7,15.743,2.249,0.0246689738748452,16.933,192.8,0,False,17.197,1.839686103661804,-0.405186326854479,1.2712858133799052,,,,,-0.028393630330535,,,-0.7031198699642455,,
Europe,PRM,2026,full year (per-game derived),G2 NORD,Toasty,Middle,58,15.39,0.2653,0.2953582999539066,14.344,447.8,0,True,12.424,1.3791407433884832,-0.066285625853001,0.6178426562751378,,,,,0.6220413410039569,,,-0.2169971010885472,,
Europe,PRM,2026,full year (per-game derived),Berlin International Gaming,Reeker,Middle,60,14.355,0.2392,0.2680134680297272,13.689,457.8,0,False,12.424,1.1836193403517818,-0.5038440047294409,-0.4327164423914375,,,,,1.3735124317018514,,,-0.124891666046961,,
Europe,PRM,2026,full year (per-game derived),ROSSMANN Centaurs,Fooneses,Middle,21,13.587,0.647,0.2477300516713581,12.888,262.8,0,False,12.424,1.6011758027126348,1.9809984519471573,-0.0160234908668346,,,,,-1.5802102924711192,,,1.863470230246671,,
Europe,LFL,2026,full year (per-game derived),Esprit Shōnen,xKenzuke,Middle,24,11.698,0.4874,-0.0706178146504112,14.822,277.8,0,False,17.197,1.2889750224102066,-0.3973871707286778,-0.3198611910343293,,,,,-0.3245355882644212,,,0.9340649733142676,,
Europe,PRM,2026,full year (per-game derived),Kaufland Hangry Knights,Abbedagge,Middle,40,11.26,0.2815,0.1862559145888856,11.33,391.8,34,False,12.424,1.3024906101828253,0.3004203250291033,-0.1388457526472723,,,,,0.0955360521054944,,,0.5504592785613117,,
Europe,LFL,2026,full year (per-game derived),BK ROG Esports,Sayn,Middle,10,9.842,0.9842,-0.1143279144683846,15.428,207.8,0,False,17.197,1.247294735471133,-0.8767509640211735,-0.3187023282114742,,,,,-0.344947501189413,,,1.241796734298401,,
Europe,PRM,2026,full year (per-game derived),E WIE EINFACH E-SPORTS,Relative,Middle,54,7.565,0.1401,0.0886387714648831,7.22,593.8,101,False,12.424,1.3183705091565705,-0.8849410964403414,0.7372342143966844,,,,,0.2545929534381438,,,0.1332276734440869,,
Europe,LES,2026,full year (per-game derived),GIANTX iTero,Dyenn,Middle,11,7.325,0.6659,-0.1491602449169185,7.325,212.8,0,False,7.325,1.2269698430040727,-1.5235123989239718,0.6746403423605898,,,,,-0.463442054503331,,,0.9314385388420718,,
Europe,LES,2026,full year (per-game derived),UB Alma Mater,Midnight,Middle,10,5.144,0.5144,-0.223425868348497,6.8,207.8,0,False,7.325,1.2006089477642767,1.9457115714385909,-0.9374387559996172,,,,,-0.8469239851511933,,,-0.6258981779259285,,
Europe,LFL,2026,full year (per-game derived),Esprit Shōnen,fantomisto,Middle,1,0.569,0.569,-0.3327440299643308,16.686,162.8,0,False,17.197,,2.8663825521968262,2.283689840470918,,,,,-3.072540079799165,,,-1.5254027734491715,,
Europe,LES,2026,full year (per-game derived),Falke Esports,Midnight,Middle,18,0.144,0.008,-0.3936323996042731,4.717,247.8,0,False,7.325,1.0808764438137062,-0.9877406263670176,-0.4520893314904305,,,,,-0.4778603660018269,,,0.4011170703259603,,
Europe,LFL,2026,full year (per-game derived),Joblife,Czekolad,Middle,27,0.0,0.0,-0.3461492180463277,14.125,492.8,123,False,17.197,0.956283775756445,-0.7051166576317072,-1.0718462117605476,,,,,0.3967734523069777,,,-0.5150224857679124,,
Europe,LES,2026,full year (per-game derived),Barça eSports,Macaquinho,Middle,47,-0.144,-0.0031,-0.4034711416621498,2.857,392.8,0,False,7.325,1.175112106924051,1.0686299975705595,-0.5562108323771411,,,,,-0.2771694058023329,,,-1.935928468944343,,
Europe,LES,2026,full year (per-game derived),GIANTX iTero,Miniduke,Middle,21,-5.555,-0.2645,-0.5876860951993642,-1.347,336.8,39,False,7.325,0.9300226855942368,0.2902036644934059,-1.6784705202396708,,,,,-0.4002652864382325,,,-0.6906020848518434,,
Europe,PRM,2026,full year (per-game derived),Unicorns of Love Sexy Edition,RoyalKanin,Middle,53,-7.565,-0.1427,-0.3109964000794452,1.01,566.8,72,False,12.424,1.188969227932829,-0.9015136230511404,-0.3286798219592147,,,,,0.3414188965004217,,,-0.8039103282545355,,
Europe,PRM,2026,full year (per-game derived),ROSSMANN Centaurs,c0st0m,Middle,15,-9.063,-0.6042,-0.3505910158757996,5.502,232.8,0,False,12.424,1.3804458823330297,1.271885519455444,0.2336721622846177,,,,,-0.6996435135702813,,,-1.9684865059628789,,
Europe,LFL,2026,full year (per-game derived),ZYB Esport,Nisqy,Middle,24,-9.741,-0.4059,-0.5755778123398348,5.004,303.8,52,False,17.197,1.0536309736255915,-0.7688437216831153,-0.6472221760788435,,,,,-0.5056902795528537,,,-0.4285875925484003,,
Europe,LFL,2026,full year (per-game derived),Galions,OMON,Middle,57,-11.425,-0.2004,-0.6152499895993282,-4.409,592.8,75,False,17.197,1.0062401727337142,-0.2179579563176668,-1.354091270824328,,,,,-0.4523676579522505,,,-0.5482612445384342,,
Europe,LFL,2026,full year (per-game derived),Solary,Jool,Middle,44,-11.767,-0.2674,-0.6233212213675813,0.332,377.8,0,True,17.197,0.9297430232767844,-1.2143674049653008,-1.1831733961994602,,,,,0.1272735968377771,,,-0.7389870886128344,,
Europe,LES,2026,full year (per-game derived),UB Alma Mater,Pauporter,Middle,19,-14.72,-0.7747,-0.8997084886832036,-0.958,252.8,0,False,7.325,1.1009127856566647,-0.6622710446365828,-0.1360818093290276,,,,,-1.5666084845891817,,,-0.7755610046849534,,
Europe,PRM,2026,full year (per-game derived),A One Man Army Prime,Artoria,Middle,6,-29.907,-4.9845,-0.9011820608234972,5.663,187.8,0,False,12.424,1.130710484196627,0.4211076576303862,-0.9757313038575895,,,,,-1.4234908566141335,,,-1.2673537532665775,,
Europe,PRM,2026,full year (per-game derived),VfB eSports,Luke,Middle,34,-35.376,-1.0405,-1.0456419097750849,-12.363,327.8,0,False,12.424,0.9290324973666434,-1.415132623419273,-1.9214604001966336,,,,,-1.1573002464485704,,,0.3885307872653208,,
Europe,LFL,2026,full year (per-game derived),Joblife,Ragner,ADC,1,65.262,65.262,1.1882421661065696,18.696,162.8,0,False,17.221,,4.007597182205875,0.0196255041115483,-0.97565529136345,,,,2.7118664775686665,,,-1.7267534313174129,,
Europe,LFL,2026,full year (per-game derived),Solary,Wakz,ADC,1,38.894,38.894,0.5671622373430416,17.886,162.8,0,False,17.221,,-0.1620757741722905,-1.3895702641719032,0.9687401038031476,,,,1.9771716210621495,,,-0.3209662294547795,,
Europe,PRM,2026,full year (per-game derived),Kaufland Hangry Knights,UNF0RGIVEN,ADC,24,38.326,1.5969,0.905908986026822,23.43,333.8,28,False,10.832,1.8283416974109683,0.1088769823916462,1.0660097386982057,1.2965930817064797,,,,1.0342364162116662,,,0.8634194233950575,,
Europe,LES,2026,full year (per-game derived),Barça eSports,Legolas,ADC,47,28.288,0.6019,0.8229494408638498,20.205,593.8,124,False,7.937,1.3866330468657828,0.6115362007218323,-0.7651672742218426,1.7777178342298978,,,,0.975315846582822,,,1.324886589857824,,
Europe,PRM,2026,full year (per-game derived),Eintracht Spandau,Keduii,ADC,41,28.271,0.6895,0.6402954730810819,17.772,402.8,40,False,10.832,1.3208744871392664,0.2561435186816602,-0.4711525417249201,0.4922338392790489,,,,1.385361344825701,,,0.607558864663145,,
Europe,LFL,2026,full year (per-game derived),Skillcamp,Exofeng,ADC,7,26.658,3.8083,0.2789579700426352,16.902,208.8,8,False,17.221,1.7115954446270538,-0.3883699249610006,0.0883675760954592,2.8920226730990426,,,,-0.5844235597864422,,,0.4664199980524635,,
Europe,LFL,2026,full year (per-game derived),Joblife,Comp,ADC,27,25.971,0.9619,0.2627763098563526,21.925,447.3,99,False,17.221,1.667734771148134,-0.4347053809879141,0.22593389262646,0.2612577847406173,,,,0.5052245144267015,,,0.4531104827629622,,
Europe,LFL,2026,full year (per-game derived),Karmine Corp Blue,Looki,ADC,7,24.039,3.4341,0.2172723047018662,18.458,192.8,0,False,17.221,2.451634368244713,0.9141542243747642,1.2008794885514449,-1.672258056061126,,,,0.6357070307958304,,,-0.5151645717690376,,
Europe,PRM,2026,full year (per-game derived),TeamOrangeGaming,Ryuk,ADC,43,23.468,0.5458,0.5134353036509577,18.119,372.8,0,False,10.832,1.5754752122789004,0.280508738447033,0.4038294185039156,0.5952889836430858,,,,0.5271837266437582,,,0.7431801222759954,,
Europe,LFL,2026,full year (per-game derived),Lille Esport,Vespa,ADC,11,23.054,2.0958,0.1940786377997369,18.728,212.8,0,False,17.221,1.3550478718961971,-0.2610138927086731,-0.915799717116218,0.6947427541101556,,,,0.1066687786081138,,,1.4550575900948348,,
Europe,PRM,2026,full year (per-game derived),ROSSMANN Centaurs,Hazel,ADC,15,21.023,1.4015,0.4488395907820593,12.53,250.8,18,False,10.832,1.409130687886495,0.5141939716328152,-0.425659952969832,0.7404574796320542,,,,0.2272674598396435,,,1.4649041594536352,,
Europe,PRM,2026,full year (per-game derived),Unicorns of Love Sexy Edition,DenVoksne,ADC,53,20.872,0.3938,0.4448499598555087,15.98,557.8,81,False,10.832,1.4667881901292346,1.6184346695009078,-0.7089504537066508,0.512027093343474,,,,0.4428812124914252,,,0.3623182118534916,,
Europe,LFL,2026,full year (per-game derived),Vitality.Bee,Yakkey,ADC,24,19.971,0.8321,0.1214629114175924,18.409,277.8,0,False,17.221,1.673195865950754,-0.620505740936628,0.3161833369474746,-0.541820758212071,,,,0.3472400266462731,,,0.8239962986070631,,
Europe,LFL,2026,full year (per-game derived),Skillcamp,Deadly,ADC,22,19.481,0.8855,0.109914750150987,17.03,363.8,48,False,17.221,1.6914897050032136,0.2145181023013051,-0.082932819598284,0.1873394202153899,,,,-0.2829214556639722,,,1.0046157607691957,,
Europe,LFL,2026,full year (per-game derived),Joblife,3XA,ADC,6,18.586,3.0977,0.0888429923834795,24.119,362.3,112,False,17.221,1.4858849361222597,-0.4932361747642456,-0.2456971629776427,-0.9512253815514444,,,,0.0998149502579171,,,2.020843783609766,,
Europe,LFL,2026,full year (per-game derived),TLN Pirates,Axelent,ADC,48,17.956,0.3741,0.074002556763371,17.664,397.8,0,False,17.221,1.6686667347762592,-0.0192428974517171,0.1353039148057252,0.3384987102799621,,,,0.1839859610369801,,,-0.4060121601961067,,
Europe,PRM,2026,full year (per-game derived),G2 NORD,Rin,ADC,58,17.89,0.3084,0.3660909671315683,17.808,619.8,100,False,10.832,1.3477090847560012,0.7813353749216282,-0.482991863304258,-0.4999274061726517,,,,1.1946565095911328,,,-0.1983247074524645,,
Europe,LFL,2026,full year (per-game derived),ZYB Esport,Jezu,ADC,30,17.68,0.5893,0.0674906503372663,15.674,436.8,89,False,17.221,1.588995945024282,-0.661878395601539,0.2224313616849054,1.0209741119817268,,,,-0.2153012470102765,,,0.3247172923159435,,
Europe,LES,2026,full year (per-game derived),GIANTX iTero,Flakked,ADC,21,17.031,0.811,0.4396858889253316,9.241,339.3,99,False,7.937,1.7733065059592148,-1.4596923859327184,1.802690767344168,0.5802108622253644,,,,0.4873972240694892,,,0.7281838079901586,,
Europe,LFL,2026,full year (per-game derived),Karmine Corp Blue,Hazel,ADC,20,16.762,0.8381,0.0458778074170977,15.411,275.8,18,False,17.221,1.6323369910714225,0.1213419464824043,-0.0102192935078933,-0.102366467915097,,,,-0.3036050592181133,,,0.9610914945382018,,
Europe,LES,2026,full year (per-game derived),LUA Gaming,Kaii,ADC,30,15.967,0.5322,0.4034478978060539,11.85,307.8,0,False,7.937,1.388875499673828,-0.147817067776223,-0.0038821936329311,0.472273423301106,,,,0.3294845792284287,,,1.4596348961319203,,
Europe,PRM,2026,full year (per-game derived),Kaufland Hangry Knights,Exofeng,ADC,16,14.639,0.9149,0.2802173746491654,10.872,253.8,8,False,10.832,1.6683948935280706,-0.1155069037152563,0.7741628216601459,1.3820448677191657,,,,-0.2016184425995066,,,0.1642993017421183,,
Europe,PRM,2026,full year (per-game derived),E WIE EINFACH E-SPORTS,Noz2k,ADC,49,14.62,0.2984,0.2796964074526306,10.333,532.8,65,False,10.832,1.5507080393415162,0.2040844981716903,0.4829435440322998,0.1893179602510477,,,,0.425288237045221,,,-0.0851419892278438,,
Europe,PRM,2026,full year (per-game derived),Eintracht Spandau,Fun K3y,ADC,17,13.036,0.7668,0.2378591123932151,9.621,290.8,38,False,10.832,1.4694782126552288,-1.021459290621106,1.0294172903770054,-0.0240213015297489,,,,0.7708656467631873,,,-0.231764950985727,,
Europe,LFL,2026,full year (per-game derived),ZYB Esport,Booshi,ADC,1,12.167,12.167,-0.0623596386963723,6.997,288.8,63,False,17.221,,0.3613052585807587,3.489363126349303,1.403020322002577,,,,-2.3853964606961924,,,-0.2762944122185333,,
Europe,LFL,2026,full year (per-game derived),Galions,HARPOON,ADC,57,11.402,0.2,-0.0803815605763569,13.968,500.8,29,False,17.221,1.3480230418608246,-0.0539658849727064,-0.611117765843515,-0.3109741911516541,,,,0.3510928655020262,,,-0.3162858590139141,,
Europe,LES,2026,full year (per-game derived),UCAM Esports,ANDARIEL,ADC,44,9.674,0.2199,0.1891989088551385,8.58,497.8,68,False,7.937,1.3446621628832385,-0.0115501086423773,0.235272858985039,0.1770462386237611,,,,0.72708173388253,,,-0.854209709857499,,
Europe,LES,2026,full year (per-game derived),Team Heretics Academy,Lure,ADC,39,9.567,0.2453,0.1855656968344531,8.838,352.8,0,True,7.937,1.2722910983085272,1.234355581955863,-0.6790791026953069,-0.2723522062280948,,,,0.5990303833790479,,,-0.4709570304199869,,
Europe,LFL,2026,full year (per-game derived),French Flair,3XA,ADC,24,8.752,0.3647,-0.1427981457752564,20.41,452.3,112,False,17.221,1.360183833185198,-0.5672373213016298,-0.1797297580470134,-0.3997656806355077,,,,0.1235081945577098,,,-0.0236490888660488,,
Europe,PRM,2026,full year (per-game derived),A One Man Army Prime,Xay,ADC,6,8.629,1.4382,0.1214513962681602,10.481,187.8,0,False,10.832,1.468077400511812,0.523040219017411,0.2538466699639226,0.2550273261112368,,,,-0.377752037121664,,,0.577099095107175,,
Europe,LES,2026,full year (per-game derived),Falke Esports,Abner,ADC,3,6.307,2.1023,0.0745691752187204,7.796,172.8,0,False,7.937,,-0.1523292488178583,-0.038800797119982,-0.4904775170470813,,,,0.3033052732816805,,,0.4652280432181435,,
Europe,LFL,2026,full year (per-game derived),Esprit Shōnen,Yen,ADC,7,5.954,0.8506,-0.2086962715216163,15.176,192.8,0,False,17.221,1.746212952215867,-0.4412435914288063,0.3968703855120907,-0.1838169123794712,,,,-0.8890578395097797,,,0.924218560183089,,
Europe,LES,2026,full year (per-game derived),GIANTX iTero,Rayito,ADC,11,1.858,0.1689,-0.0769027595466027,4.129,328.8,63,False,7.937,1.2652254365945472,1.331684822390914,-0.155564176325127,-0.1753722291426809,,,,-0.0067685353255842,,,-1.466161459606808,,
Europe,PRM,2026,full year (per-game derived),VfB eSports,Tazaku,ADC,34,1.846,0.0543,-0.0577242640661292,6.914,363.8,36,False,10.832,1.3884082058989966,-0.5098583031516492,0.4069388554077396,-0.0120390853018443,,,,-0.1486091746747552,,,0.0885525256506452,,
Europe,PRM,2026,full year (per-game derived),ROSSMANN Centaurs,Devn,ADC,21,0.883,0.042,-0.0831612488375024,6.858,262.8,0,False,10.832,1.5817390657026658,-0.5106326747545743,0.7623713970159886,-0.5407859443571371,,,,-0.7754043165170951,,,1.5139491290247964,,
Europe,LFL,2026,full year (per-game derived),Esprit Shōnen,Avra,ADC,10,0.815,0.0815,-0.3297452915494381,13.274,207.8,0,False,17.221,1.3537945285672226,-0.4924561173905432,-0.4759236316209722,0.4356816214903267,,,,-0.7122328883471024,,,0.0743140541181801,,
Europe,LES,2026,full year (per-game derived),Movistar KOI Fénix,13,ADC,44,0.0,0.0,-0.1401683134829394,2.327,413.8,18,False,7.937,1.0986198801840248,0.8188837399919913,-1.8648883642415623,0.3913413806592733,,,,-0.1355268380077096,,,0.0835466698392726,,
Europe,LFL,2026,full year (per-game derived),Solary,Aetinoth,ADC,43,-0.272,-0.0063,-0.3553363251914316,6.486,541.8,111,False,17.221,1.1482186134898291,0.4457733546162685,-1.4589843965467306,-0.7034259069645052,,,,0.2335341282570271,,,-1.0296668721297917,,
Europe,LFL,2026,full year (per-game derived),Ici Japon Corp. Esport,Soldier,ADC,22,-0.781,-0.0355,-0.3673230383456387,9.828,267.8,0,False,17.221,1.6141348872944608,-1.0655539128472675,0.5512325796592549,-0.1857474547209632,,,,-0.5404521593178876,,,-0.379682843286019,,
Europe,PRM,2026,full year (per-game derived),Eintracht Frankfurt,Notiko,ADC,26,-0.883,-0.034,-0.1298039733227981,5.541,287.8,0,False,10.832,1.3080075104809197,-0.0674528294367117,-0.2638967028503038,0.4990242631462943,,,,-0.2529682534383589,,,-0.4097709938904595,,
Europe,PRM,2026,full year (per-game derived),Berlin International Gaming,Patrik,ADC,45,-1.543,-0.0343,-0.1472346396844249,1.966,435.8,77,False,10.832,1.3592524899383311,-0.0020437012463247,0.2019009612482767,-0.3242996348705763,,,,0.037515739394694,,,-0.8801845367970929,,
Europe,LFL,2026,full year (per-game derived),Esprit Shōnen,Booshi,ADC,8,-2.043,-0.2554,-0.3970534178429677,5.8,323.8,63,False,17.221,1.4002399419056046,-0.4742174067023644,-0.1369110132026522,-0.2364809049509972,,,,-0.0528509450196932,,,-1.5150599103682247,,
Europe,LFL,2026,full year (per-game derived),BK ROG Esports,UNF0RGIVEN,ADC,10,-3.957,-0.3957,-0.4421338685320888,15.287,263.8,28,False,17.221,1.503391733588036,-0.1740673822649792,-0.1069045615546329,-0.7640062246397079,,,,-0.7182555923314785,,,-0.1022834271204084,,
Europe,PRM,2026,full year (per-game derived),Berlin International Gaming,Fun K3y,ADC,15,-6.815,-0.4543,-0.2865017657048443,4.198,280.8,38,False,10.832,0.9322341084494112,-0.4234026619480468,-1.8608979453481729,-0.1065438514278546,,,,0.5494566905583408,,,-0.6360691306874693,,
Europe,LES,2026,full year (per-game derived),Falke Esports,Marcv1,ADC,26,-7.979,-0.3069,-0.4118300262389809,0.881,289.8,2,False,7.937,1.457847297455983,-1.1720072268806212,0.9152622536016332,-0.3019467128587529,,,,-0.8248649377917222,,,-0.1592998678245147,,
Europe,PRM,2026,full year (per-game derived),Eintracht Frankfurt,Devn,ADC,14,-13.959,-0.9971,-0.4752183182227203,3.216,227.8,0,False,10.832,1.4543781746986602,-0.0744616853345639,0.7959280951794725,-1.0465277352568496,,,,-0.9328224997483182,,,-0.5462025390463453,,
Europe,LFL,2026,full year (per-game derived),Vitality.Bee,Vizzpers,ADC,10,-20.435,-2.0435,-0.8302537362888391,8.162,207.8,0,False,17.221,1.1621048496599082,0.2450797299309227,-1.0324007821562156,-1.1747342711769564,,,,-0.5913173418184571,,,-1.8965665093114663,,
Europe,PRM,2026,full year (per-game derived),E WIE EINFACH E-SPORTS,Afriibi,ADC,3,-22.377,-7.459,-0.6975646651285772,10.859,190.8,9,False,10.832,,1.460530201070269,-2.673477325681605,-0.2738735944555853,,,,-1.0548979248946009,,,-0.4994381069738347,,
Europe,LES,2026,full year (per-game derived),UB Alma Mater,adrianlaneitor,ADC,29,-39.544,-1.3636,-1.4865159092350244,-14.797,302.8,0,False,7.937,1.2415414992148597,-1.053064307010802,0.5541560283059088,-2.1584410737628046,,,,-2.4544547292989822,,,-1.110851939328496,,
Europe,PRM,2026,full year (per-game derived),E WIE EINFACH E-SPORTS,Lothi,ADC,2,-85.366,-42.683,-2.361435696324169,5.101,167.8,0,False,10.832,,-3.0223301236268547,0.7096779934987582,-3.133996341459614,,,,-2.8506403343704707,,,-2.8983838781047875,,
Europe,LFL,2026,full year (per-game derived),Solary,Notorious Piero,Support,1,45.486,45.486,1.027180556311268,2.395,162.8,0,False,1.03,,,3.3207297648617216,,-1.6880745495623428,1.919867005650955,-0.5205663816583724,,,,,0.045330579399533,2.6740736466031443
Europe,PRM,2026,full year (per-game derived),TeamOrangeGaming,Lilipp,Support,43,40.423,0.9401,0.6078715004572295,27.05,506.8,95,False,19.332,0.4494127457239885,,0.1130146201297243,,1.022064084678097,0.8336401769089445,0.8650172904562125,,,,,1.088911440247572,-0.0987605876502929
Europe,PRM,2026,full year (per-game derived),E WIE EINFACH E-SPORTS,Wildenbruch,Support,54,37.827,0.7005,0.5393205189642492,23.196,571.8,72,False,19.332,0.3688384217718993,,-1.021740684542101,,0.5269468798422667,1.0623066709313425,1.948621930606392,,,,,-0.1242693110204977,0.7831102061673239
Europe,PRM,2026,full year (per-game derived),Unicorns of Love Sexy Edition,Seneca,Support,3,30.234,10.078,0.3387301749119248,17.693,190.8,18,False,19.332,,,1.3895262531845924,,-0.998545999613607,-1.2963121979733698,-1.2591918393273134,,,,,2.503734050937604,1.4222826607932992
Europe,PRM,2026,full year (per-game derived),VfB eSports,Jakobobbi,Support,34,28.437,0.8364,0.2912813014672247,24.053,327.8,0,False,19.332,0.5562662324994125,,0.6094459336134623,,0.2003955747931206,0.9800913992460828,0.5749519464845192,,,,,-0.2709874010853153,-0.2187114551053721
Europe,PRM,2026,full year (per-game derived),A One Man Army Prime,Urban,Support,6,27.922,4.6537,0.2776668941958277,20.704,187.8,0,False,19.332,0.5518640150143964,,0.7636538580816965,,2.30715166125922,-1.365431960589146,-0.6160274526373319,,,,,-0.8436522106861443,1.1917793546365028
Europe,PRM,2026,full year (per-game derived),Eintracht Spandau,seaz,Support,58,27.009,0.4657,0.2535561723744937,19.822,608.8,107,False,19.332,0.3880264529237472,,-0.109719798656637,,-0.5166002982543069,0.8350302231179341,1.369463815519916,,,,,-0.1030904746986888,0.0877140882498944
Europe,PRM,2026,full year (per-game derived),Berlin International Gaming,Kaiser,Support,60,25.452,0.4242,0.2124271232066342,24.236,608.8,86,False,19.332,0.4633339521342685,,0.2257947151389247,,-0.1460159008434089,-0.608729003525692,0.2961647255073471,,,,,0.550597803189749,0.807885744459635
Europe,LES,2026,full year (per-game derived),Falke Esports,Rito,Support,3,23.422,7.8073,0.6718719818620241,7.6,172.8,0,False,6.096,,,1.8830492104044272,,-0.0817124918211245,-0.2675212065048721,0.4303515225007409,,,,,0.9531616387340452,1.0254969706595474
Europe,LES,2026,full year (per-game derived),Team Heretics Academy,Batuuu,Support,39,21.056,0.5399,0.5913138562314113,14.364,352.8,0,False,6.096,0.4132216350197233,,0.1842897904785098,,-0.5509125445190393,1.2192641060412672,1.1438173929114142,,,,,0.628086948501268,0.8569327264263207
Europe,LFL,2026,full year (per-game derived),Ici Japon Corp. Esport,whiteinn,Support,22,19.641,0.8928,0.4184316086963892,8.555,473.8,129,False,1.03,0.4512909168281188,,-0.2257944599111858,,1.6000408507307988,0.4391329626798089,0.4475972746530526,,,,,-0.00858353932626,0.2902435724209746
Europe,PRM,2026,full year (per-game derived),Kaufland Hangry Knights,Doss,Support,14,19.332,1.3809,0.0507658945845009,11.342,394.3,108,False,19.332,0.5119074178650915,,1.489915880816186,,-0.4896220285750146,0.2329121251067575,-0.4134295764618414,,,,,-1.8003243855432551,1.0382678606482394
Europe,LFL,2026,full year (per-game derived),Galions,Zoelys,Support,57,17.706,0.3106,0.3728531477939189,9.446,595.3,98,False,1.03,0.4773337019944572,,-0.1473102503791332,,0.8312513552808147,-0.7648088792082391,0.5789103939165599,,,,,0.507387836027937,1.0599213744592435
Europe,LFL,2026,full year (per-game derived),TLN Pirates,Thomas,Support,48,15.578,0.3245,0.3227407320273847,8.029,468.8,53,False,1.03,0.4054185860305836,,-0.3028678405420177,,-0.2415171175756341,0.0758007656940258,1.5564599486781423,,,,,1.2446446517612983,-0.2523126662757278
Europe,LFL,2026,full year (per-game derived),Joblife,Mersa,Support,16,14.15,0.8844,0.2890892669526822,3.612,361.8,62,False,1.03,0.4040173718359079,,-0.0498208916858052,,-0.1951773587880223,1.513173296116594,-0.1752626187499725,,,,,0.9556502273626906,-0.1934037886409765
Europe,PRM,2026,full year (per-game derived),Kaufland Hangry Knights,Pyrka,Support,26,13.812,0.5312,-0.0950412816732786,19.798,317.8,15,False,19.332,0.3653663602697478,,-0.3289693819028065,,-0.4125755908066029,-0.374934901405374,0.1512756846930778,,,,,0.5700799674547892,-0.1591070307928597
Europe,LFL,2026,full year (per-game derived),Esprit Shōnen,Mxe,Support,18,10.659,0.5922,0.2068684328382097,6.353,275.8,28,False,1.03,0.3971528040080638,,0.0094942613642328,,0.0398154744160221,0.6678458519695002,1.2344017745298017,,,,,0.1829071176452516,-0.6732294197487977
Europe,PRM,2026,full year (per-game derived),ROSSMANN Centaurs,Infoneral,Support,15,10.422,0.6948,-0.1845953606102927,7.547,403.8,105,False,19.332,0.366046406633458,,-0.4066940799341432,,0.964480177001068,-0.1637743206874626,-0.4835529709297992,,,,,-0.529446587995385,-0.4277865770148858
Europe,PRM,2026,full year (per-game derived),Eintracht Frankfurt,Richu,Support,14,10.306,0.7361,-0.1876673766337434,16.559,227.8,0,False,19.332,0.4216719513697721,,-0.2178413430491535,,0.6968238489499451,2.10568989028888,0.4546136939253324,,,,,-0.880244667891396,-2.6655700209476034
Europe,LES,2026,full year (per-game derived),GIANTX iTero,Attila,Support,32,9.191,0.2872,0.1873695286215538,7.654,317.8,0,False,6.096,0.5905606566797186,,1.3358502767133171,,0.6564559150573859,-1.6499083838102029,-1.6060106319881782,,,,,0.9368704503381934,1.198241542059357
Europe,LES,2026,full year (per-game derived),LUA Gaming,TIMR,Support,30,8.392,0.2797,0.1601620767091313,7.215,307.8,0,False,6.096,0.4398097702393116,,0.2432052905443045,,-0.2418626543279397,0.8055278703237396,0.1245976513836535,,,,,-0.242888621831724,0.2499467546720298
Europe,LES,2026,full year (per-game derived),Barça eSports,Oscure,Support,47,7.86,0.1672,0.1420531904167931,6.662,422.8,30,False,6.096,0.4245499782332935,,0.150458199589525,,-1.3797799903014103,0.4768591967599629,1.5285072389273062,,,,,0.1687761937785091,-0.0455907189191488
Europe,LFL,2026,full year (per-game derived),Solary,Piero,Support,43,6.184,0.1438,0.101454294479506,7.306,587.8,136,False,1.03,0.3650852016682149,,-0.6474251524071932,,0.0589977557505557,0.0738121548566888,0.4219511321555362,,,,,-0.1599089679634695,0.7093299344838356
Europe,LES,2026,full year (per-game derived),Falke Esports,Deleted,Support,26,6.096,0.2345,0.0819734169826957,6.096,287.8,0,False,6.096,0.4635829621310144,,0.3265430834788112,,0.9351738632372912,0.682505648790139,0.4214052078066953,,,,,-0.2376120641149321,-1.292545506444925
Europe,LES,2026,full year (per-game derived),Movistar KOI Fénix,Myrtus,Support,44,5.234,0.119,0.0526376810922904,5.073,483.8,71,False,6.096,0.4158081608181867,,-0.2818261048058424,,0.7207584914269338,-1.1447690801987649,0.1050035408810907,,,,,0.1047778270221099,0.6600326660010304
Europe,LFL,2026,full year (per-game derived),Lille Esport,Seneca,Support,11,1.769,0.1608,-0.0025342951080373,0.569,230.8,18,False,1.03,0.5340790947687959,,0.3998977815080532,,0.3042673093743135,-1.021580841555176,-0.8780008914547026,,,,,1.3687600237540816,-0.1513461808414424
Europe,LFL,2026,full year (per-game derived),Skillcamp,Steeelback,Support,29,1.03,0.0355,-0.0199234504031774,0.941,342.8,40,False,1.03,0.4776331569555083,,0.638453289787129,,-1.9690840286892783,0.5358527149563299,0.5592960443814244,,,,,0.6866501579577968,-0.4605517947306086
Europe,LFL,2026,full year (per-game derived),French Flair,Targamas,Support,24,0.626,0.0261,-0.0294531086318174,2.824,382.3,124,False,1.03,0.3729751285208901,,-0.6227031951242898,,0.9984224619574033,-1.359236652299176,0.4730024486308546,,,,,0.1145642258748153,0.1694950256092269
Europe,LFL,2026,full year (per-game derived),Vitality.Bee,Dekap,Support,34,0.276,0.0081,-0.0377018014756026,1.946,397.8,35,False,1.03,0.4442606835262199,,-0.0131792100786445,,-0.3358539154078868,0.7747640497337142,-0.3074907167734297,,,,,-0.6469080168099255,0.2344252400909246
Europe,LES,2026,full year (per-game derived),UCAM Esports,iLEVI,Support,44,0.0,0.0,-0.1255727949533295,6.941,481.8,52,False,6.096,0.3677423095752191,,-1.429237874127424,,-0.6880815484995583,0.4157723539188407,0.4684373989733952,,,,,-0.0089071884026949,0.3657495117433054
Europe,PRM,2026,full year (per-game derived),Unicorns of Love Sexy Edition,Twiizt,Support,50,0.0,0.0,-0.4598958791606392,5.002,551.8,96,False,19.332,0.539114383720549,,1.2875525995733728,,-1.327581946893297,-0.6279099545719627,-1.4679380308771832,,,,,-0.0741960203118477,-0.5314207133384619
Europe,LFL,2026,full year (per-game derived),Joblife,HungryPanda,Support,18,-0.092,-0.0051,-0.0463574384472266,5.311,327.8,40,False,1.03,0.2911977618270338,,-1.2936509749808227,,1.1366980959153377,0.4563202430342302,1.3614392600514866,,,,,-0.8444954667317929,-0.8848361180668841
Europe,PRM,2026,full year (per-game derived),Eintracht Frankfurt,Farfetch,Support,26,-0.897,-0.0345,-0.4835986219675737,9.313,318.8,31,False,19.332,0.3488258927908036,,-0.4790153474435003,,-0.2335325339380527,-0.9120636479534224,-0.4810091158259903,,,,,-0.222228228018882,-0.5557140112939908
Europe,LES,2026,full year (per-game derived),UB Alma Mater,Simpy,Support,5,-0.906,-0.1812,-0.1564284277002256,5.139,182.8,0,False,6.096,0.47698528307131,,-0.9065576262741732,,2.0641457421823524,-1.3013873250831205,-0.9270328960202948,,,,,0.1970612720585167,-0.083125471991753
Europe,LFL,2026,full year (per-game derived),Esprit Shōnen,Gordinho,Support,7,-2.414,-0.3449,-0.1010565192752707,0.405,192.8,0,False,1.03,0.4724571869393599,,-0.2138245850381961,,1.1392315019650336,0.4964394726492776,-2.3985262184060794,,,,,0.3786622137731161,-0.0268685043308754
Europe,LES,2026,full year (per-game derived),UB Alma Mater,Xixauxas,Support,14,-4.115,-0.2939,-0.2656740009839832,2.959,227.8,0,False,6.096,0.4523942004569917,,-0.3230159271301056,,-0.9816239474429834,1.055990196270518,-0.1806749100016598,,,,,0.250689465929288,-1.185461907019962
Europe,PRM,2026,full year (per-game derived),ROSSMANN Centaurs,Smarty,Support,21,-4.45,-0.2119,-0.5774498444609457,6.281,298.8,18,False,19.332,0.3864972650696674,,-1.4672686746826626,,-0.0493230578685196,-0.8382356011958307,-1.4007450555692773,,,,,0.6782354940915069,-0.425379706124901
Europe,PRM,2026,full year (per-game derived),G2 NORD,Tockimo,Support,58,-4.674,-0.0806,-0.5833712156556173,3.629,577.8,65,False,19.332,0.3269658990316859,,-1.8476545503269508,,-1.5440648697309018,0.1377211023023211,0.4617849544359487,,,,,-0.5431194686698665,-0.2485898126865269
Europe,LFL,2026,full year (per-game derived),BK ROG Esports,Doss,Support,10,-7.32,-0.732,-0.2166100974792459,-0.362,374.3,108,False,1.03,0.4025567905139295,,0.5082416605002247,,0.5183931978796871,-1.4458158759926572,-0.2519078782243798,,,,,-0.1438309681748004,-0.4311145961866888
Europe,LFL,2026,full year (per-game derived),ZYB Esport,Riippp,Support,29,-14.226,-0.4906,-0.3792799937089393,-6.275,302.8,0,False,1.03,0.3992109696276548,,-0.4522494073889531,,-0.335374005337222,-0.1520051757176854,-1.2683181604260274,,,,,-0.401629033568362,0.1912606574059035
Europe,LFL,2026,full year (per-game derived),Karmine Corp Blue,Prime,Support,27,-14.398,-0.5333,-0.3833357818449152,7.044,463.8,110,False,1.03,0.4253607079365911,,0.1928506119474278,,-0.848680423950228,-1.0761789717161707,-0.4906876229499666,,,,,-0.2205766527997764,0.0379395383503951
Europe,LES,2026,full year (per-game derived),UB Alma Mater,Kellie,Support,10,-35.66,-3.566,-1.339706508278363,-3.949,207.8,0,False,6.096,0.3713802875847925,,-1.1827583188713553,,-0.4525608349919123,-0.292333376507507,-1.5084015153741557,,,,,-2.7500159220125844,-1.7496765671858023
Europe,LFL,2026,full year (per-game derived),ZYB Esport,Stend,Support,2,-62.757,-31.3785,-1.522365552725121,1.992,275.8,108,False,1.03,,,-1.100841402432543,,-1.0133566039593571,-1.1333821208520287,-0.3422977883539034,,,,,-3.058624388182115,-2.2930259206016466
Americas,LCS,2023,full year (per-game derived),Team Liquid,Summit,Top,58,66.693,1.1499,1.5577075719507325,47.666,447.8,0,False,12.707,1.1090281623700586,1.095078284942653,,,,,,,,1.3102455481885793,,,2.048705181212867
Americas,LCS,2023,full year (per-game derived),FlyQuest,Impact,Top,48,44.241,0.9217,0.8466784326338083,31.73,397.8,0,False,12.707,1.1623768937683474,0.86105728117895,,,,,,,,0.8330376490458928,,,0.8411142763641084
Americas,LCS,2023,full year (per-game derived),Evil Geniuses,Revenge,Top,30,42.66,1.422,0.7966063134695702,27.302,307.8,0,False,12.707,0.9946646649696174,1.190200963471445,,,,,,,,0.7442114148435839,,,0.4983901901162119
Americas,LCS,2023,full year (per-game derived),Dignitas,Rich,Top,27,41.21,1.5263,0.7506997659237581,25.847,292.8,0,False,12.707,1.1669370490849549,2.398323138321565,,,,,,,,-0.2277147021252341,,,-0.1526218714703601
Americas,LCS,2023,full year (per-game derived),Golden Guardians,Licorice,Top,66,36.438,0.5521,0.5995742151359112,28.76,487.8,0,False,12.707,1.046080005227218,-0.3258516127516033,,,,,,,,1.0509801339929008,,,1.1515562930179732
Americas,LCS,2023,full year (per-game derived),Cloud9,Fudge,Top,59,27.199,0.461,0.3069789020768608,22.148,452.8,0,False,12.707,1.1246944396603509,0.3442784967637887,,,,,,,,1.156562957121841,,,-0.1097135185965258
Americas,LCS,2023,full year (per-game derived),TSM,Solo,Top,16,14.925,0.9328,-0.0817296898688637,13.453,237.8,0,False,12.707,0.9003683801053196,-0.6237503407902129,,,,,,,,-0.5586961775123288,,,0.578544700722906
Americas,LCS,2023,full year (per-game derived),Dignitas,Armut,Top,18,12.707,0.7059,-0.1519652316921082,12.707,247.8,0,False,12.707,1.1509240537372951,-0.3767899578295613,,,,,,,,-0.4474434425151358,,,0.1662905491580931
Americas,LCS,2023,full year (per-game derived),Immortals,Revenge,Top,18,11.08,0.6156,-0.2035001603056824,12.116,247.8,0,False,12.707,1.0836878568233688,-0.0404254379977239,,,,,,,,-1.7457267652338797,,,0.3640871600460775
Americas,LCS,2023,full year (per-game derived),Evil Geniuses,Ssumday,Top,25,8.46,0.3384,-0.2864764788882686,10.83,282.8,0,False,12.707,1.285017956481166,-1.4125282011037823,,,,,,,,1.19799611967075,,,-0.0399217055114931
Americas,LCS,2023,full year (per-game derived),100 Thieves,Ssumday,Top,23,1.349,0.0587,-0.5116631612248219,7.92,272.8,0,False,12.707,1.2347961022740916,-0.5710934516003291,,,,,,,,-0.20505687836993,,,-0.6024048703970849
Americas,LCS,2023,full year (per-game derived),NRG,Dhokla,Top,64,-1.349,-0.0211,-0.5971082084776381,3.294,477.8,0,False,12.707,0.863081897713429,-0.5937343573664374,,,,,,,,-0.2667173304473863,,,-0.7500463039460078
Americas,LCS,2023,full year (per-game derived),TSM,Hauntzer,Top,30,-5.628,-0.1876,-0.7326137558628828,3.773,307.8,0,False,12.707,1.258607263919395,-0.3398174002620886,,,,,,,,-0.2751794278767054,,,-1.261917286802704
Americas,LCS,2023,full year (per-game derived),100 Thieves,Tenacity,Top,28,-11.03,-0.3939,-0.9037001216978487,1.549,297.8,0,False,12.707,1.0664804990862826,-0.9700554405662792,,,,,,,,-1.1044613150966986,,,-0.7581543183514742
Americas,LCS,2023,full year (per-game derived),Immortals,Solo,Top,18,-26.37,-1.465,-1.3894883931725397,-1.483,247.8,0,False,12.707,1.1279896841206944,-0.6348919644104223,,,,,,,,-1.462037783686246,,,-1.9739084755625875
Americas,LCS,2023,full year (per-game derived),FlyQuest,Spica,Jungle,48,41.253,0.8594,1.018486855669276,30.044,397.8,0,False,12.999,0.910127493895879,0.5750292062536057,1.1101680065270467,,,,,1.020238059137882,1.3685121507585694,,,,
Americas,LCS,2023,full year (per-game derived),Golden Guardians,River,Jungle,66,24.317,0.3684,0.4821556744060618,20.655,487.8,0,False,12.999,0.7822444110576386,1.1277657250838429,-0.0304764630383789,,,,,0.4148994460824909,0.4164339894962927,,,,
Americas,LCS,2023,full year (per-game derived),Cloud9,Blaber,Jungle,59,23.474,0.3979,0.4554340251593682,19.823,452.8,0,False,12.999,0.6577394685632092,-0.3675326269426593,-1.4016317075328473,,,,,2.042145940290751,1.5487544948222285,,,,
Americas,LCS,2023,full year (per-game derived),NRG,Contractz,Jungle,64,19.838,0.31,0.340288201680716,17.579,477.8,0,False,12.999,0.7632026919814728,1.5800211395619028,-0.4361214060682919,,,,,-0.2325308190013799,0.4497838922306332,,,,
Americas,LCS,2023,full year (per-game derived),Team Liquid,Pyosik,Jungle,58,19.191,0.3309,0.3198163544467015,17.009,447.8,0,False,12.999,0.7724708318737774,-0.3480765358983027,0.2746740430243877,,,,,0.4243812406177085,0.9282866700430128,,,,
Americas,LCS,2023,full year (per-game derived),Evil Geniuses,Inspired,Jungle,25,18.101,0.724,0.2852996678951016,15.254,282.8,0,False,12.999,0.9065479733157246,-0.7252368444381188,1.971766308744212,,,,,0.2485029862075838,-0.3538337789332703,,,,
Americas,LCS,2023,full year (per-game derived),Evil Geniuses,Armao,Jungle,17,7.897,0.4645,-0.0378679806310516,11.213,242.8,0,False,12.999,0.7604241518895837,1.2057914805463243,0.150493237745203,,,,,-0.5575767865660678,-0.9501798542496664,,,,
Americas,LCS,2023,full year (per-game derived),Dignitas,Santorin,Jungle,45,3.105,0.069,-0.1896214421652269,7.184,382.8,0,False,12.999,0.7598598685085646,-1.6481224120461715,1.0065384956393328,,,,,0.1333494213218992,-0.2502512735759685,,,,
Americas,LCS,2023,full year (per-game derived),100 Thieves,Closer,Jungle,51,1.042,0.0204,-0.2549626344674573,5.613,412.8,0,False,12.999,0.7047217380309438,-0.4091962757599898,0.1430265890642713,,,,,0.2317287229287601,-0.985409574102871,,,,
Americas,LCS,2023,full year (per-game derived),TSM,Bugi,Jungle,46,-3.125,-0.0679,-0.3869261623449717,3.437,387.8,0,False,12.999,0.6945336731320617,0.6542416186675507,-0.9114640806901384,,,,,-1.6785114246896895,0.3880292373323903,,,,
Americas,LCS,2023,full year (per-game derived),Evil Geniuses,Sheiden,Jungle,13,-21.732,-1.6717,-0.9761760940980584,2.868,222.8,0,False,12.999,0.6068472414885276,-0.8049451969693591,-0.9408795421942208,,,,,-0.9080406484171052,-1.250838988811548,,,,
Americas,LCS,2023,full year (per-game derived),Immortals,Kenvi,Jungle,36,-24.25,-0.6736,-1.0559264655504728,-6.847,337.8,0,False,12.999,0.6047065565298154,-0.8397392780586501,-0.9360934812205772,,,,,-1.138586137912833,-1.3092869650098309,,,,
Americas,LCS,2023,full year (per-game derived),Evil Geniuses,Ryoma,Middle,1,23.031,23.031,0.680189542659607,2.67,162.8,0,False,2.026,,-1.8373557568964511,0.7255175791209245,,,,,1.038764221210564,,,2.547196224029121,,
Americas,LCS,2023,full year (per-game derived),Golden Guardians,Gori,Middle,64,14.027,0.2192,0.3950470904215903,10.063,477.8,0,False,2.026,1.3101064982675226,0.4533273975203966,-0.2176639282447236,,,,,0.8842170649397902,,,0.1241617226422373,,
Americas,LCS,2023,full year (per-game derived),100 Thieves,Quid,Middle,20,13.085,0.6542,0.3652118734938959,6.315,257.8,0,False,2.026,1.3012200133242908,1.342918479250084,-1.020847777842146,,,,,0.3296778917108725,,,0.8341877011038578,,
Americas,LCS,2023,full year (per-game derived),TSM,Maple,Middle,18,10.971,0.6095,0.2982461280887624,5.274,247.8,0,False,2.026,1.4807133128677632,-0.0220173373041735,0.2231778802057109,,,,,0.3998774080811965,,,0.5220834486198461,,
Americas,LCS,2023,full year (per-game derived),100 Thieves,Bjergsen,Middle,28,10.791,0.3854,0.2925693362582803,6.146,297.8,0,False,2.026,1.668558093935945,-0.5748907164951916,1.3399699892686978,,,,,0.4713342919469564,,,-0.1895753151623987,,
Americas,LCS,2023,full year (per-game derived),Evil Geniuses,Jojopyun,Middle,54,9.503,0.176,0.2517582533814719,6.744,427.8,0,False,2.026,1.0524732360569349,0.3728999924970004,-1.85971314829448,,,,,1.3568345395583097,,,0.3779701668397203,,
Americas,LCS,2023,full year (per-game derived),Dignitas,Jensen,Middle,45,9.402,0.2089,0.2485596356635894,6.361,382.8,0,False,2.026,1.411692667320322,-1.0160339171010746,0.3991571530885189,,,,,0.4258664315908971,,,1.0632330911365953,,
Americas,LCS,2023,full year (per-game derived),NRG,Palafox,Middle,64,7.252,0.1133,0.1804862317683686,5.526,477.8,0,False,2.026,1.5503954964520454,-0.608437911380705,0.8396314520333737,,,,,-0.0071520354350344,,,0.6266451906168001,,
Americas,LCS,2023,full year (per-game derived),Immortals,Bolulu,Middle,25,3.928,0.1571,0.0752224540718382,2.866,282.8,0,False,2.026,1.7497021679459446,0.4282639725161528,1.1948449421759448,,,,,-0.4545285129547741,,,-0.5038719984176521,,
Americas,LCS,2023,full year (per-game derived),Team Liquid,Haeri,Middle,28,2.094,0.0748,0.0171231458768939,2.058,297.8,0,False,2.026,1.1167324750510492,-0.5077459067060038,-0.6824737239718349,,,,,0.8183899843699918,,,-0.1104320389138441,,
Americas,LCS,2023,full year (per-game derived),TSM,Insanity,Middle,25,1.957,0.0783,0.0127819234014699,1.995,282.8,0,False,2.026,1.3801524760551922,0.4616765181278195,-0.1903772801832352,,,,,-0.4152601994700032,,,0.489575740670931,,
Americas,LCS,2023,full year (per-game derived),FlyQuest,VicLa,Middle,47,-0.652,-0.0139,-0.069842937147776,0.424,392.8,0,False,2.026,1.0922029597233316,0.4490936739274108,-1.3661495365548038,,,,,0.2524165494894808,,,0.1642369221194996,,
Americas,LCS,2023,full year (per-game derived),100 Thieves,Nukeduck,Middle,3,-1.156,-0.3853,-0.0857922439393948,1.749,172.8,0,False,2.026,,2.366503273643984,-0.1612678872171611,,,,,-0.1843660756353108,,,-2.2962073973127173,,
Americas,LCS,2023,full year (per-game derived),Cloud9,EMENES,Middle,50,-2.312,-0.0462,-0.1224169612035526,-0.633,407.8,0,False,2.026,1.155618394941906,0.0939706047704666,-0.6732965933696073,,,,,0.103223910653756,,,-0.1684951055385427,,
Americas,LCS,2023,full year (per-game derived),Cloud9,Diplex,Middle,9,-3.46,-0.3844,-0.1587573203333991,0.809,202.8,0,False,2.026,1.4235302142975168,0.4822697202692664,0.8724164396858454,,,,,-0.8610771110806459,,,-0.6460917013912824,,
Americas,LCS,2023,full year (per-game derived),Golden Guardians,Young,Middle,2,-6.436,-3.218,-0.2530105446319442,1.521,167.8,0,False,2.026,,-0.8394255127869017,-0.501347182288109,,,,,0.1282687239893271,,,-0.0616518269590876,,
Americas,LCS,2023,full year (per-game derived),Team Liquid,APA,Middle,30,-10.111,-0.337,-0.3693839679737374,-3.888,307.8,0,False,2.026,1.1586913032420731,-1.0919297634548106,-0.2852506480399749,,,,,-0.1944967837595992,,,-0.0261791794826067,,
Americas,LCS,2023,full year (per-game derived),Immortals,Ablazeolive,Middle,11,-10.903,-0.9912,-0.3944599264587735,-1.315,212.8,0,False,2.026,0.9459771595501508,-0.9943124991733184,-1.2633655108867972,,,,,0.3027888819966676,,,-0.1020856440724915,,
Americas,LCS,2023,full year (per-game derived),TSM,Ruby,Middle,3,-17.74,-5.9133,-0.6109933087632966,0.31,172.8,0,False,2.026,,-0.3785953486207954,0.681064911317024,,,,,-0.9881848990883424,,,-1.4994449568951271,,
Americas,LCS,2023,full year (per-game derived),FlyQuest,Spirax,Middle,1,-22.209,-22.209,-0.7525384046338818,1.281,162.8,0,False,2.026,,1.4198210373968754,1.94597286999683,,,,,-3.4065942821141,,,-1.14525504363283,,
Americas,LCS,2023,full year (per-game derived),Evil Geniuses,FBI,ADC,25,20.793,0.8317,0.659917007493519,11.563,282.8,0,False,4.254,1.575620712374018,1.5135257897472123,-0.7391763514016425,1.003179384624251,,,,1.371815617708805,,,-0.739632665980138,,
Americas,LCS,2023,full year (per-game derived),100 Thieves,Doublelift,ADC,51,19.655,0.3854,0.6238511619304992,13.767,412.8,0,False,4.254,1.51812853253169,0.3948761740303215,-0.8912612850557117,1.1950480447760572,,,,0.8651583128938632,,,1.2538006243037607,,
Americas,LCS,2023,full year (per-game derived),Cloud9,Berserker,ADC,59,18.048,0.3059,0.5729843878305972,13.24,452.8,0,False,4.254,2.1752553849356917,-0.1497203990638497,1.6057593188121604,0.0637432235916495,,,,1.028851674320733,,,-0.2535459866203762,,
Americas,LCS,2023,full year (per-game derived),Evil Geniuses,UNF0RGIVEN,ADC,30,17.19,0.573,0.545810501584452,10.557,307.8,0,False,4.254,2.338381841746424,-0.6777552388126609,1.9679836402403887,-0.664331946613317,,,,0.4229050782483916,,,1.833882754029533,,
Americas,LCS,2023,full year (per-game derived),NRG,FBI,ADC,38,9.133,0.2403,0.2906374345150068,6.919,347.8,0,False,4.254,1.5461548020051696,1.9895999531649111,-0.9066912027902946,0.6090652213249965,,,,0.2126473572838969,,,-0.3539465598695884,,
Americas,LCS,2023,full year (per-game derived),FlyQuest,Prince,ADC,48,7.945,0.1655,0.2530184554158383,6.48,397.8,0,False,4.254,1.6433158848365312,-0.5906407284341421,0.2614162243658604,0.0991811872784556,,,,0.3591087784671835,,,1.0034139115876526,,
Americas,LCS,2023,full year (per-game derived),Golden Guardians,Stixxay,ADC,66,4.453,0.0675,0.1424279637211018,4.388,487.8,0,False,4.254,1.6344748242503793,-0.3589497880165799,0.2998035713169021,0.4755131180185239,,,,0.2472897430072373,,,-0.0825940498282436,,
Americas,LCS,2023,full year (per-game derived),Team Liquid,Yeon,ADC,58,4.054,0.0699,0.1297928859588513,4.124,447.8,0,False,4.254,1.8285824543075728,0.8583607508006267,0.7459660377347925,-0.6749134330254566,,,,0.3322389289353796,,,-0.8657454083717459,,
Americas,LCS,2023,full year (per-game derived),Immortals,Tactical,ADC,36,3.187,0.0885,0.1023327295715638,3.685,337.8,0,False,4.254,1.6602658424725028,0.4436719735482664,-0.2286566599612551,0.9167888506918024,,,,-0.4348520144328734,,,0.4861924280174256,,
Americas,LCS,2023,full year (per-game derived),NRG,Luger,ADC,26,0.0,0.0,0.0014104213985356,2.332,287.8,0,False,4.254,1.7307794877877292,-0.5729155644653203,0.8417911853357705,-0.6857841763474585,,,,0.168969910196689,,,0.045541391275306,,
Americas,LCS,2023,full year (per-game derived),Dignitas,Tomo,ADC,36,-1.67,-0.0464,-0.0514623214953966,1.097,337.8,0,False,4.254,1.490437390921055,0.3002813185504667,-0.5944836177927827,-0.1631930269477104,,,,-0.2492950494911886,,,0.6966696781989719,,
Americas,LCS,2023,full year (per-game derived),TSM,WildTurtle,ADC,35,-9.689,-0.2768,-0.3054342790314271,-3.077,332.8,0,False,4.254,1.358535742758635,-0.2495301480486529,-0.9804483331020994,-0.1325784449864806,,,,-0.2347382380588836,,,-0.0182462821766984,,
Americas,LCS,2023,full year (per-game derived),TSM,Neo,ADC,11,-31.547,-2.8679,-0.9976636667832872,-4.998,212.8,0,False,4.254,1.358070909241925,-1.5331913411262517,-0.1250848884789706,0.6552012599317142,,,,-1.836281016765019,,,-1.1006906600007444,,
Americas,LCS,2023,full year (per-game derived),Dignitas,Spawn,ADC,9,-62.175,-6.9083,-1.9676226821098504,-10.484,202.8,0,False,4.254,1.0258761304992652,-1.3676127518743313,-1.2569176392231318,-2.696919262317014,,,,-2.2538190823142146,,,-1.905099174565107,,
Americas,LCS,2023,full year (per-game derived),NRG,Ignar,Support,38,45.713,1.203,1.1146551794330135,28.453,347.8,0,False,7.677,0.4681481786447199,,1.770300260575829,,-0.4357429461320209,2.2628833922709664,2.3623080246117967,,,,,0.5374130587114634,0.37554646513464
Americas,LCS,2023,full year (per-game derived),Immortals,Fleshy,Support,18,38.681,2.1489,0.8919530094768569,18.935,247.8,0,False,7.677,0.489440411685178,,0.8778985316221571,,1.4144166396610214,1.5455993721920358,0.1565817358711331,,,,,0.4049675627470936,0.9401939737095308
Americas,LCS,2023,full year (per-game derived),Golden Guardians,huhi,Support,66,27.763,0.4207,0.5461809180666531,21.264,487.8,0,False,7.677,0.4647740940496292,,0.175466276108824,,0.1218549397541628,0.1092912357691221,1.0618517207409153,,,,,-0.0436347215961046,1.5910410297117297
Americas,LCS,2023,full year (per-game derived),Evil Geniuses,Vulcan,Support,25,26.79,1.0716,0.5153717784147052,16.124,282.8,0,False,7.677,0.4583996452918802,,0.0129878217908031,,-0.9884789248235528,1.2736732400550668,-0.1059292938694782,,,,,1.138039740253954,1.512624825348091
Americas,LCS,2023,full year (per-game derived),Cloud9,Zven,Support,59,24.879,0.4217,0.4548538440074384,18.883,452.8,0,False,7.677,0.4252848955470068,,-0.3588641034441532,,1.7677796076567192,-1.1898089508204917,0.67365092959684,,,,,0.6361633753750986,1.0511325333459818
Americas,LCS,2023,full year (per-game derived),TSM,Chime,Support,46,24.868,0.5406,0.4544924559731919,17.872,387.8,0,False,7.677,0.5398760144633509,,1.4411121359201635,,0.1288704884751842,0.3541279626711935,0.5256886722495753,,,,,0.2374478969066941,0.1226645548877112
Americas,LCS,2023,full year (per-game derived),Team Liquid,CoreJJ,Support,58,21.792,0.3757,0.3571042409973415,16.817,447.8,0,False,7.677,0.4288431887930606,,0.7508876673901966,,0.9441469993359608,-0.3626922578348432,0.6116536398028336,,,,,-0.0624090840107993,0.2802516332400287
Americas,LCS,2023,full year (per-game derived),FlyQuest,Vulcan,Support,18,12.36,0.6867,0.05840257984352,9.377,247.8,0,False,7.677,0.460338111953431,,0.0242630344873232,,-0.9662204858576854,0.507246416168159,-0.2750187819901815,,,,,0.2135415018349008,0.6889635515035872
Americas,LCS,2023,full year (per-game derived),Evil Geniuses,Eyla,Support,30,9.207,0.3069,-0.0414488085764022,8.422,307.8,0,False,7.677,0.4496091838605773,,0.4465250158069807,,-0.0884163122184828,-0.3224207506989114,-0.1644871545239907,,,,,0.7740664760944754,-0.7234578624500683
Americas,LCS,2023,full year (per-game derived),100 Thieves,Busio,Support,51,6.146,0.1205,-0.1384079429270783,6.731,412.8,0,False,7.677,0.4243854528259964,,-0.8807553913920615,,-0.4243474150765238,0.1074311706481399,0.7117983646214567,,,,,0.7666001012515219,-0.9166211786774182
Americas,LCS,2023,full year (per-game derived),FlyQuest,Winsome,Support,14,5.032,0.3594,-0.1736668681542446,6.864,227.8,0,False,7.677,0.3831238678669789,,0.1843391574578001,,1.2210659751328978,-0.6314315269132607,-1.0233520896071069,,,,,0.0060338110382011,-0.6736586024580485
Americas,LCS,2023,full year (per-game derived),Dignitas,Ignar,Support,12,1.238,0.1032,-0.2938328131876309,5.903,217.8,0,False,7.677,0.4659746285897108,,0.8707888967076534,,0.0955365148220489,-0.3122578072500917,-2.388521567527823,,,,,-0.7581517891563179,0.5249205359854697
Americas,LCS,2023,full year (per-game derived),Immortals,Treatz,Support,18,0.0,0.0,-0.3330408179964395,4.889,247.8,0,False,7.677,0.5115071664937503,,0.3199983746661032,,-2.179661440022832,-1.284867188567708,0.0592563566083093,,,,,0.3773817397797999,0.5011096360468645
Americas,LCS,2023,full year (per-game derived),FlyQuest,Eyla,Support,16,-5.446,-0.3404,-0.5054989207809266,3.263,237.8,0,False,7.677,0.4013400493758698,,-0.6738264152379199,,-0.0221248940014482,-0.6300676437786503,-1.1649208882043691,,,,,0.5076707669606743,-0.9408793444952628
Americas,LCS,2023,full year (per-game derived),NRG,Poome,Support,26,-5.618,-0.2161,-0.5109693231290855,1.672,287.8,0,False,7.677,0.412982240436135,,-0.957730088554934,,0.6708116872467063,-1.5906146657322204,-0.4447652091749832,,,,,0.1057650768579959,-0.7816200561594787
Americas,LCS,2023,full year (per-game derived),Dignitas,Poome,Support,15,-6.371,-0.4247,-0.5347886229528044,3.152,232.8,0,False,7.677,0.3717419817809569,,-1.5059155042295331,,-1.3130135606922364,0.6710166150138535,0.0597774295982749,,,,,-0.5253638242748893,-0.5831440390963976
Americas,LCS,2023,full year (per-game derived),Dignitas,Diamond,Support,12,-16.665,-1.3888,-0.8608158585884614,0.972,217.8,0,False,7.677,0.2973680161857073,,-2.1616548020129773,,-0.3168299123223458,-0.5345548061358794,-0.4099346379909365,,,,,-0.9373893046220112,-0.8157885224749869
Americas,LCS,2023,full year (per-game derived),Dignitas,Biofrost,Support,6,-21.077,-3.5128,-1.0005440299196464,3.084,187.8,0,False,7.677,0.452354763317246,,-0.3358208676622747,,0.3703530390624248,0.0274461929435196,-0.2456372508122641,,,,,-3.37814238415173,-2.153279133101973
Americas,LCS,2024,full year (per-game derived),Team Liquid,Impact,Top,62,59.568,0.9608,1.220809802490677,46.024,563.8,48,False,20.507,1.009347122838249,0.6763840826821035,,,,,,,,0.7912067468890084,,,1.8615231439711772
Americas,LCS,2024,full year (per-game derived),Dignitas,Rich,Top,18,48.171,2.6762,0.872392456316442,32.46,301.8,27,False,20.507,1.092861422952276,2.270363559256966,,,,,,,,0.2869833655986109,,,-0.0053070412176998
Americas,LCS,2024,full year (per-game derived),Immortals,Castle,Top,29,32.921,1.1352,0.4062029886714464,26.451,302.8,0,True,20.507,0.8775595020835572,0.7964257285299827,,,,,,,,-0.473899481439168,,,0.4869764152011051
Americas,LCS,2024,full year (per-game derived),Cloud9,Thanatos,Top,24,31.056,1.294,0.3492008107287627,25.063,277.8,0,True,20.507,0.9822761869438932,-0.590127838973641,,,,,,,,0.5898895671326555,,,1.00833845302896
Americas,LCS,2024,full year (per-game derived),FlyQuest,Bwipo,Top,64,23.886,0.3732,0.1299908678170764,22.77,477.8,0,False,20.507,0.8191877599746392,-0.0457001931154312,,,,,,,,0.8010312366550962,,,-0.031280249982699
Americas,LCS,2024,full year (per-game derived),Cloud9,Fudge,Top,23,17.128,0.7447,-0.0765924786248064,21.533,390.8,59,False,20.507,1.2292549441295255,-0.9982656824874656,,,,,,,,0.4022191989279849,,,0.4598621074661005
Americas,LCS,2024,full year (per-game derived),100 Thieves,Sniper,Top,60,8.907,0.1484,-0.3279279618962044,11.69,485.8,28,False,20.507,0.8601742601114208,-0.4246639087314719,,,,,,,,0.3122450741182362,,,-0.5397681126739131
Americas,LCS,2024,full year (per-game derived),Dignitas,Licorice,Top,30,-2.969,-0.099,-0.6909710803317637,17.282,439.8,66,False,20.507,0.9667044586313416,-0.3937024103371916,,,,,,,,0.3294201630365851,,,-1.3980051027674814
Americas,LCS,2024,full year (per-game derived),Shopify Rebellion,FakeGod,Top,30,-10.185,-0.3395,-0.911557229771123,9.635,381.8,98,False,20.507,1.0080583694322982,-0.3000490436761636,,,,,,,,-2.542187705637311,,,-0.6706864384550952
Americas,LCS,2024,full year (per-game derived),NRG,Dhokla,Top,44,-12.147,-0.2761,-0.9715481754005032,0.775,505.8,64,False,20.507,0.902855949824987,-0.9906642931476728,,,,,,,,-0.4969081652817055,,,-1.1716531745704544
Americas,LCS,2024,full year (per-game derived),NRG,Contractz,Jungle,44,30.839,0.7009,0.5841454303738727,23.141,505.8,64,False,15.09,0.8731610248697738,1.6237639728922852,0.5508039280694189,,,,,-0.4356441540476821,0.5976579745814689,,,,
Americas,LCS,2024,full year (per-game derived),Dignitas,Spica,Jungle,30,30.245,1.0082,0.565990541850651,26.939,403.8,48,False,15.09,0.8850401377757499,0.0852217517841072,1.5360352227880716,,,,,0.2558196486950651,0.3868855441353598,,,,
Americas,LCS,2024,full year (per-game derived),Shopify Rebellion,Bugi,Jungle,24,19.649,0.8187,0.2420619862503654,12.038,369.8,46,False,15.09,0.8013239086765772,0.9315524377210924,-0.2436268613979608,,,,,-1.670020838241915,1.950343206920245,,,,
Americas,LCS,2024,full year (per-game derived),FlyQuest,Inspired,Jungle,64,19.11,0.2986,0.22557355344215,17.812,527.8,25,False,15.09,0.7524901824758261,-1.7070328020476808,1.111741783623717,,,,,0.9255926225215572,0.5719926096710072,,,,
Americas,LCS,2024,full year (per-game derived),Cloud9,Blaber,Jungle,47,17.342,0.369,0.1715501737823542,18.063,510.8,59,False,15.09,0.637993287027622,0.057536126372511,-1.6633451205767158,,,,,2.060130334726265,0.2318793546073568,,,,
Americas,LCS,2024,full year (per-game derived),100 Thieves,River,Jungle,60,12.838,0.214,0.0338465431466604,16.01,589.8,66,False,15.09,0.7175159328278099,0.5307282141486893,-0.6760071865246505,,,,,0.0570245348540985,0.2236406101085043,,,,
Americas,LCS,2024,full year (per-game derived),Shopify Rebellion,Tomio,Jungle,6,10.519,1.7532,-0.0370399846862118,16.881,261.8,98,False,15.09,0.7255465830386324,0.577631543989444,-0.3447616145092859,,,,,0.257717994536655,-0.6387478627616606,,,,
Americas,LCS,2024,full year (per-game derived),Immortals,Armao,Jungle,29,0.0,0.0,-0.3586185918745475,7.585,345.8,35,False,15.09,0.7501999497895302,-0.7027320641126341,0.9649461579181418,,,,,-0.2635442951063581,-1.4331441661973396,,,,
Americas,LCS,2024,full year (per-game derived),Team Liquid,UmTi,Jungle,62,-7.242,-0.1168,-0.580020362956245,0.292,467.8,0,True,15.09,0.6721438229166065,-0.2050998166765157,-0.569837353848458,,,,,-0.6685102093574474,-0.8766340719425592,,,,
Americas,LCS,2024,full year (per-game derived),Dignitas,eXyu,Jungle,18,-15.992,-0.8884,-0.847489289329038,3.13,292.8,45,False,15.09,0.6221273347686812,-1.19156936407129,-0.665948955542274,,,,,-0.5185656385802384,-1.0138731991223495,,,,
Americas,LCS,2024,full year (per-game derived),100 Thieves,Quid,Middle,60,40.929,0.6822,0.8206425941369591,30.28,497.8,20,False,14.398,1.7102238729817267,0.6551536703279028,0.963298569200828,,,,,0.4408570816606651,,,1.484396869154811,,
Americas,LCS,2024,full year (per-game derived),FlyQuest,Quad,Middle,38,32.631,0.8587,0.566976583570611,24.357,347.8,0,True,14.398,1.65301234679767,2.032059317812475,0.6225983844814745,,,,,0.3477880059579059,,,-0.5838155007594126,,
Americas,LCS,2024,full year (per-game derived),Cloud9,Jojopyun,Middle,47,27.727,0.5899,0.4170645707954816,19.597,500.8,54,False,14.398,1.1211499063131605,0.6942299360981532,-2.1391078958089897,,,,,2.2305915295589323,,,-0.3635349285036644,,
Americas,LCS,2024,full year (per-game derived),Immortals,Mask,Middle,29,22.974,0.7922,0.2717580551832079,18.504,302.8,0,True,14.398,1.5132055955742845,0.4763383128176476,0.0471302855361484,,,,,-0.3621665558210471,,,1.3618258331990931,,
Americas,LCS,2024,full year (per-game derived),Dignitas,Jensen,Middle,30,16.795,0.5598,0.0828545574055292,14.172,397.8,45,False,14.398,1.387708044455391,-0.2310657932547625,0.2854629535325489,,,,,-0.229268530423866,,,0.7208615460643035,,
Americas,LCS,2024,full year (per-game derived),FlyQuest,Jensen,Middle,26,12.001,0.4616,-0.0636912872487694,12.383,377.8,45,False,14.398,1.517422346607497,-1.324614871214065,1.2912350099585632,,,,,0.2908376136169668,,,-0.756690235565283,,
Americas,LCS,2024,full year (per-game derived),Team Liquid,APA,Middle,62,10.368,0.1672,-0.1136343032687592,9.881,566.8,108,False,14.398,1.2930803421486572,0.0784513807696299,-0.9369042343196132,,,,,-0.2631454816793619,,,0.7702754534526699,,
Americas,LCS,2024,full year (per-game derived),NRG,Palafox,Middle,44,-3.456,-0.0785,-0.536228022372014,4.825,505.8,64,False,14.398,1.1991556835955623,-0.8704671460622466,-0.3503936177641711,,,,,-0.400046549913467,,,-0.6177525743891913,,
Americas,LCS,2024,full year (per-game derived),Dignitas,Dove,Middle,18,-7.394,-0.4108,-0.6566211363738316,6.484,247.8,0,False,14.398,1.226813707998256,-0.8565646000652459,-0.3000748683624629,,,,,-0.286400222729184,,,-1.438236521748049,,
Americas,LCS,2024,full year (per-game derived),Shopify Rebellion,Insanity,Middle,30,-11.728,-0.3909,-0.7891216118284189,2.418,380.3,70,False,14.398,1.3658279274191112,-0.6535202072295166,0.5167554135456764,,,,,-1.7690468902275434,,,-0.5773299409052737,,
Americas,LCS,2024,full year (per-game derived),Shopify Rebellion,WildTurtle,ADC,2,36.061,18.0305,0.9066915486465256,4.276,250.8,61,False,8.861,,-1.7270116982361554,-1.616381830331936,2.711380966610406,,,,2.382949518505604,,,0.9371983243608624,,
Americas,LCS,2024,full year (per-game derived),Dignitas,Tomo,ADC,18,22.082,1.2268,0.4793344356063908,11.271,330.8,58,False,8.861,1.5762560168163249,0.3693099141664954,-1.0167800307454151,0.3879389704913529,,,,0.7655678525989874,,,1.5328437002797874,,
Americas,LCS,2024,full year (per-game derived),Team Liquid,Yeon,ADC,62,13.554,0.2186,0.2186503961072707,10.398,583.8,58,False,8.861,1.663319091916483,0.4772095476828782,-0.3824292348149951,-0.1216412297391176,,,,0.3570867657510788,,,0.5899806696017496,,
Americas,LCS,2024,full year (per-game derived),Cloud9,Berserker,ADC,47,9.896,0.2106,0.1068079245637253,11.459,510.8,59,False,8.861,2.114059451425733,-0.1526341972039394,1.5908120563248915,-0.2623259515715184,,,,0.064568251701505,,,-0.6535809453545365,,
Americas,LCS,2024,full year (per-game derived),Dignitas,Zven,ADC,30,9.25,0.3083,0.0870461449472009,9.051,307.8,0,False,8.861,1.7760879511030148,1.1495935946209657,-0.191107771114033,-0.0291811457081016,,,,-0.1365434965316317,,,-0.0780434046826537,,
Americas,LCS,2024,full year (per-game derived),Shopify Rebellion,Bvoy,ADC,28,8.861,0.3165,0.0751664483245351,16.45,363.8,66,False,8.861,1.7455963313942504,-1.0490352419977975,0.3695184409501468,-0.1155821035449569,,,,0.2785484680287538,,,0.6381551535562566,,
Americas,LCS,2024,full year (per-game derived),NRG,FBI,ADC,44,2.908,0.0661,-0.1068159509106789,7.352,465.8,63,False,8.861,1.8975047050823468,1.46688344952383,0.2803606202217537,-0.7298993486939797,,,,-0.2742780290432818,,,-1.0678188488959637,,
Americas,LCS,2024,full year (per-game derived),100 Thieves,Tomo,ADC,23,1.209,0.0526,-0.158765832650797,5.285,355.8,58,False,8.861,1.98728534845134,0.3428875726261777,1.0452005840915013,-0.6855519810365449,,,,-0.9307645427518038,,,0.3993975914429423,,
Americas,LCS,2024,full year (per-game derived),Immortals,Tactical,ADC,29,-0.403,-0.0139,-0.2080349701655358,4.187,374.8,36,False,8.861,1.7717069036256166,-1.271328788769737,0.7570833505628705,0.3439363785582132,,,,-0.721822071436013,,,0.4941901568450834,,
Americas,LCS,2024,full year (per-game derived),FlyQuest,Massu,ADC,64,-5.491,-0.0858,-0.3635918981340407,2.345,569.8,92,False,8.861,1.7354799516334851,-0.1527304696400293,0.4213756071674943,-0.4707405041931236,,,,-0.4176326011452145,,,-1.130680644095363,,
Americas,LCS,2024,full year (per-game derived),100 Thieves,Meech,ADC,37,-27.503,-0.7433,-1.036488246334587,-4.457,411.8,88,False,8.861,1.4149344120682106,0.5468563172273802,-1.2576517923122843,-1.0283340511726269,,,,-1.3676801156779843,,,-1.6616417530581726,,
Americas,LCS,2024,full year (per-game derived),NRG,huhi,Support,44,25.108,0.5706,0.6137054932686759,20.156,509.8,66,False,6.893,0.4371130783864314,,-0.5150884811286811,,0.7016235527951966,0.7781035539918493,1.1908107786765314,,,,,1.0653686119353396,0.4918730533271903
Americas,LCS,2024,full year (per-game derived),Immortals,Olleh,Support,29,12.666,0.4368,0.2333557699714515,9.657,302.8,0,False,6.893,0.4530189038474888,,0.468118583381975,,1.0144841407929643,1.4685284375491698,1.5872833287859038,,,,,-1.0898126336617604,-1.5921026356213446
Americas,LCS,2024,full year (per-game derived),100 Thieves,Eyla,Support,60,9.88,0.1647,0.1481784867508517,8.462,533.8,46,False,6.893,0.4968017718104198,,0.7599137263405388,,-0.0891948564309161,0.642613264561296,-0.5741965964331611,,,,,0.075845136661056,0.0889078939952078
Americas,LCS,2024,full year (per-game derived),Cloud9,Vulcan,Support,47,9.394,0.1999,0.1333204579582795,10.541,460.8,43,False,6.893,0.5087968257870876,,0.3626058848042711,,-0.9584767361660498,-1.291478732879069,-0.7231777136829154,,,,,1.216842578403497,1.7815500654076104
Americas,LCS,2024,full year (per-game derived),Team Liquid,CoreJJ,Support,62,4.391,0.0708,-0.0196043060250962,8.525,583.8,58,False,6.893,0.5180294794591029,,1.6054753209391377,,1.1574080503841395,-1.020574581741532,-0.5257142269111993,,,,,-1.5601436304207907,0.1768177240747147
Americas,LCS,2024,full year (per-game derived),FlyQuest,Busio,Support,64,0.05,0.0008,-0.1523283900291667,2.985,579.8,51,False,6.893,0.4838391444965779,,-0.1900338948657351,,-0.1968156133724279,-0.7996514840595391,0.1385576451306222,,,,,-0.3689221314305028,0.3718504327322328
Americas,LCS,2024,full year (per-game derived),Dignitas,Isles,Support,48,-0.149,-0.0031,-0.1584125785165356,2.645,397.8,0,False,6.893,0.4139082435971268,,-1.0328754466049888,,0.1464009646383895,-0.3638233126964967,0.2644827338477428,,,,,0.7789337255022843,-0.6265578243322233
Americas,LCS,2024,full year (per-game derived),Shopify Rebellion,Zeyzal,Support,30,-21.078,-0.7026,-0.7982149333784662,1.356,381.8,98,False,6.893,0.4643185579809723,,-1.458115692866525,,-1.7754295026412965,0.5862828552743243,-1.358045949413531,,,,,-0.1181116569891486,-0.692338709583389
Americas,LCS,2025,full year (per-game derived),FlyQuest,Bwipo,Top,52,55.389,1.0652,1.4719737594954416,35.243,545.8,64,False,11.267,0.9607973925207848,1.275003702639374,,,,,,,,1.626322491122819,,,1.5629725643652348
Americas,LCS,2025,full year (per-game derived),Disguised,Castle,Top,37,29.661,0.8016,0.5991052489091675,22.89,400.8,29,False,11.267,1.1426423515129134,0.0966031689595855,,,,,,,,0.2882837784307238,,,1.1515258009035725
Americas,LCS,2025,full year (per-game derived),Cloud9,Thanatos,Top,59,24.482,0.4149,0.4233805729114708,20.947,500.8,24,False,11.267,1.0963787826586813,-0.0002851060550269,,,,,,,,0.719945084622753,,,0.6352140776516588
Americas,LCS,2025,full year (per-game derived),LYON,Srtty,Top,9,23.659,2.6288,0.3954520292775561,21.988,295.8,114,False,11.267,1.0741807805897494,0.2112363459464208,,,,,,,,-0.5535942964857019,,,0.9775586455317842
Americas,LCS,2025,full year (per-game derived),Team Liquid,Impact,Top,47,15.747,0.335,0.1270358684536385,26.537,564.8,110,False,11.267,0.969497358239604,0.2838544751640642,,,,,,,,0.3357962272120703,,,-0.0961613364723605
Americas,LCS,2025,full year (per-game derived),Shopify Rebellion,Fudge,Top,58,13.626,0.2349,0.0550654640043055,14.692,552.8,82,False,11.267,1.0760492665058647,-0.9816670464459126,,,,,,,,1.1761600242939896,,,0.393712717877355
Americas,LCS,2025,full year (per-game derived),100 Thieves,Dhokla,Top,22,11.267,0.5121,-0.0249724726067987,4.436,419.8,108,False,11.267,1.0105281442412175,0.1443948337281329,,,,,,,,0.3851799760914025,,,-0.3499786544709253
Americas,LCS,2025,full year (per-game derived),LYON,Licorice,Top,22,1.922,0.0874,-0.3420338798915757,10.706,393.8,96,False,11.267,0.8387897272341742,-0.0610828258601411,,,,,,,,-0.227780502886445,,,-0.6238362772832632
Americas,LCS,2025,full year (per-game derived),100 Thieves,Sniper,Top,29,-0.641,-0.0221,-0.4289726098030365,6.042,436.8,88,False,11.267,0.8812551791708056,-1.170809119868019,,,,,,,,0.4642886601274792,,,-0.2280433151728308
Americas,LCS,2025,full year (per-game derived),Dignitas,Srtty,Top,28,-1.097,-0.0392,-0.4444466931763419,13.526,390.8,114,False,11.267,0.9369984126609546,0.2608385715454309,,,,,,,,-1.5303002469824438,,,-0.527928476218655
Americas,LCS,2025,full year (per-game derived),Dignitas,Photon,Top,11,-5.313,-0.483,-0.5875070244239321,6.983,212.8,0,True,11.267,1.3054721467922223,-0.957361844468339,,,,,,,,-0.5983060345228374,,,-0.2799898943426422
Americas,LCS,2025,full year (per-game derived),FlyQuest,Gakgos,Top,2,-5.967,-2.9835,-0.6096916962719479,10.24,167.8,0,False,11.267,,-1.3520101428055438,,,,,,,,-0.1320145551863886,,,-0.2194662132378962
Americas,LCS,2025,full year (per-game derived),LYON,Bejjaniii,Top,2,-6.695,-3.3475,-0.6343885668779488,8.645,185.3,35,False,11.267,,2.2512849875199668,,,,,,,,-1.953980605837412,,,-2.3955796391310327
Americas,LCS,2025,full year (per-game derived),FlyQuest,Inspired,Jungle,54,16.68,0.3089,0.5434613075817577,13.336,580.8,89,False,2.177,0.9173976300906892,-0.2254995963056004,0.8087948107446922,,,,,0.940215800990904,0.6503342148970351,,,,
Americas,LCS,2025,full year (per-game derived),Cloud9,Blaber,Jungle,59,11.683,0.198,0.3739395733755303,11.233,605.8,106,False,2.177,0.6998057842633769,0.0691102395373019,-1.2305473599887924,,,,,1.457885539958771,1.1993098739948411,,,,
Americas,LCS,2025,full year (per-game derived),100 Thieves,River,Jungle,51,9.531,0.1869,0.3009132509165451,9.885,598.8,126,False,2.177,0.7796248649125336,1.2720222298811703,-0.814551248122737,,,,,0.2228703093852566,0.5233117125224905,,,,
Americas,LCS,2025,full year (per-game derived),Team Liquid,Yuuji,Jungle,25,3.854,0.1542,0.108294909424564,6.722,333.3,71,False,2.177,0.8552293759165833,-0.9318490988258772,0.8164639715857113,,,,,0.5628220098429533,-0.014257244904531,,,,
Americas,LCS,2025,full year (per-game derived),Team Liquid,UmTi,Jungle,22,3.265,0.1484,0.0883117313735634,-0.498,391.8,62,False,2.177,0.7575501881412744,1.1639279270083605,-0.7465027349550346,,,,,0.3025874923701607,-0.3667657589292326,,,,
Americas,LCS,2025,full year (per-game derived),Shopify Rebellion,Contractz,Jungle,58,1.089,0.0188,0.0144963268922896,7.74,599.8,108,False,2.177,0.7763150430525219,1.212356488736315,-0.7478396676399472,,,,,-0.648519002441854,0.241987488914645,,,,
Americas,LCS,2025,full year (per-game derived),Dignitas,Sheiden,Jungle,37,0.0,0.0,-0.0224506832004401,-0.16,427.8,85,False,2.177,0.7697321665474777,-1.1736332701481904,0.0454215725233573,,,,,-0.0994141739367802,1.1378231387598523,,,,
Americas,LCS,2025,full year (per-game derived),LYON,Oddielan,Jungle,33,-4.756,-0.1441,-0.1838161751412239,-1.366,322.8,0,False,2.177,0.7726622283363681,-0.5115507158639894,0.1146391084018264,,,,,0.0345695173332377,-0.3729226104359706,,,,
Americas,LCS,2025,full year (per-game derived),Disguised,eXyu,Jungle,37,-9.191,-0.2484,-0.3342705550980778,-3.664,397.3,55,False,2.177,0.757078038745018,0.4602336642306385,-0.3127480446122989,,,,,-0.5940136728972553,-0.8905541671133955,,,,
Americas,LCS,2025,full year (per-game derived),Dignitas,Lira,Jungle,2,-25.538,-12.769,-0.8888796861245067,0.526,167.8,0,False,2.177,,-1.3351178682501268,2.066869592063224,,,,,-2.1790038206053937,-2.1082666477057304,,,,
Americas,LCS,2025,full year (per-game derived),100 Thieves,Quid,Middle,51,42.587,0.835,1.0645453216809828,32.408,552.8,80,False,11.932,1.444949522372824,-0.209316517589422,0.8338041325129673,,,,,2.12899806907624,,,0.7727118056122514,,
Americas,LCS,2025,full year (per-game derived),LYON,Saint,Middle,33,22.999,0.6969,0.3999779611595505,17.588,322.8,0,True,11.932,1.3001891962292709,0.9389659777876472,-1.3586474909359971,,,,,0.530267223750929,,,1.4005423915276738,,
Americas,LCS,2025,full year (per-game derived),Dignitas,Keine,Middle,39,18.001,0.4616,0.2304035673864846,15.286,352.8,0,False,11.932,1.3876793079678624,-0.461460789201684,0.9160614991016796,,,,,-0.0990769246432108,,,0.792373758492552,,
Americas,LCS,2025,full year (per-game derived),FlyQuest,Quad,Middle,54,16.968,0.3142,0.1953797292225385,18.815,521.3,73,False,11.932,1.3412384018754862,-0.5806920777260165,1.2961243419646216,,,,,0.61772663928252,,,-0.842630920372525,,
Americas,LCS,2025,full year (per-game derived),Disguised,DARKWINGS,Middle,17,11.932,0.7019,0.0245147982841603,14.399,280.8,51,False,11.932,1.3295305202874113,1.267218760982213,0.4587465915764415,,,,,-0.1103872960710358,,,-1.4249416759971183,,
Americas,LCS,2025,full year (per-game derived),Team Liquid,APA,Middle,47,3.809,0.081,-0.2510994228025203,6.877,546.8,92,False,11.932,1.236523238566178,1.4954191934489287,-1.532725857426288,,,,,-0.6497153423855936,,,-0.0426212636267849,,
Americas,LCS,2025,full year (per-game derived),Disguised,Abbedagge,Middle,20,0.0,0.0,-0.3803149055288907,7.304,257.8,0,True,11.932,1.26833957836959,-0.3592769984787164,-0.2730075917058244,,,,,-1.220902080004653,,,0.910002096194644,,
Americas,LCS,2025,full year (per-game derived),Cloud9,Loki,Middle,59,-3.689,-0.0625,-0.5054736132878388,1.756,452.8,0,True,11.932,1.2011335112581143,-0.6168639723998979,-0.5220226461057181,,,,,-0.3213567276710951,,,-0.6882722612957624,,
Americas,LCS,2025,full year (per-game derived),Shopify Rebellion,Palafox,Middle,58,-11.72,-0.2021,-0.7779334361144626,-2.26,599.8,108,False,11.932,1.2197276979187168,-1.4739935768230228,0.18166702101811,,,,,-0.8755535613341,,,-0.8771639305349304,,
Americas,LCS,2025,full year (per-game derived),Disguised,Rahel,ADC,17,39.697,2.3351,0.7876652788854204,26.183,242.8,0,True,18.906,1.673213828764805,-0.5887811548366046,0.7296830748204357,-0.1932430741853393,,,,1.19683983818413,,,2.2823595113210944,,
Americas,LCS,2025,full year (per-game derived),Team Liquid,Yeon,ADC,47,39.275,0.8356,0.7733237776291005,24.58,574.8,120,False,18.906,1.6288348790601623,-0.5761055779989044,0.3440302987682206,1.2964359899407716,,,,1.4609926252495251,,,0.4816794926603594,,
Americas,LCS,2025,full year (per-game derived),Cloud9,Zven,ADC,59,25.792,0.4372,0.315883254096427,21.737,512.8,30,False,18.906,1.6886914817886514,1.002342283236737,-0.0251743193721689,0.3430519025386544,,,,0.6682609384973835,,,-0.8495366399196668,,
Americas,LCS,2025,full year (per-game derived),LYON,Hena,ADC,33,19.429,0.5888,0.1000088388065841,19.173,322.8,0,True,18.906,1.7489610672306697,0.2605992989419992,1.42084788464789,-0.8114227486602377,,,,-0.0377284799159436,,,-0.1600801125776275,,
Americas,LCS,2025,full year (per-game derived),Shopify Rebellion,Bvoy,ADC,58,18.906,0.326,0.0822662296435561,19.812,536.8,94,False,18.906,1.790542777463144,0.4430023831476871,1.02971334592296,0.2234847967860574,,,,-0.534793494156811,,,0.0212487712683458,,
Americas,LCS,2025,full year (per-game derived),100 Thieves,FBI,ADC,51,18.449,0.3617,0.0667633670746314,16.097,525.8,69,False,18.906,1.6290052265842867,0.8601660368708495,0.0350938729352703,-0.0610051102842763,,,,0.3652313810005525,,,-1.2387543625566402,,
Americas,LCS,2025,full year (per-game derived),FlyQuest,Massu,ADC,54,0.0,0.0,-0.5591677002602906,5.198,601.8,156,False,18.906,1.4371715873195725,-0.8375279331852151,-1.3035293104416426,1.5051592662956632,,,,-1.1237762905303943,,,-0.3304034956022342,,
Americas,LCS,2025,full year (per-game derived),Disguised,ScaryJerry,ADC,20,-4.783,-0.2392,-0.7214585734973435,10.764,312.8,69,False,18.906,1.3816339893256584,-1.773888399770038,-0.9139613012465791,-0.6335508425554486,,,,-0.6020753803838813,,,0.1669540650774016,,
Americas,LCS,2025,full year (per-game derived),Dignitas,Tomo,ADC,39,-8.433,-0.2162,-0.8452844723780969,5.712,397.3,35,False,18.906,1.5527133937880615,1.2101930635934448,-1.3167035460343943,-1.6689101798758508,,,,-1.3929511379445605,,,-0.3734672296710439,,
Americas,LCS,2025,full year (per-game derived),LYON,Lyonz,Support,33,18.647,0.5651,0.7269200980756868,11.76,322.8,0,False,4.561,0.4971565068571089,,0.8005119348042894,,-0.098802116813469,1.753611921042416,0.5896607932020075,,,,,0.8388177527092817,0.527560262422814
Americas,LCS,2025,full year (per-game derived),Team Liquid,CoreJJ,Support,47,8.086,0.172,0.3686060767645956,7.704,574.8,120,False,4.561,0.4984389886740119,,0.9455118861613468,,1.1492544628071126,0.094659672797608,-0.5492576331081929,,,,,0.2548261307457171,0.3270347683001046
Americas,LCS,2025,full year (per-game derived),Disguised,huhi,Support,37,7.054,0.1906,0.3336035792793507,12.211,496.8,110,False,4.561,0.4548613502193497,,-0.4313440008584747,,0.6832919517790711,0.0826376761672292,1.01052870583143,,,,,-0.1966404954059348,0.7492388263860968
Americas,LCS,2025,full year (per-game derived),FlyQuest,Busio,Support,54,5.292,0.098,0.2738081645134174,4.068,606.8,115,False,4.561,0.4402884951366509,,-0.0290135211132975,,-0.2234249868304902,-0.5119282651679784,0.8379394723703297,,,,,0.0977417214107034,1.2319892860316737
Americas,LCS,2025,full year (per-game derived),100 Thieves,Eyla,Support,51,4.561,0.0894,0.249010506129839,5.943,562.8,90,False,4.561,0.4145825078339479,,-0.7028088900761386,,1.0193699329375976,0.6230561141267773,0.1820848123183069,,,,,0.4122414220174863,0.0178978175899709
Americas,LCS,2025,full year (per-game derived),Cloud9,Vulcan,Support,59,4.344,0.0736,0.2416351517967572,6.215,571.8,72,False,4.561,0.4899073528475309,,1.0453377920663112,,-0.5757188581291609,-0.1380749497287985,-0.0681006966980724,,,,,0.549455276573452,0.5578569077168009
Americas,LCS,2025,full year (per-game derived),Dignitas,Isles,Support,39,-13.031,-0.3341,-0.3478339613312939,-4.089,448.8,48,False,4.561,0.41898487649187,,-1.617215825667593,,0.6529159168705819,-1.4221132583561895,0.9219149999286697,,,,,0.4474611432983573,-0.9255401875155302
Americas,LCS,2025,full year (per-game derived),Shopify Rebellion,Ceos,Support,51,-17.898,-0.3509,-0.5129658852822552,-8.739,485.8,102,False,4.561,0.3951167757516405,,-1.0243541899980828,,-0.6113986622631229,0.7840697697576134,-1.9432409340034291,,,,,0.1437429968554479,-0.4438846106900167
Americas,LCS,2025,full year (per-game derived),Shopify Rebellion,Zeyzal,Support,7,-42.062,-6.0089,-1.3327837299460967,-3.577,277.8,80,False,4.561,0.4839848137615169,,1.0133748146816408,,-1.9954876403581203,-1.2659186806386795,-0.981529519841048,,,,,-2.547645948204505,-2.042153070241914
Americas,LCS,2026,full year (per-game derived),Dignitas,Denathor,Top,6,53.031,8.8385,0.8131877834029768,17.705,250.3,79,False,9.052,1.0382534890858264,0.7177418253134077,,,,,,,,-0.8317330661792366,,,1.6389712261954483
Americas,LCS,2026,full year (per-game derived),Disguised,Castle,Top,28,51.676,1.8456,0.7927001496052986,29.471,400.8,66,False,9.052,1.135252829652486,0.9345823169419654,,,,,,,,0.5037402424280413,,,0.8079601523195065
Americas,LCS,2026,full year (per-game derived),Disguised,Srtty,Top,7,43.783,6.2547,0.6733302618115264,14.053,238.8,37,False,9.052,1.2829162231064817,0.669786083108852,,,,,,,,0.8485796650935875,,,0.5965712247127778
Americas,LCS,2026,full year (per-game derived),Cloud9,Thanatos,Top,48,27.745,0.578,0.4307721382388673,21.713,539.8,83,False,9.052,1.0749029158629746,0.1162887516826825,,,,,,,,0.5110773991902424,,,0.651574335897848
Americas,LCS,2026,full year (per-game derived),Team Liquid,Morgan,Top,55,21.745,0.3954,0.3400169762342862,17.116,432.8,0,True,9.052,0.9360773072156232,-0.1203893747546236,,,,,,,,1.1451958170602416,,,0.3507226993952325
Americas,LCS,2026,full year (per-game derived),LYON,Dhokla,Top,52,15.3,0.2942,0.2425518078070506,10.612,505.8,66,False,9.052,0.8915612440138865,1.1083103857783048,,,,,,,,0.031238677581221,,,-0.3697446967940529
Americas,LCS,2026,full year (per-game derived),Sentinels,Impact,Top,46,9.052,0.1968,0.1480560558612101,15.968,543.8,109,False,9.052,1.1400869914503078,0.6240394207811731,,,,,,,,0.4906440882132672,,,-0.3971067119606036
Americas,LCS,2026,full year (per-game derived),Shopify Rebellion,Fudge,Top,28,1.646,0.0588,0.0360530888943798,8.318,436.8,81,False,9.052,1.01015171324926,-0.598468917865705,,,,,,,,1.5010817245710897,,,-0.1107146490640553
Americas,LCS,2026,full year (per-game derived),LYON,Castle,Top,3,-0.055,-0.0183,0.0103246200081303,16.595,275.8,66,False,9.052,,0.4812908142501861,,,,,,,,-0.4844427728444995,,,-0.150117087620538
Americas,LCS,2026,full year (per-game derived),FlyQuest,Gakgos,Top,49,-4.939,-0.1008,-0.0635391941946536,0.479,406.8,2,False,9.052,1.1918726869998026,-0.1176808805817597,,,,,,,,-0.0415407661863097,,,-0.0292407362453596
Americas,LCS,2026,full year (per-game derived),Dignitas,Photon,Top,24,-17.103,-0.7126,-0.2475081940804819,-2.47,299.8,11,False,9.052,1.4432908228600492,0.1547261603581645,,,,,,,,-0.3746501679598406,,,-0.5188172232214843
Americas,LCS,2026,full year (per-game derived),Disguised,KryRa,Top,1,-68.787,-68.787,-1.0291764249920037,6.662,162.8,0,False,9.052,,-1.921666674641792,,,,,,,,-2.1226957021093185,,,0.1980970870475121
Americas,LCS,2026,full year (per-game derived),Cloud9,Vulcan,Top,3,-142.683,-47.561,-2.1467690685965923,-4.117,172.8,0,False,9.052,,-2.0485599103708703,,,,,,,,-1.1764951388584874,,,-2.6681556206622314
Americas,LCS,2026,full year (per-game derived),FlyQuest,Massu,Jungle,1,78.05,78.05,0.9129029886591816,11.767,162.8,0,False,9.667,,2.659990469556881,-3.313046199536838,,,,,2.2551916530053986,2.049476031611286,,,,
Americas,LCS,2026,full year (per-game derived),Dignitas,FBI,Jungle,3,69.535,23.1783,0.7841313641062098,14.863,172.8,0,False,9.667,,0.8509126101831038,0.4743546609026884,,,,,0.0405597039328955,1.7706984814061513,,,,
Americas,LCS,2026,full year (per-game derived),Cloud9,Tactical,Jungle,3,60.246,20.082,0.6436398707504165,14.057,172.8,0,False,9.667,,0.9365973596240618,0.8236779850585979,,,,,-0.0628910985755787,0.8771752368945852,,,,
Americas,LCS,2026,full year (per-game derived),LYON,Armao,Jungle,4,20.179,5.0447,0.0376668588512517,9.328,206.8,29,False,9.667,,-0.0111705173979721,0.3690548533369688,,,,,0.6347348523454499,-0.8419517528794395,,,,
Americas,LCS,2026,full year (per-game derived),LYON,Inspired,Jungle,51,15.842,0.3106,-0.0279148650126198,14.688,584.8,118,False,9.667,0.912461135714414,-1.1346019356378887,0.7190687303740219,,,,,0.8090734940441348,-0.5051997488307474,,,,
Americas,LCS,2026,full year (per-game derived),Sentinels,HamBak,Jungle,46,14.091,0.3063,-0.054398504477382,12.291,387.8,0,True,9.667,0.8177448690034858,-0.231939904356857,0.1023061934148311,,,,,0.3869188757164233,-0.4748791826839258,,,,
Americas,LCS,2026,full year (per-game derived),Team Liquid,Josedeodo,Jungle,55,10.538,0.1916,-0.1081351040320835,13.192,491.8,59,False,9.667,0.9093394576103546,-0.3275248004459535,0.4158018294602204,,,,,0.0040189900062152,-0.5248364351488163,,,,
Americas,LCS,2026,full year (per-game derived),Shopify Rebellion,Contractz,Jungle,28,8.796,0.3141,-0.1344866154358553,9.262,457.8,102,False,9.667,0.8733873100747752,-0.7228620603042126,0.4602212964289681,,,,,0.2002568888126517,-0.4755625866808285,,,,
Americas,LCS,2026,full year (per-game derived),Disguised,sajed,Jungle,1,5.88,5.88,-0.1785781783862922,9.551,162.8,0,False,9.667,,0.3705241073859901,0.1180937742654526,,,,,-2.1740722451396075,0.971141649942996,,,,
Americas,LCS,2026,full year (per-game derived),Cloud9,Blaber,Jungle,48,2.034,0.0424,-0.2367453543118914,7.476,562.8,106,False,9.667,0.7801264340743823,-0.5264313538008973,0.0816866600217172,,,,,-0.0943256622459261,-0.4079110612224594,,,,
Americas,LCS,2026,full year (per-game derived),Disguised,KryRa,Jungle,29,0.288,0.0099,-0.2631650246204632,6.679,330.3,34,False,9.667,0.814281946631474,0.2552491883500644,0.0948630785664831,,,,,-0.4185533635853397,-0.9842190018130612,,,,
Americas,LCS,2026,full year (per-game derived),FlyQuest,Gryffinn,Jungle,48,-0.863,-0.018,-0.2805587451830765,4.197,416.8,19,False,9.667,0.7019834596709263,-1.0489003830863617,-0.1125200104476583,,,,,0.0245109600991992,0.0146744527025144,,,,
Americas,LCS,2026,full year (per-game derived),Dignitas,eXyu,Jungle,27,-2.237,-0.0829,-0.3013479759534808,0.665,384.8,55,False,9.667,0.7528733606320237,-0.2186183081509256,-0.0829434366387091,,,,,-0.3224875965185142,-0.5813425625057742,,,,
Americas,LCS,2026,full year (per-game derived),Disguised,Kisno,Jungle,6,-34.746,-5.791,-0.7930107149539108,4.772,223.3,53,False,9.667,0.6297929881400423,-0.8512244719190292,-0.1506194152067385,,,,,-1.282935451897402,-0.8872635207924741,,,,
Americas,LCS,2026,full year (per-game derived),Disguised,Srtty,Middle,1,73.362,73.362,1.1079214040483985,6.252,162.8,0,False,4.126,,0.5050791409875098,0.1796501150874476,,,,,2.438687728830381,,,0.3934510376800935,,
Americas,LCS,2026,full year (per-game derived),Sentinels,DARKWINGS,Middle,46,18.741,0.4074,0.2818269227858475,15.219,439.8,52,False,4.126,1.3030268851039897,1.2385503731529277,-0.1946386073469132,,,,,-0.0643080598695575,,,0.3859864442250352,,
Americas,LCS,2026,full year (per-game derived),FlyQuest,Quad,Middle,48,17.57,0.366,0.2641279181088737,14.601,543.8,92,False,4.126,1.3638561258000272,0.9155483287330792,0.169783436147995,,,,,0.0446848188170084,,,0.077464320403201,,
Americas,LCS,2026,full year (per-game derived),Team Liquid,Quid,Middle,55,16.916,0.3076,0.2542268667971714,20.346,594.8,111,False,4.126,1.2891191925440928,1.037783670884127,-0.2331123473949413,,,,,-0.0054495277874474,,,0.3965101487817571,,
Americas,LCS,2026,full year (per-game derived),Cloud9,Loki,Middle,2,10.314,5.157,0.154391739047754,1.116,285.8,59,False,4.126,,-0.184884266420716,0.1044880777760492,,,,,0.0368203471576408,,,0.7420275307132356,,
Americas,LCS,2026,full year (per-game derived),Disguised,Callme,Middle,35,7.983,0.2281,0.1191381899915895,6.154,332.8,0,True,4.126,1.1167665175915342,0.0771026213504639,-0.4009014954731924,,,,,0.0298950520465505,,,0.8320785806598999,,
Americas,LCS,2026,full year (per-game derived),LYON,Saint,Middle,55,4.126,0.075,0.0607969426101321,6.623,498.8,33,False,4.126,1.1076774258467164,0.3155810799211126,-0.5390162149469175,,,,,-0.0239654729893337,,,0.5491660984940985,,
Americas,LCS,2026,full year (per-game derived),Shopify Rebellion,Zinie,Middle,28,0.051,0.0018,-0.0008327893996396,2.211,297.8,0,True,4.126,1.0648409073915115,0.1171887020568758,-0.4014294017254322,,,,,-0.0612790425542457,,,0.3839491331428244,,
Americas,LCS,2026,full year (per-game derived),Cloud9,APA,Middle,46,-0.153,-0.0033,-0.0039115965889315,2.973,543.8,109,False,4.126,1.0452541365430994,0.4949785384181342,-0.7147833198138043,,,,,0.0127308268516327,,,0.1803147864423742,,
Americas,LCS,2026,full year (per-game derived),Dignitas,Palafox,Middle,27,-0.71,-0.0263,-0.0123346132160583,-2.112,452.8,102,False,4.126,1.0106938802241978,0.1524581719305193,-0.4287354882582073,,,,,0.0175310274178281,,,0.1890625505627999,,
Americas,LCS,2026,full year (per-game derived),Cloud9,Blaber,Middle,3,-20.094,-6.698,-0.3054966815174638,2.024,172.8,0,False,4.126,,-2.0141132719389905,0.5504470529969747,,,,,0.2274151490210773,,,-0.3526543617909958,,
Americas,LCS,2026,full year (per-game derived),Dignitas,eXyu,Middle,3,-55.418,-18.4727,-0.8397415196057971,-1.042,172.8,0,False,4.126,,-1.7097854814408044,-1.0958665377331671,,,,,-0.2152336238255397,,,-0.7674742273090547,,
Americas,LCS,2026,full year (per-game derived),FlyQuest,Cryogen,Middle,1,-71.312,-71.312,-1.080112783061878,1.81,162.8,0,False,4.126,,-0.9454876076342316,3.0041147306841043,,,,,-2.4375292231159955,,,-3.0098820420052785,,
Americas,LCS,2026,full year (per-game derived),Cloud9,Thanatos,ADC,3,37.578,12.526,0.8206111633986592,2.943,172.8,0,False,-0.348,,0.6846978394524813,0.4304894521146494,-0.3913278396733068,,,,2.019871134450106,,,-0.1397497331649421,,
Americas,LCS,2026,full year (per-game derived),LYON,Berserker,ADC,55,12.39,0.2253,0.4396810502888785,7.956,479.8,47,False,-0.348,1.747667524578806,0.6746249601452232,0.5491262779069472,0.5050768088180823,,,,0.2375653538407672,,,0.4846564712935113,,
Americas,LCS,2026,full year (per-game derived),Dignitas,FBI,ADC,25,10.623,0.4249,0.4129438013045544,7.655,428.8,95,False,-0.348,1.618085471977468,0.8772148767475798,0.2248288996410118,0.7936217519715137,,,,0.0733900430814939,,,0.5201056328599981,,
Americas,LCS,2026,full year (per-game derived),Shopify Rebellion,Bvoy,ADC,28,9.686,0.3459,0.3987730639999989,8.47,441.8,86,False,-0.348,1.7827075972519335,1.0065888696112917,0.5382561230479622,0.4698817621355731,,,,-0.0040189116661444,,,0.4866474464539909,,
Americas,LCS,2026,full year (per-game derived),Cloud9,Zven,ADC,46,4.471,0.0972,0.3199092316458323,8.014,535.8,89,False,-0.348,1.5460467595202032,0.707075995606902,0.3336508985162201,0.2719119596086136,,,,0.0972763646442771,,,0.4679220236050925,,
Americas,LCS,2026,full year (per-game derived),FlyQuest,Massu,ADC,48,1.704,0.0355,0.2780657437668555,0.004,569.8,118,False,-0.348,1.367995147252304,0.4815058204346238,0.255353472279089,0.3071101064023008,,,,0.1456960957198536,,,0.3661252840571629,,
Americas,LCS,2026,full year (per-game derived),Team Liquid,Yeon,ADC,55,0.348,0.0063,0.2575565941496082,7.766,588.8,109,False,-0.348,1.4589480995437103,0.581407683585282,0.3208569117339067,0.0874973909263489,,,,0.0800281192702432,,,0.4399034588314663,,
Americas,LCS,2026,full year (per-game derived),Sentinels,Rahel,ADC,46,-1.045,-0.0227,0.2364874966437763,2.499,421.8,17,False,-0.348,1.4254174669777706,0.163799389606176,0.3726906997393996,0.3338456695652173,,,,-0.020134095404834,,,0.6530128097736857,,
Americas,LCS,2026,full year (per-game derived),Disguised,sajed,ADC,35,-11.42,-0.3263,0.0795747341928878,-1.585,412.8,116,False,-0.348,1.3684683575280436,-0.0848421401176193,0.430516927050615,0.0021646573080361,,,,-0.1516488803315046,,,0.4907126252104027,,
Americas,LCS,2026,full year (per-game derived),Dignitas,Mobility,ADC,2,-16.806,-8.403,-0.0018807867881126,2.691,218.8,56,False,-0.348,,-0.0513460413771788,-0.4884527276590473,1.3750419232761426,,,,-0.6621335656201132,,,0.6428024509796342,,
Americas,LCS,2026,full year (per-game derived),FlyQuest,Gryffinn,ADC,1,-17.727,-17.727,-0.0158185306464281,-0.882,162.8,0,False,-0.348,,-0.8158809372793375,-3.209544074187484,0.4979305459718192,,,,1.654574074137663,,,-0.2941630178549145,,
Americas,LCS,2026,full year (per-game derived),Cloud9,Tactical,ADC,2,-19.028,-9.514,-0.035481336423133,1.603,246.8,79,False,-0.348,,-0.1017098257337447,-0.2884656996077155,0.0592017531321449,,,,-0.1423636703610965,,,0.4295336778772012,,
Americas,LCS,2026,full year (per-game derived),Dignitas,Ignar,ADC,3,-119.677,-39.8923,-1.557692550830149,-10.705,172.8,0,False,-0.348,,-2.134729124830552,0.8999178028155465,-2.069072860407997,,,,-1.8420235538655283,,,-2.2871412640679885,,
Americas,LCS,2026,full year (per-game derived),Disguised,Lyonz,ADC,1,-124.639,-124.639,-1.6327296747032278,-4.165,162.8,0,False,-0.348,,-1.9884073658511268,-0.3692249633911009,-2.2428836290344942,,,,-1.4860785078951826,,,-2.260367865854289,,
Americas,LCS,2026,full year (per-game derived),Sentinels,huhi,Support,46,30.367,0.6602,0.5630360050336984,17.699,505.8,81,False,2.164,0.4389381828851338,,-0.1066209975240187,,0.9952683288754496,0.6611765367627532,0.8905158979977503,,,,,0.2818988933268559,0.6373890976174598
Americas,LCS,2026,full year (per-game derived),LYON,Isles,Support,55,20.77,0.3776,0.4178922196304633,9.0,558.8,87,False,2.164,0.442433371920829,,-0.0439776357759611,,0.412703059167274,0.9355297179572902,1.2218345472491317,,,,,-0.4448380382406457,0.4244597778666445
Americas,LCS,2026,full year (per-game derived),Shopify Rebellion,Zeyzal,Support,4,20.044,5.011,0.406921713843304,3.423,216.8,57,False,2.164,,,-1.1981672773375576,,-0.0023373246023898,2.151200930014785,0.67135236090141,,,,,0.2103093128030087,0.5687221677931149
Americas,LCS,2026,full year (per-game derived),Team Liquid,CoreJJ,Support,55,19.38,0.3524,0.3968795531792286,11.384,588.8,109,False,2.164,0.4414150458629319,,-0.1147062270701102,,0.8698338148981389,0.3147636084882325,0.5712848480442282,,,,,0.0737065084323365,0.6124917236618821
Americas,LCS,2026,full year (per-game derived),FlyQuest,Cryogen,Support,48,14.693,0.3061,0.3259922558373482,9.574,405.8,8,False,2.164,0.44168206035943,,-0.5545470455084578,,1.212154162252887,-0.1089798623599188,0.5350222233476417,,,,,0.2943014323361589,0.5276005511320924
Americas,LCS,2026,full year (per-game derived),Cloud9,Vulcan,Support,48,10.633,0.2215,0.2645894235309977,6.836,562.8,106,False,2.164,0.5798581889990194,,0.4774660526024301,,0.4328724248364634,0.080525907826376,0.3228613757258822,,,,,0.2507634107203434,0.0713557802857924
Americas,LCS,2026,full year (per-game derived),Dignitas,Breezy,Support,2,3.88,1.94,0.1624492197158347,5.367,207.3,51,False,2.164,,,0.4117681108568513,,0.7065805175224179,0.2656129155803406,0.5092017333698072,,,,,-0.9485761962524972,0.0565764337176373
Americas,LCS,2026,full year (per-game derived),Disguised,Lyonz,Support,35,0.449,0.0128,0.1105585932915309,4.139,398.8,33,False,2.164,0.5335697728288294,,0.2626080997577273,,0.4392362904206985,0.7056359661724683,0.651721405508086,,,,,-0.614884858826644,-0.6026605559682144
Americas,LCS,2026,full year (per-game derived),Dignitas,Ignar,Support,25,-1.346,-0.0538,0.0834212074672269,0.613,282.8,0,False,2.164,0.4411638150706129,,0.0520046945067296,,0.4859880034703771,0.4501901367357903,0.573696600609876,,,,,-0.2008967462645393,-0.6716801139104522
Americas,LCS,2026,full year (per-game derived),FlyQuest,Quad,Support,1,-21.035,-21.035,-0.2143511183179355,1.452,162.8,0,False,2.164,,,2.9669688700932646,,-1.0775360426743927,-1.184448172875432,-1.4618850356956374,,,,,-1.398182191475703,0.6523104665126433
Americas,LCS,2026,full year (per-game derived),Dignitas,Palafox,Support,3,-30.646,-10.2153,-0.3597099503832078,-0.683,172.8,0,False,2.164,,,-0.0360854667879499,,-1.9121159310995064,-1.131052848111505,-1.5257725889763103,,,,,-0.030026627958665,1.9094930184311096
Americas,LCS,2026,full year (per-game derived),Shopify Rebellion,Ceos,Support,24,-33.211,-1.3838,-0.3985101477446504,-14.473,401.8,95,False,2.164,0.4192178326468755,,-0.456231544967542,,0.0826670352180329,-0.7592633333177825,-0.1128920980404133,,,,,-0.0600361431275823,-0.9479458713350218
Americas,LCS,2026,full year (per-game derived),Disguised,Callme,Support,1,-41.184,-41.184,-0.5190850692090033,0.833,162.8,0,False,2.164,,,-0.399967294790634,,-1.6180269411440515,-1.3884137177925917,-1.384699526918043,,,,,3.0109244106741038,-1.1712788900680424
Americas,LCS,2026,full year (per-game derived),Cloud9,Loki,Support,3,-88.857,-29.619,-1.2400839058748376,-5.735,172.8,0,False,2.164,,,-1.2605123380547842,,-1.027287397141398,-0.9924777850808068,-1.462241743123409,,,,,-0.4244631661465315,-2.0668335857366453
Americas,CBLOL,2023,full year (per-game derived),Vivo Keyd Stars,Guigo,Top,45,39.711,0.8825,1.1523202458541972,24.435,382.8,0,False,2.66,1.0983617264583496,2.3465214371423144,,,,,,,,0.0209091671361209,,,0.6895243069448636
Americas,CBLOL,2023,full year (per-game derived),LOUD,Robo,Top,58,20.72,0.3572,0.6021065332968736,14.355,447.8,0,False,2.66,0.928679358569433,0.0263579450527459,,,,,,,,1.3843183185016883,,,0.7176227485853348
Americas,CBLOL,2023,full year (per-game derived),paiN Gaming,Wizer,Top,66,14.268,0.2162,0.4151953969634853,10.512,487.8,0,False,2.66,1.0158806297837677,-0.280812427760988,,,,,,,,0.6097286902224152,,,0.8962321202567226
Americas,CBLOL,2023,full year (per-game derived),KaBuM! Esports,Lonely,Top,36,13.735,0.3815,0.3997268382251796,8.561,337.8,0,False,2.66,1.4527399162792034,0.414697554887136,,,,,,,,0.0686826188818416,,,0.537952715203278
Americas,CBLOL,2023,full year (per-game derived),INTZ,Zzk,Top,47,8.111,0.1726,0.2368016815926555,5.921,392.8,0,False,2.66,1.1131303560380683,-0.4297547135017271,,,,,,,,0.5004686665586681,,,0.6623173753216903
Americas,CBLOL,2023,full year (per-game derived),LØS,Boal,Top,6,6.577,1.0962,0.1923682900117954,3.286,187.8,0,False,2.66,1.0044696855765534,-0.6374970370775059,,,,,,,,-1.645610156189624,,,1.706793760449142
Americas,CBLOL,2023,full year (per-game derived),RED Canids,Boal,Top,26,3.622,0.1393,0.1067589859975685,3.094,287.8,0,False,2.66,1.4049360222035443,0.6738704387306054,,,,,,,,-0.0172549719193545,,,-0.300871312639951
Americas,CBLOL,2023,full year (per-game derived),Liberty,Kiari,Top,32,2.66,0.0831,0.0788789408734126,2.66,317.8,0,False,2.66,1.3516653844344142,0.3473477285231094,,,,,,,,-0.2853302468842975,,,0.0247722908680744
Americas,CBLOL,2023,full year (per-game derived),RED Canids,fNb,Top,31,1.749,0.0564,0.0524781948295634,2.209,312.8,0,False,2.66,1.322960044000759,-0.2216110127629023,,,,,,,,0.280106381423596,,,0.1732656434988388
Americas,CBLOL,2023,full year (per-game derived),FURIA,fNb,Top,29,1.379,0.0476,0.0417726702497621,2.047,302.8,0,False,2.66,1.1987529896583662,-1.0604002275018514,,,,,,,,1.1349912196435092,,,0.4466329732311971
Americas,CBLOL,2023,full year (per-game derived),LØS,HiRit,Top,30,0.0,0.0,0.001810440268454,1.364,307.8,0,False,2.66,1.0475847936157776,0.0313136201318988,,,,,,,,0.1119159924663665,,,-0.0723765033461427
Americas,CBLOL,2023,full year (per-game derived),FURIA,Betão,Top,18,-15.804,-0.878,-0.4560499897806694,-4.045,247.8,0,False,2.66,1.1480223651400978,-0.1018045545443724,,,,,,,,0.4418619476910283,,,-1.154028953824775
Americas,CBLOL,2023,full year (per-game derived),LØS,Hidan,Top,12,-17.712,-1.476,-0.5113271250847102,-2.951,217.8,0,False,2.66,0.9589660106354588,0.7514017170979755,,,,,,,,-1.2196152876249458,,,-1.222519740261346
Americas,CBLOL,2023,full year (per-game derived),Fluxo,Tay,Top,44,-37.864,-0.8605,-1.0951926625547932,-20.936,377.8,0,False,2.66,0.9972542886026008,-2.271054819405508,,,,,,,,0.8314351531535138,,,-1.0088635413625302
Americas,CBLOL,2023,full year (per-game derived),Liberty,SkB,Top,4,-42.091,-10.5228,-1.2176484407427677,-2.373,177.8,0,False,2.66,,0.4114243509890895,,,,,,,,-2.216607493060526,,,-2.096453882924397
Americas,CBLOL,2023,full year (per-game derived),INTZ,Yampi,Jungle,47,54.371,1.1568,1.3978464630199,33.8,392.8,0,False,3.172,0.925224488027674,0.3821769425314925,1.6475002365209568,,,,,2.1652471535067783,1.3964615195203731,,,,
Americas,CBLOL,2023,full year (per-game derived),Vivo Keyd Stars,Grell,Jungle,37,24.821,0.6708,0.5417335909596265,14.854,342.8,0,False,3.172,0.7270319103110437,1.283018854163002,-0.721900672710135,,,,,0.1400705510532496,1.4657456313323889,,,,
Americas,CBLOL,2023,full year (per-game derived),RED Canids,Aegis,Jungle,57,24.266,0.4257,0.5256610560865337,16.748,442.8,0,False,3.172,0.7417180156654388,-0.155830789596628,0.3261891694718922,,,,,0.0805082877671646,1.8517775567037056,,,,
Americas,CBLOL,2023,full year (per-game derived),Fluxo,Disamis,Jungle,44,16.455,0.374,0.2993615402395591,10.906,377.8,0,False,3.172,0.6978825986817837,0.2771869790919303,0.3489560696507689,,,,,0.9793600820184738,-0.4080569698029365,,,,
Americas,CBLOL,2023,full year (per-game derived),Vivo Keyd Stars,Hugato,Jungle,6,13.109,2.1848,0.202404707074921,4.759,187.8,0,False,3.172,0.824611615567511,-0.416275159952953,1.6019393278446783,,,,,-1.024685062310818,0.6486397227187768,,,,
Americas,CBLOL,2023,full year (per-game derived),Liberty,Drakehero,Jungle,4,10.351,2.5878,0.1225051271340776,3.979,177.8,0,False,3.172,,0.9257027301492567,1.024425897361238,,,,,-2.1488579856755115,0.6887498667013271,,,,
Americas,CBLOL,2023,full year (per-game derived),LOUD,Croc,Jungle,58,10.171,0.1754,0.1172872759776393,7.704,447.8,0,False,3.172,0.585559361496645,0.217800621558903,-1.317378796780964,,,,,1.3597429884148498,0.2089842907177686,,,,
Americas,CBLOL,2023,full year (per-game derived),LØS,Ranger,Jungle,30,7.006,0.2335,0.0256020613292475,5.04,307.8,0,False,3.172,0.6671524652542378,0.4541757142150285,-0.278884740941123,,,,,-0.0624002732772853,-0.0104824546796299,,,,
Americas,CBLOL,2023,full year (per-game derived),LØS,enel1,Jungle,14,3.172,0.2266,-0.0854701120120459,3.172,227.8,0,False,3.172,0.6456854913708607,-2.0217958546119723,1.3022534352543402,,,,,0.3770500084730118,0.0006119628364366,,,,
Americas,CBLOL,2023,full year (per-game derived),FURIA,Goot,Jungle,47,2.323,0.0494,-0.1100850988731535,2.664,392.8,0,False,3.172,0.6615554141478517,0.5313133483708893,-0.2223541777140041,,,,,-0.2765446856123078,-0.4727548805371914,,,,
Americas,CBLOL,2023,full year (per-game derived),paiN Gaming,CarioK,Jungle,66,1.014,0.0154,-0.1479996570557094,1.712,487.8,0,False,3.172,0.6196936897570521,0.1418413921404464,-0.5238414109795999,,,,,0.1378339293654691,-0.3478325387491534,,,,
Americas,CBLOL,2023,full year (per-game derived),Liberty,Accez,Jungle,32,-3.042,-0.0951,-0.2655269503546038,0.044,317.8,0,False,3.172,0.5413614343529924,-0.6782072124720495,-1.282165512714551,,,,,0.637487566731424,0.2607773570367611,,,,
Americas,CBLOL,2023,full year (per-game derived),Vivo Keyd Stars,Sting,Jungle,2,-4.058,-2.029,-0.2949567136964452,2.741,167.8,0,False,3.172,,-0.8949797967139357,0.1308706520950561,,,,,-0.2122974808837136,-0.2034202292831877,,,,
Americas,CBLOL,2023,full year (per-game derived),LØS,Trick,Jungle,4,-5.33,-1.3325,-0.3317955467085705,2.216,177.8,0,False,3.172,,0.8698832712923577,-0.2196601809687134,,,,,-1.230298948637938,-0.7471063285199887,,,,
Americas,CBLOL,2023,full year (per-game derived),KaBuM! Esports,SCARY,Jungle,24,-10.068,-0.4195,-0.4690649313064793,-2.546,277.8,0,False,3.172,0.6352964260971113,-0.0752626531230114,0.360737139430765,,,,,-0.4876137165445284,-1.6741204949891424,,,,
Americas,CBLOL,2023,full year (per-game derived),KaBuM! Esports,Samkz,Jungle,2,-13.263,-6.6315,-0.561627163932886,2.193,167.8,0,False,3.172,,1.319733391484725,-1.7514256083375188,,,,,-0.5855046774495434,-1.2293117614292064,,,,
Americas,CBLOL,2023,full year (per-game derived),KaBuM! Esports,Flawless,Jungle,10,-27.216,-2.7216,-0.965875647881616,-4.139,207.8,0,False,3.172,0.4693963925535591,-2.16048177852749,-0.4252608264830845,,,,,0.1509022630612247,-1.4286622495771146,,,,
Americas,CBLOL,2023,full year (per-game derived),LØS,Lava,Middle,48,57.049,1.1885,1.2824561580605467,39.82,397.8,0,False,13.622,1.3139906087289197,1.1698981354758178,-0.5232037941316442,,,,,2.4198727228022148,,,1.2818302635839214,,
Americas,CBLOL,2023,full year (per-game derived),LOUD,tinowns,Middle,58,37.773,0.6513,0.7239800138235426,29.261,447.8,0,False,13.622,1.7739840504904356,0.1971030044142666,1.34295260655091,,,,,0.7944841986788147,,,0.5125998369415937,,
Americas,CBLOL,2023,full year (per-game derived),FURIA,Tutsz,Middle,18,27.293,1.5163,0.4203642943514642,18.586,247.8,0,False,13.622,1.3631403277533976,-0.4699441634806682,-0.0424870108731197,,,,,0.7431168276889631,,,1.2290110387913162,,
Americas,CBLOL,2023,full year (per-game derived),Fluxo,Hauz,Middle,44,22.516,0.5117,0.281956368833581,18.801,377.8,0,False,13.622,1.186077834972506,0.3112094826213913,-0.8153074044734531,,,,,0.4139126014738836,,,1.1277705099600326,,
Americas,CBLOL,2023,full year (per-game derived),paiN Gaming,dyNquedo,Middle,66,19.166,0.2904,0.1849024215209846,17.372,487.8,0,False,13.622,1.7398239351293696,0.0110809730029891,1.393448761319099,,,,,-0.0870017489341438,,,-0.3914790720569944,,
Americas,CBLOL,2023,full year (per-game derived),Liberty,Avenger,Middle,14,18.015,1.2868,0.1515608201657705,14.972,227.8,0,False,13.622,1.0147651783214389,0.910607601642511,-1.9381878016577427,,,,,0.7141654530641232,,,0.5336986990440733,,
Americas,CBLOL,2023,full year (per-game derived),KaBuM! Esports,Krastyel,Middle,18,13.809,0.7672,0.0297116369389036,13.69,247.8,0,False,13.622,1.417642842095849,1.7340372431191222,-0.1893702087781442,,,,,-1.0287246660253109,,,0.3309609718891832,,
Americas,CBLOL,2023,full year (per-game derived),FURIA,Envy,Middle,29,13.435,0.4633,0.0188773069075161,13.532,302.8,0,False,13.622,1.249914152128358,0.2237778685706536,-0.3082041620128646,,,,,-0.0750338266896021,,,0.2997113611026618,,
Americas,CBLOL,2023,full year (per-game derived),RED Canids,Envy,Middle,31,11.208,0.3615,-0.0456414683133821,12.426,312.8,0,False,13.622,1.3667357945339675,0.7081680901942391,0.103000459883839,,,,,-0.2162133144013781,,,-0.6602776695102132,,
Americas,CBLOL,2023,full year (per-game derived),KaBuM! Esports,Yuri,Middle,18,4.021,0.2234,-0.2538710338606496,10.135,247.8,0,False,13.622,1.135754201538613,-0.1731699353432343,-0.6405546161887404,,,,,-0.0354149046658301,,,-0.3164095915497497,,
Americas,CBLOL,2023,full year (per-game derived),Vivo Keyd Stars,Grevthar,Middle,45,-1.34,-0.0298,-0.4092051726342685,4.829,382.8,0,False,13.622,1.503841344146797,-1.3896175337555623,1.1762224667489871,,,,,-0.3906108048404649,,,-1.046346635470574,,
Americas,CBLOL,2023,full year (per-game derived),Liberty,Pilot,Middle,22,-6.632,-0.3015,-0.5625021586057901,5.304,267.8,0,False,13.622,1.4612477455082185,-1.6381142225180505,1.0605113686631558,,,,,-1.518139398692638,,,0.5022253282416421,,
Americas,CBLOL,2023,full year (per-game derived),INTZ,NOsFerus,Middle,47,-11.493,-0.2445,-0.7033507913858887,-1.402,392.8,0,False,13.622,1.3543079944948488,-0.1009253286362913,0.498831591949943,,,,,-1.1822760646414576,,,-1.7002095510499808,,
Americas,CBLOL,2023,full year (per-game derived),RED Canids,Avenger,Middle,26,-25.848,-0.9942,-1.1192383958023318,-4.204,287.8,0,False,13.622,0.9223595779635853,-1.4941112153072005,-1.1176522570002223,,,,,-0.5521370748171737,,,-1.7030854899169057,,
Americas,CBLOL,2023,full year (per-game derived),paiN Gaming,Bvoy,ADC,66,50.697,0.7681,0.980154725904892,41.532,487.8,0,False,22.371,1.9435380795877693,0.9412678597869246,0.7645487814279399,0.8064163629220473,,,,1.3155189681087325,,,0.6538163545240143,,
Americas,CBLOL,2023,full year (per-game derived),LOUD,Route,ADC,58,39.18,0.6755,0.6464731743136374,33.256,447.8,0,False,22.371,1.864892932754669,0.7104802200414364,0.8270635693948392,0.3541937297442152,,,,0.7717438743653199,,,0.4122961029577727,,
Americas,CBLOL,2023,full year (per-game derived),Fluxo,Brance,ADC,44,37.225,0.846,0.5898325992926927,31.02,377.8,0,False,22.371,1.7351358645088344,0.9069610784799697,0.0141781081418004,1.248405544085036,,,,0.3658943653675771,,,0.6936466927954749,,
Americas,CBLOL,2023,full year (per-game derived),LØS,Netuno,ADC,48,31.419,0.6546,0.4216362512142683,27.829,397.8,0,False,22.371,1.8365844524841384,-0.3645692893672169,1.0289415382156988,1.4048349551532415,,,,0.1041756631359593,,,0.3316241240315449,,
Americas,CBLOL,2023,full year (per-game derived),INTZ,NinjaKiwi,ADC,47,24.295,0.5169,0.2152198421819378,23.522,392.8,0,False,22.371,1.5346596463996696,0.9047999434821828,-0.6917195900423938,0.0459783273266761,,,,0.3050668043463809,,,0.3996650230912891,,
Americas,CBLOL,2023,full year (per-game derived),Vivo Keyd Stars,Trigo,ADC,27,23.913,0.8857,0.2041593746656363,23.082,292.8,0,False,22.371,2.111773617453565,-0.6828047422896005,1.9691102454451417,0.4581741349217776,,,,-0.5884188342806559,,,0.8554588307143842,,
Americas,CBLOL,2023,full year (per-game derived),RED Canids,TitaN,ADC,57,22.68,0.3979,0.1684312851835606,22.57,442.8,0,False,22.371,1.4180622771801474,1.028461763808458,-1.409089620163672,0.4241933860001899,,,,0.1918475153213363,,,0.5774730932792709,,
Americas,CBLOL,2023,full year (per-game derived),Liberty,Reaper,ADC,4,22.371,5.5928,0.1594983293273377,22.371,177.8,0,False,22.371,,0.6732040056921543,-0.6702920474485942,0.872803316624107,,,,0.934591159745362,,,-1.9816808259988707,,
Americas,CBLOL,2023,full year (per-game derived),Vivo Keyd Stars,micaO,ADC,6,17.753,2.9588,0.0256965770576598,21.633,187.8,0,False,22.371,1.353558183745193,1.294236764960721,-1.2884695670209654,-2.023858134653094,,,,1.5131573481083085,,,-1.225909489919981,,
Americas,CBLOL,2023,full year (per-game derived),FURIA,Ayu,ADC,18,15.281,0.8489,-0.0459360043990887,19.796,247.8,0,False,22.371,1.3357344732481986,-0.9350928924014106,-0.6102285183933975,-1.1973441245485583,,,,0.7949548436468057,,,0.6669171096437487,,
Americas,CBLOL,2023,full year (per-game derived),Liberty,Juliera,ADC,32,12.493,0.3904,-0.1266974517845474,17.398,317.8,0,False,22.371,1.7454113001995168,-0.0323914168097921,0.7012755673475504,-0.7263770939619504,,,,-0.6180913970051332,,,0.65633951303232,,
Americas,CBLOL,2023,full year (per-game derived),KaBuM! Esports,RAV3N,ADC,24,0.0,0.0,-0.4886437274717868,12.709,277.8,0,False,22.371,1.3553588199141084,-1.897017826636992,0.0828135938419208,0.5554896227054428,,,,-1.0323824788790985,,,0.5275518908689321,,
Americas,CBLOL,2023,full year (per-game derived),FURIA,Trigo,ADC,29,-8.265,-0.285,-0.7280872305597808,7.702,302.8,0,False,22.371,1.4332484282211684,-0.6984635623655197,0.2039197230283099,-0.4946783768183173,,,,-0.9498757821161944,,,-1.424102465081665,,
Americas,CBLOL,2023,full year (per-game derived),KaBuM! Esports,DudsTheBoy,ADC,12,-9.625,-0.8021,-0.7674847918182742,13.558,217.8,0,False,22.371,1.2624567800925506,-0.4188864418557279,-1.4315829450234585,-0.3980297404542317,,,,-1.357354339808185,,,0.5057664430376203,,
Americas,CBLOL,2023,full year (per-game derived),Vivo Keyd Stars,ST3PZ,ADC,12,-26.426,-2.2022,-1.254252953108154,8.931,217.8,0,False,22.371,1.353038153217617,-1.430185464525583,0.5095311612492958,-1.3302019090465922,,,,-1.7508277100565186,,,-1.6488623969759164,,
Americas,CBLOL,2023,full year (per-game derived),KaBuM! Esports,Guigs,Support,6,32.682,5.447,0.7982991677135977,13.062,187.8,0,False,9.333,0.6723596189455409,,1.407201653476704,,1.707391777325247,-0.7655772051336035,1.99733085491014,,,,,0.4067943024766977,0.1889827321238394
Americas,CBLOL,2023,full year (per-game derived),paiN Gaming,ProDelta,Support,33,31.828,0.9645,0.773572060640872,20.83,322.8,0,False,9.333,0.3758009892254577,,-0.8278235240924429,,1.5067836690033378,0.7821965270073983,1.064804118994574,,,,,0.4406858177219443,1.4945430162965103
Americas,CBLOL,2023,full year (per-game derived),RED Canids,frosty,Support,31,25.298,0.8161,0.5843731070498219,17.243,312.8,0,False,9.333,0.4977710351435433,,0.3470298003256822,,0.4120727293844093,1.1760370811956438,1.0661995726570634,,,,,0.4454438444509984,0.1644391128380721
Americas,CBLOL,2023,full year (per-game derived),Vivo Keyd Stars,Bounty,Support,6,17.271,2.8785,0.3518241786317637,10.601,187.8,0,False,9.333,0.412830891962292,,-0.5069256465410403,,0.6558852860175362,0.0140901268486361,0.4548343733057534,,,,,0.1938446143096953,1.1097378900063537
Americas,CBLOL,2023,full year (per-game derived),LØS,zay,Support,30,16.731,0.5577,0.3361671792118698,12.938,307.8,0,False,9.333,0.4524557943016467,,0.6421108000252288,,-1.0121964419725995,0.6884501578251812,0.6211662950653264,,,,,0.342757399777138,0.6550053274831293
Americas,CBLOL,2023,full year (per-game derived),Liberty,Cavalo,Support,22,14.669,0.6668,0.2764335046968785,11.524,267.8,0,False,9.333,0.5724273441441019,,0.9805972141422976,,1.0013604737549722,0.4650582517319633,-0.3014681799251793,,,,,0.6736472965500427,-0.8731885215188848
Americas,CBLOL,2023,full year (per-game derived),Fluxo,JoJo,Support,44,13.933,0.3167,0.2551007705712721,12.011,377.8,0,False,9.333,0.4708971789033564,,-0.1333312460756489,,-0.0453558960679263,-0.4399353293880294,0.5861164513748027,,,,,0.4415614722672455,0.9482594911680056
Americas,CBLOL,2023,full year (per-game derived),RED Canids,Kuri,Support,10,11.501,1.1501,0.1846453744271787,9.855,207.8,0,False,9.333,0.6930772265996822,,2.3680874252652937,,-0.4511007613413833,-1.0077838234280476,-0.95679647886146,,,,,0.6152666033309501,0.4690885001636112
Americas,CBLOL,2023,full year (per-game derived),LOUD,Ceos,Support,58,10.04,0.1731,0.142317962664008,9.791,447.8,0,False,9.333,0.5002560616840507,,0.91252209491389,,-1.223605006555647,-0.7648539295591532,0.1596508258897419,,,,,0.3009506078881019,1.2038581392584933
Americas,CBLOL,2023,full year (per-game derived),FURIA,zay,Support,18,10.033,0.5574,0.1421241400046044,9.587,247.8,0,False,9.333,0.4841776377720785,,0.0651141565935728,,-0.830852621978877,0.045970245468851,0.1604538025794729,,,,,0.5909660659739656,0.6852993811134338
Americas,CBLOL,2023,full year (per-game derived),FURIA,Ayu,Support,21,9.507,0.4527,0.1268740557482825,9.403,262.8,0,False,9.333,0.5274557604477731,,0.1497198074564333,,0.7032145727006239,-1.2929119087501044,-1.4287241971690825,,,,,0.3137542145933559,1.8783282876764316
Americas,CBLOL,2023,full year (per-game derived),KaBuM! Esports,scuro,Support,12,9.159,0.7633,0.1167971579998782,9.285,217.8,0,False,9.333,0.5501491612717639,,0.8365638870379829,,0.5607153149197982,1.1336058393464463,-1.4661087005510445,,,,,0.4930503122334763,-0.6622755323899363
Americas,CBLOL,2023,full year (per-game derived),Liberty,Wos,Support,13,6.705,0.5158,0.0456882723479349,8.566,222.8,0,False,9.333,0.4178131530903036,,-0.2052868942181311,,-1.160656011846308,1.6144483406382248,0.2218080978911767,,,,,-0.1788073278344551,-0.0047636019647309
Americas,CBLOL,2023,full year (per-game derived),INTZ,Nia,Support,47,6.223,0.1324,0.0317413152274643,7.473,392.8,0,False,9.333,0.3623257373294398,,-1.3544367205482222,,-0.1570363553366903,1.0261339644344454,1.3841252829911828,,,,,0.4454004431602179,-0.9166427156234253
Americas,CBLOL,2023,full year (per-game derived),Vivo Keyd Stars,Damage,Support,27,2.696,0.0999,-0.0704505553994526,6.273,292.8,0,False,9.333,0.3692525954781867,,-0.6251177452526085,,-0.500175232665181,0.7455077394022894,0.2205408875945235,,,,,-0.0808072009479377,-0.1602115355021315
Americas,CBLOL,2023,full year (per-game derived),LØS,Ranger,Support,18,-0.899,-0.0499,-0.1745901140597567,5.617,247.8,0,False,9.333,0.3779278619020453,,-0.4394955776865618,,0.4974644274646292,-0.9903405858047682,0.2704065208385887,,,,,0.0915318043140318,-0.4166038415995196
Americas,CBLOL,2023,full year (per-game derived),FURIA,RedBert,Support,8,-4.711,-0.5889,-0.2850558992615731,6.494,197.8,0,False,9.333,0.5029906944911396,,0.1131354575772243,,-0.4115975093074835,0.205455726944603,0.2601616250424278,,,,,-0.2426741580010331,-1.3648644101124563
Americas,CBLOL,2023,full year (per-game derived),RED Canids,scamber,Support,16,-5.875,-0.3672,-0.3187604002537923,4.218,237.8,0,False,9.333,0.4262939165738356,,0.0313015921247221,,0.6852652414994344,0.1471140502018616,-1.2321576205946116,,,,,-0.5554798645414779,-0.8546367202209044
Americas,CBLOL,2023,full year (per-game derived),Vivo Keyd Stars,Krastyel,Support,12,-7.35,-0.6125,-0.3614863155159094,4.738,217.8,0,False,9.333,0.5332462759182663,,0.6531762092690492,,1.2610037172331072,-0.1649284419116395,-1.8655280485414631,,,,,-0.0773552643492784,-1.6525261149393669
Americas,CBLOL,2023,full year (per-game derived),KaBuM! Esports,RedBert,Support,18,-12.707,-0.7059,-0.5167010107126959,1.329,247.8,0,False,9.333,0.3708050485246449,,-1.4396765097818789,,-0.2509789536529762,0.5769245616817454,0.3258852202980256,,,,,-0.3792323850705879,-1.6498426003429418
Americas,CBLOL,2023,full year (per-game derived),paiN Gaming,Damage,Support,33,-14.375,-0.4356,-0.5650203513990949,-2.784,322.8,0,False,9.333,0.3200904505891921,,-1.509844727788925,,-0.613729998484589,-0.5360091586280616,-1.0021174837448803,,,,,-0.0729352070450864,0.1626075035577592
Americas,CBLOL,2023,full year (per-game derived),Liberty,Momochi,Support,1,-59.552,-59.552,-1.8738936003331457,7.218,162.8,0,False,9.333,,,-1.4646215062226149,,-2.3338724200934355,-2.658652230123877,-0.5405832200450749,,,,,-4.208363391257979,-0.4045937874713435
Americas,CBLOL,2024,full year (per-game derived),FURIA,Destroy,Top,10,40.189,4.0189,1.01086030702872,18.659,207.8,0,False,11.839,1.33512806726373,2.177213573255446,,,,,,,,-0.0569503269174376,,,0.5419397410005612
Americas,CBLOL,2024,full year (per-game derived),RED Canids,fNb,Top,64,35.178,0.5497,0.8638345828965837,23.335,568.8,60,False,11.839,1.2418928453652949,0.7098995413239535,,,,,,,,1.822112749280465,,,0.5542004503724258
Americas,CBLOL,2024,full year (per-game derived),Vivo Keyd Stars,Guigo,Top,71,31.06,0.4375,0.7430001207747794,27.319,602.8,45,False,11.839,1.01270903923322,0.8099160520077854,,,,,,,,0.7238360342243886,,,0.696961670925225
Americas,CBLOL,2024,full year (per-game derived),paiN Gaming,Wizer,Top,69,19.021,0.2757,0.3897829380147848,16.247,634.8,66,False,11.839,1.1148160485030252,0.4826362264482818,,,,,,,,-0.0094763189642467,,,0.4952935461051199
Americas,CBLOL,2024,full year (per-game derived),LOUD,Robo,Top,64,17.9,0.2797,0.3568973046075716,16.84,593.8,58,False,11.839,0.894475431243981,-0.2780285985685663,,,,,,,,1.2314748649033789,,,0.4788468797990446
Americas,CBLOL,2024,full year (per-game derived),Liberty,Makes,Top,36,17.405,0.4835,0.3423861475766505,14.805,337.8,0,False,11.839,1.0382725446644698,1.3901181062472183,,,,,,,,-0.9411206754892488,,,0.0685631009670493
Americas,CBLOL,2024,full year (per-game derived),Fluxo,Kiari,Top,44,12.922,0.2937,0.2108478305564283,11.049,441.8,32,False,11.839,1.1429165058671005,-0.1032496168225651,,,,,,,,0.0884860765764711,,,0.5234556302210398
Americas,CBLOL,2024,full year (per-game derived),Los Grandes,SuperCleber,Top,44,11.839,0.2691,0.1790725683962589,11.839,377.8,0,False,11.839,1.182789427632237,-0.2202831169136255,,,,,,,,0.0833187733816122,,,0.5493425813837312
Americas,CBLOL,2024,full year (per-game derived),FURIA,Zzk,Top,35,0.256,0.0073,-0.1607822747711494,6.269,426.8,47,False,11.839,0.7534765500770645,-1.0942265011334809,,,,,,,,0.3975105255095653,,,0.3491753648522513
Americas,CBLOL,2024,full year (per-game derived),INTZ,Yupps,Top,18,-0.767,-0.0426,-0.1907841387670187,7.261,247.8,0,False,11.839,0.9475442869241868,-0.059524867854138,,,,,,,,-0.9616928798847664,,,0.0522349764486915
Americas,CBLOL,2024,full year (per-game derived),KaBuM! Esports,Lonely,Top,38,-1.625,-0.0428,-0.2159465251601286,6.071,419.8,36,False,11.839,1.0789782096734897,-0.7385431858289305,,,,,,,,-0.0124800665196363,,,0.1191478069141218
Americas,CBLOL,2024,full year (per-game derived),KaBuM! Esports,Betão,Top,6,-3.033,-0.5055,-0.257282428081688,5.4,223.8,18,False,11.839,0.8239682952959118,-0.8156119418482604,,,,,,,,0.1127185211559081,,,0.0313503789829638
Americas,CBLOL,2024,full year (per-game derived),FURIA,xyno,Top,8,-15.162,-1.8952,-0.6131418674433022,6.38,197.8,0,False,11.839,0.8466857441825548,-0.8164532487705681,,,,,,,,0.5283340466758911,,,-0.9656488800478998
Americas,CBLOL,2024,full year (per-game derived),INTZ,Tay,Top,18,-21.33,-1.185,-0.7941068172271305,-10.074,335.8,44,False,11.839,1.0694447674063567,-1.6377531358952444,,,,,,,,-0.5432115076811372,,,-0.2178940608377615
Americas,CBLOL,2024,full year (per-game derived),Fluxo,Forlin,Top,1,-57.818,-57.818,-1.8646377484013543,9.7,162.8,0,False,11.839,,0.1938907143527113,,,,,,,,-2.4628598162512083,,,-3.276969187086565
Americas,CBLOL,2024,full year (per-game derived),Liberty,Drakehero,Jungle,24,38.63,1.6096,0.9024616100117318,22.332,285.8,4,False,10.548,0.7930797708489099,-0.0159893142574329,0.9343506335450782,,,,,1.9626808695975095,0.7288042511617722,,,,
Americas,CBLOL,2024,full year (per-game derived),Vivo Keyd Stars,Disamis,Jungle,71,30.792,0.4337,0.6724860417522845,23.374,600.8,44,False,10.548,0.8393498597321043,0.4164654110730772,1.2741183889648613,,,,,0.6237756714798481,0.3755846954913515,,,,
Americas,CBLOL,2024,full year (per-game derived),Fluxo,Shini,Jungle,27,26.065,0.9654,0.533799851621928,17.701,292.8,0,False,10.548,0.6679601984791479,1.356291684186948,-1.1562014102125788,,,,,0.8494425349596181,1.085666597553725,,,,
Americas,CBLOL,2024,full year (per-game derived),Los Grandes,Seize,Jungle,44,16.42,0.3732,0.25082473661147,13.967,377.8,0,False,10.548,0.7389130501394868,1.772485187123379,0.1678985610698847,,,,,-0.2599177285310107,-0.677167073216373,,,,
Americas,CBLOL,2024,full year (per-game derived),Liberty,Levizin,Jungle,12,14.309,1.1924,0.1888902522138672,11.584,217.8,0,False,10.548,0.8984846536547464,1.4055128214119217,1.653215040285536,,,,,-1.758051808673668,-0.5451150441683206,,,,
Americas,CBLOL,2024,full year (per-game derived),INTZ,Yampi,Jungle,36,13.778,0.3827,0.1732996914572787,21.433,431.8,47,False,10.548,0.7155840061153022,0.386172947498466,0.1163317446304929,,,,,-0.1605993123985279,0.3512933860986838,,,,
Americas,CBLOL,2024,full year (per-game derived),Fluxo,Sting,Jungle,18,12.566,0.6981,0.1377345651609602,11.037,251.8,2,False,10.548,0.7140089160846886,-0.3259426006902456,0.4251956003740595,,,,,0.1984281094735804,0.2532571514864465,,,,
Americas,CBLOL,2024,full year (per-game derived),KaBuM! Esports,SCARY,Jungle,15,10.548,0.7032,0.0785349437976112,7.024,280.8,24,False,10.548,0.7034276657234635,-0.3207661187434454,0.1983714896525862,,,,,-0.1525922327983617,0.5891266370796658,,,,
Americas,CBLOL,2024,full year (per-game derived),FURIA,Wiz,Jungle,35,6.342,0.1812,-0.0448513123557335,8.337,332.8,0,False,10.548,0.6605694702748298,-1.0928032670481658,-0.0770321084274935,,,,,0.0623376648412656,0.9280924612114596,,,,
Americas,CBLOL,2024,full year (per-game derived),RED Canids,Aegis,Jungle,64,2.382,0.0372,-0.1610371021065768,8.775,591.8,57,False,10.548,0.6046939607775219,-0.5539560704355047,-1.191465326923706,,,,,-0.0676648047666152,1.168937793699519,,,,
Americas,CBLOL,2024,full year (per-game derived),FURIA,Mir,Jungle,10,-0.794,-0.0794,-0.2542333978922422,17.496,399.8,96,False,10.548,0.5507522770195488,-0.3812714076483886,-1.5380062617715815,,,,,1.320589380926708,-0.4182453030757067,,,,
Americas,CBLOL,2024,full year (per-game derived),paiN Gaming,CarioK,Jungle,69,-6.268,-0.0908,-0.4148405535738905,-0.573,634.8,66,False,10.548,0.5966849857509148,-1.4048412018856904,-0.4029902158085379,,,,,0.2983123331261935,-0.1498431297275272,,,,
Americas,CBLOL,2024,full year (per-game derived),KaBuM! Esports,Malrang,Jungle,29,-6.335,-0.2184,-0.4167982670546486,2.464,302.8,0,True,10.548,0.7307331066449325,-0.7155867814290825,1.2081656687639373,,,,,-0.9449410664055002,-1.2148308891479491,,,,
Americas,CBLOL,2024,full year (per-game derived),LOUD,Croc,Jungle,64,-15.046,-0.2351,-0.6723650607917735,-3.317,593.8,58,False,10.548,0.5501983992049374,-1.321429349480042,-1.2853387432958865,,,,,-0.2401921141150455,0.15749996372388,,,,
Americas,CBLOL,2024,full year (per-game derived),FURIA,StineR,Jungle,8,-25.323,-3.1654,-0.9739059988522748,3.295,197.8,0,False,10.548,0.6061561284883047,0.7956580603241865,-0.3266130608466432,,,,,-1.7316074967159942,-2.6330614981706484,,,,
Americas,CBLOL,2024,full year (per-game derived),LOUD,tinowns,Middle,64,16.728,0.2614,0.4083515282106166,19.104,593.8,58,False,10.202,2.4122918736641656,0.2241560374067296,1.6271231068409375,,,,,0.074028303664088,,,-0.0625373412431627,,
Americas,CBLOL,2024,full year (per-game derived),Liberty,Pilot,Middle,36,16.333,0.4537,0.3967651402799436,11.152,381.8,22,False,10.202,2.4592981947670887,-0.8466886311799233,1.710592193397743,,,,,-0.5765264386369017,,,1.968462115090612,,
Americas,CBLOL,2024,full year (per-game derived),Vivo Keyd Stars,Toucouille,Middle,8,14.401,1.8001,0.3400749041237916,11.051,197.8,0,True,10.202,1.5064591538360002,1.6314322265065664,-1.1224193993443827,,,,,1.2917417954718835,,,-1.094291309610154,,
Americas,CBLOL,2024,full year (per-game derived),Vivo Keyd Stars,Leleko,Middle,63,12.391,0.1967,0.2811113841606911,11.66,472.8,0,False,10.202,1.5952729060394977,-0.6601101244567075,0.4059373760991402,,,,,0.8636084278342682,,,0.1143310062232246,,
Americas,CBLOL,2024,full year (per-game derived),Fluxo,Fuuu,Middle,45,11.516,0.2559,0.2554490825653042,10.974,382.8,0,False,10.202,1.784833057457045,-0.0031961023595431,0.2502674916269434,,,,,0.2219373308082944,,,0.5758382062560666,,
Americas,CBLOL,2024,full year (per-game derived),FURIA,Tutsz,Middle,53,10.71,0.2021,0.231803320680497,11.836,458.8,18,False,10.202,1.5836952733291527,-0.2411077671894773,-0.1945558099214354,,,,,1.1821323834677984,,,-0.4726574814306636,,
Americas,CBLOL,2024,full year (per-game derived),KaBuM! Esports,Hauz,Middle,44,9.694,0.2203,0.2019923461689549,12.288,465.8,44,False,10.202,1.5775812428785174,1.7325288626535793,-1.1697967158481604,,,,,0.283038624550105,,,-0.0928989494190993,,
Americas,CBLOL,2024,full year (per-game derived),INTZ,Dioge,Middle,18,3.6,0.2,0.0232002885683728,7.805,247.8,0,False,10.202,1.6106907909052868,-1.4321872080613849,0.374705165769686,,,,,0.0271824874783099,,,1.1201971035181606,,
Americas,CBLOL,2024,full year (per-game derived),paiN Gaming,dyNquedo,Middle,69,0.832,0.0121,-0.0580221075493881,6.974,634.8,66,False,10.202,1.6245066762817832,-0.6797311068222474,0.2874568120894643,,,,,0.3020081249526252,,,-0.3895999584952628,,
Americas,CBLOL,2024,full year (per-game derived),Los Grandes,Envy,Middle,44,-0.832,-0.0189,-0.1068496139157746,5.471,466.8,60,False,10.202,1.4634842716893168,-0.3406252790524318,-0.7687635198813695,,,,,-0.0290857554592011,,,0.6579032593253902,,
Americas,CBLOL,2024,full year (per-game derived),INTZ,Aithusa,Middle,18,-24.388,-1.3549,-0.7979688372306343,-2.359,247.8,0,False,10.202,1.4296245603885025,1.1005754717497398,-1.307737705175594,,,,,-1.7807562721034818,,,-0.5277923165172455,,
Americas,CBLOL,2024,full year (per-game derived),RED Canids,Grevthar,Middle,64,-37.269,-0.5823,-1.1759074360623814,-18.379,567.8,45,False,10.202,1.3862523697369111,-0.4850463791949106,-0.0928089956529866,,,,,-1.8593090120277889,,,-1.7969543336978704,,
Americas,CBLOL,2024,full year (per-game derived),FURIA,Ayu,ADC,53,46.438,0.8762,1.0230747152175002,32.371,458.8,18,False,12.651,2.0094964365873142,0.6831412317819556,0.9866860805190262,0.4168046923248785,,,,1.626143689661972,,,0.6487616637440784,,
Americas,CBLOL,2024,full year (per-game derived),INTZ,NinjaKiwi,ADC,36,41.261,1.1461,0.8711613277088599,27.111,431.8,47,False,12.651,1.6221699017869289,0.6103384154429806,0.1036329321183474,0.3809984765627341,,,,1.772010258627853,,,0.3627653921436434,,
Americas,CBLOL,2024,full year (per-game derived),Vivo Keyd Stars,Smiley,ADC,71,24.726,0.3483,0.3860350422793698,21.01,512.8,0,True,12.651,1.4082808037713967,-0.2535966166023318,-0.2837347804468666,0.4069692876769646,,,,0.8506199054692384,,,0.6291863363125091,,
Americas,CBLOL,2024,full year (per-game derived),paiN Gaming,TitaN,ADC,69,23.518,0.3408,0.3505959537705567,20.582,616.8,57,False,12.651,1.4017173241587568,0.3035418071282565,-0.6564633573809242,1.2725792676347865,,,,-0.0889515553308357,,,1.4717079931782415,,
Americas,CBLOL,2024,full year (per-game derived),RED Canids,Brance,ADC,64,20.472,0.3199,0.2612445861346043,20.896,565.8,44,False,12.651,1.8021864830524927,0.609540966956297,0.5318973679130891,1.006445861653966,,,,-0.6173877722768744,,,0.8740169544408923,,
Americas,CBLOL,2024,full year (per-game derived),Fluxo,Kojima,ADC,18,12.906,0.717,0.0392415014982632,12.744,247.8,0,False,12.651,1.5929502762633811,0.3320811455880741,0.5438538619975928,-1.6128109516515186,,,,0.4068007384289894,,,0.0668336669647709,,
Americas,CBLOL,2024,full year (per-game derived),LOUD,Route,ADC,64,12.651,0.1977,0.0317700900279019,17.833,593.8,58,False,12.651,2.124065532433216,0.7271544104841864,1.2617919593908804,0.7595691249295442,,,,-1.0139817355017426,,,-0.2684935272513033,,
Americas,CBLOL,2024,full year (per-game derived),KaBuM! Esports,Netuno,ADC,44,5.081,0.1155,-0.1903233028665413,12.939,473.8,48,False,12.651,1.6971365810319012,-0.7718889172935187,0.8610540601771459,-0.1226516724338857,,,,-0.5201164486028708,,,0.0142278959908346,,
Americas,CBLOL,2024,full year (per-game derived),Los Grandes,brTT,ADC,18,3.733,0.2074,-0.2298832926783303,9.413,247.8,0,False,12.651,1.2793170577416575,-2.614113893147189,0.5543207611641526,-1.5100372881283737,,,,0.8749395420428546,,,0.1644458712754232,,
Americas,CBLOL,2024,full year (per-game derived),Fluxo,Trigo,ADC,27,0.0,0.0,-0.3394078481376991,8.111,375.8,56,False,12.651,1.239686641939727,-0.644560088373725,-0.4868246794976649,1.2636205875445212,,,,-0.9275947545171916,,,-0.1664466728700695,,
Americas,CBLOL,2024,full year (per-game derived),Los Grandes,Celo,ADC,26,-5.69,-0.2188,-0.5063357992502523,4.367,287.8,0,False,12.651,1.4416270377240246,0.2120275011869171,-0.0402780085290317,-0.8401161341158546,,,,-1.0802975596510591,,,-0.0655625946412238,,
Americas,CBLOL,2024,full year (per-game derived),Liberty,Leandrinn,ADC,12,-10.245,-0.8537,-0.6399806990572237,6.345,217.8,0,False,12.651,1.004163121443032,1.346268281239435,-2.5088431363393475,-0.4903925806330966,,,,-0.5319069664978786,,,-1.1501212587544127,,
Americas,CBLOL,2024,full year (per-game derived),Liberty,micaO,ADC,24,-24.465,-1.0194,-1.0571922746470088,-2.505,289.8,6,False,12.651,1.098987577263978,-0.5399342443913181,-0.8670930610863925,-0.9309786713646616,,,,-0.750277341852455,,,-2.5813217205334094,,
Americas,CBLOL,2024,full year (per-game derived),Vivo Keyd Stars,ProDelta,Support,71,26.437,0.3724,0.6626699712213235,21.759,578.8,33,False,7.026,0.4618880267793977,,-0.2321727688639598,,2.0742202364511293,0.8094463000144455,0.4757385266343604,,,,,0.1197488852150849,0.7157649125457693
Americas,CBLOL,2024,full year (per-game derived),paiN Gaming,Kuri,Support,69,14.904,0.216,0.3242915643910006,12.396,522.8,10,False,7.026,0.4930233259627056,,0.4798832483799395,,-0.9770979626073956,-1.2335446181449143,1.482983578169825,,,,,0.5534640917079094,1.3769071519507123
Americas,CBLOL,2024,full year (per-game derived),Los Grandes,sanghyeon,Support,44,14.767,0.3356,0.3202646760077312,11.533,377.8,0,False,7.026,0.4828197210013349,,-0.6036932658538734,,-0.6623462386545513,0.6238468529034414,1.6276475103269736,,,,,0.1185741471969261,0.7181001753035231
Americas,CBLOL,2024,full year (per-game derived),Liberty,Cavalo,Support,36,11.187,0.3107,0.2152273074726715,9.868,381.8,22,False,7.026,0.5012263076351471,,-0.2419099245668183,,1.495987245956516,0.9595848327511616,-0.4672796017454237,,,,,-0.3336064455128106,-0.0540843481427426
Americas,CBLOL,2024,full year (per-game derived),FURIA,zay,Support,16,10.188,0.6368,0.1859237348598313,9.842,315.8,48,False,7.026,0.5839256066348697,,0.3049000249281648,,0.2231861765343668,-0.7258178830046617,0.1345284118498766,,,,,0.6593344384244589,0.4527137393133924
Americas,CBLOL,2024,full year (per-game derived),RED Canids,JoJo,Support,29,9.001,0.3104,0.1511002325022145,9.314,390.8,44,False,7.026,0.5471253536227372,,1.5777454590571944,,-0.462981326200849,0.1432158505657351,-1.2228080759865263,,,,,0.6845195079951326,0.179748030166523
Americas,CBLOL,2024,full year (per-game derived),RED Canids,frosty,Support,35,7.026,0.2007,0.0931506739317816,9.895,394.8,31,False,7.026,0.4964562092836971,,0.4453039188839379,,0.4233939408728141,-0.0882188385109296,-0.6956988808238534,,,,,0.4029108837170787,0.07560055034767
Americas,CBLOL,2024,full year (per-game derived),Fluxo,scamber,Support,45,6.417,0.1426,0.0752971389257073,5.701,414.8,16,False,7.026,0.4599717627551501,,0.2503782447009212,,-0.0084308866150891,1.581603427519901,0.9945855407921924,,,,,0.0678789902925617,-1.932326558723853
Americas,CBLOL,2024,full year (per-game derived),INTZ,Damage,Support,36,1.155,0.0321,-0.0790997199896398,2.326,424.8,60,False,7.026,0.4991132440120954,,0.6768119769995632,,0.0912031841994757,0.1517754982347655,0.0709556354659316,,,,,0.1166875021458416,-1.2814456375846617
Americas,CBLOL,2024,full year (per-game derived),LOUD,RedBert,Support,64,-3.465,-0.0541,-0.2146502729891122,-0.594,511.8,26,False,7.026,0.4148838064241564,,-1.4174496618015406,,-1.4141465418608463,-0.6098767757096349,0.4458117877026876,,,,,0.3822841180452213,1.017450293953729
Americas,CBLOL,2024,full year (per-game derived),FURIA,JoJo,Support,35,-10.493,-0.2998,-0.4208525246176965,1.185,420.8,44,False,7.026,0.5174794759064575,,0.9835724171371896,,-1.097918769798042,-2.186601947122444,-1.4616755460829636,,,,,0.3028703355467185,0.6635401851671513
Americas,CBLOL,2024,full year (per-game derived),KaBuM! Esports,Ceos,Support,44,-15.749,-0.3579,-0.5750597624352103,-2.412,493.8,58,False,7.026,0.4081448923264651,,-2.2393535047867124,,-0.2665436556030346,0.5274115684060604,-0.2334866539618122,,,,,0.1218045840185905,-1.203164682634525
Americas,CBLOL,2024,full year (per-game derived),FURIA,uZent,Support,2,-21.312,-10.656,-0.7382630192806023,5.338,167.8,0,False,7.026,,,0.0159838357860061,,0.5814745973255055,0.0471757320970665,-1.1513022323412725,,,,,-3.196471038792708,-0.7288038116626905
Americas,CBLOL,2025,full year (per-game derived),FURIA,Guigo,Top,54,35.885,0.6645,0.8980929253005454,28.424,614.8,116,False,10.07,1.0226803959784876,1.164336158980757,,,,,,,,0.8281381356689428,,,0.7120551839401916
Americas,CBLOL,2025,full year (per-game derived),Isurus,Zamudo,Top,16,31.523,1.9702,0.7604073253892304,20.294,329.8,62,False,10.07,1.0422803847323672,0.6099315003232253,,,,,,,,0.0042619561521501,,,1.2272263500964529
Americas,CBLOL,2025,full year (per-game derived),Fluxo W7M,curty,Top,10,25.156,2.5156,0.5594184268545355,13.699,207.8,0,False,10.07,1.1960362392886033,2.0636196641004725,,,,,,,,-0.3651386315325448,,,-0.2510384679889216
Americas,CBLOL,2025,full year (per-game derived),Alpha7 Esports,Kiari,Top,11,19.952,1.8138,0.3951511387013775,11.745,332.8,76,False,10.07,1.2675482988715414,0.8664487031784017,,,,,,,,2.7660140847957515,,,-1.0681209350045395
Americas,CBLOL,2025,full year (per-game derived),Isurus,Summit,Top,26,19.446,0.7479,0.3791797705806271,19.1,316.8,58,False,10.07,0.7715785563578318,0.2629754343673565,,,,,,,,-0.2058284738316819,,,0.7401688840334435
Americas,CBLOL,2025,full year (per-game derived),Flamengo MDL,Makes,Top,10,19.236,1.9236,0.3725372250159515,13.595,279.8,36,False,10.07,1.159037866388138,0.74995927526865,,,,,,,,0.2846620058117227,,,0.1036806471747566
Americas,CBLOL,2025,full year (per-game derived),LOUD,Robo,Top,55,18.589,0.338,0.3521237941478272,16.473,618.8,122,False,10.07,0.8786883827253156,-1.1650288436572052,,,,,,,,0.3699662638327538,,,1.5853202843133414
Americas,CBLOL,2025,full year (per-game derived),Leviatan,Zothve,Top,38,1.551,0.0408,-0.185704225231508,5.417,347.8,0,False,10.07,0.975912919448927,-0.4793329854687223,,,,,,,,0.3412704584379713,,,-0.1849964594326415
Americas,CBLOL,2025,full year (per-game derived),RED Canids,fNb,Top,55,0.43,0.0078,-0.2210729138544773,10.585,591.8,95,False,10.07,1.259305270520217,-0.4547534496207915,,,,,,,,0.0364708449132068,,,-0.1469450931218949
Americas,CBLOL,2025,full year (per-game derived),Vivo Keyd Stars,Boal,Top,51,-1.29,-0.0253,-0.2753795130372596,3.134,444.8,32,False,10.07,1.0492467548460809,-0.5218578653227218,,,,,,,,-0.5135794989752296,,,0.0345573142590139
Americas,CBLOL,2025,full year (per-game derived),paiN Gaming,Wizer,Top,57,-3.944,-0.0692,-0.3591452570405129,6.233,646.8,135,False,10.07,1.1288382344818897,-0.6036953780267839,,,,,,,,-0.3567243831031606,,,-0.1601591916596333
Americas,CBLOL,2025,full year (per-game derived),Isurus,Burdol,Top,9,-5.352,-0.5947,-0.403573304128007,6.649,202.8,0,True,10.07,0.7269666654925888,-1.629184148616592,,,,,,,,-0.5886661506737694,,,0.6833323170652724
Americas,CBLOL,2025,full year (per-game derived),Isurus,ZOEN,Top,8,-15.582,-1.9478,-0.7264966553415194,4.884,197.8,0,False,10.07,0.8119563467137758,-0.1368978386548994,,,,,,,,-1.1735476755545124,,,-1.0056906779883026
Americas,CBLOL,2025,full year (per-game derived),Fluxo W7M,Hidan,Top,20,-41.529,-2.0765,-1.5455387373568177,-10.288,269.8,12,False,10.07,1.0617433955534392,-0.7265202268511742,,,,,,,,-1.4272989359415884,,,-2.2693901556865392
Americas,CBLOL,2025,full year (per-game derived),Isurus,Josedeodo,Jungle,59,34.996,0.5932,0.7908649072078351,27.743,452.8,0,False,14.187,1.0851011785685567,-0.4906200104178412,1.7205053535190191,,,,,1.2252632884348966,0.7083109972952657,,,,
Americas,CBLOL,2025,full year (per-game derived),Alpha7 Esports,Drakehero,Jungle,11,27.996,2.5451,0.56991375725988,21.427,264.8,28,False,14.187,0.9202834990712412,0.3021382044219026,0.5497835093421166,,,,,1.1499922054277505,0.2777411098477507,,,,
Americas,CBLOL,2025,full year (per-game derived),Vivo Keyd Stars,Disamis,Jungle,51,26.317,0.516,0.5168933837560159,23.456,598.8,115,False,14.187,0.9647750801576608,-0.1104570397460577,0.940894538726736,,,,,0.6781040624129855,0.5590319736304002,,,,
Americas,CBLOL,2025,full year (per-game derived),FURIA,Tatu,Jungle,54,23.256,0.4307,0.4202894997040476,19.91,427.8,0,False,14.187,0.9062091379571002,-1.011149997887186,0.8091166932799712,,,,,0.7318911195287175,1.151300183894688,,,,
Americas,CBLOL,2025,full year (per-game derived),LOUD,Gryffinn,Jungle,19,22.673,1.1933,0.4018830287596287,17.375,252.8,0,False,14.187,0.7865683629214729,0.8430828687927547,-1.3108094460149438,,,,,0.7272153224517841,1.3480433698089196,,,,
Americas,CBLOL,2025,full year (per-game derived),Fluxo W7M,Yampi,Jungle,10,19.025,1.9025,0.2867314637024735,20.616,326.8,83,False,14.187,0.8183266445502315,-1.0142461742651034,0.1996688914463902,,,,,0.9357545522847668,1.0257485853438404,,,,
Americas,CBLOL,2025,full year (per-game derived),paiN Gaming,CarioK,Jungle,57,14.674,0.2574,0.1493826236400778,8.693,646.8,135,False,14.187,0.8768477328113771,-0.4620702547086875,0.718735835030225,,,,,0.3332701811056593,0.0075947331331143,,,,
Americas,CBLOL,2025,full year (per-game derived),LOUD,Shini,Jungle,26,14.187,0.5457,0.1340191280048806,16.063,341.8,27,False,14.187,0.8204147883489404,0.5162423194870797,-0.2531408364011176,,,,,0.2136452353625487,0.0593297935710118,,,,
Americas,CBLOL,2025,full year (per-game derived),Fluxo W7M,Ganks,Jungle,16,14.025,0.8766,0.1288946023767884,14.133,237.8,0,False,14.187,0.8325989430256544,1.021878466245651,-0.1841095657353422,,,,,0.1692823713891078,-0.491472862392263,,,,
Americas,CBLOL,2025,full year (per-game derived),Flamengo MDL,Dizin,Jungle,10,5.259,0.5259,-0.1477924522606697,12.039,207.8,0,False,14.187,0.8640009441862752,0.0480785872654974,0.2671064425584449,,,,,-1.1797642739680012,0.2734094351013798,,,,
Americas,CBLOL,2025,full year (per-game derived),RED Canids,Aegis,Jungle,22,-1.753,-0.0797,-0.369145332870316,8.247,452.8,121,False,14.187,0.7354753182946204,-1.247940664636242,0.0403455708734382,,,,,-0.1614968451808757,-0.107489392537585,,,,
Americas,CBLOL,2025,full year (per-game derived),Leviatan,SCARY,Jungle,38,-2.869,-0.0755,-0.4043743924092912,4.402,401.8,39,False,14.187,0.7601961853114589,-1.2764461328270194,0.4085380609597595,,,,,-0.3090085723912674,-0.4405809253786376,,,,
Americas,CBLOL,2025,full year (per-game derived),RED Canids,Curse,Jungle,33,-9.647,-0.2923,-0.6183184949395285,2.006,322.8,0,False,14.187,0.7132519848070593,0.3517548630827012,-0.7766941048768988,,,,,-1.1356832349354804,-0.912651503028436,,,,
Americas,CBLOL,2025,full year (per-game derived),LOUD,Wiz,Jungle,10,-14.525,-1.4525,-0.7723117624777629,7.043,277.8,35,False,14.187,0.696306542574072,0.0696576287371697,-0.8288983518334365,,,,,-1.4883501637577738,-0.8416561630570114,,,,
Americas,CBLOL,2025,full year (per-game derived),Fluxo W7M,Drakehero,Jungle,4,-24.493,-6.1232,-1.0869299594540425,15.859,229.8,28,False,14.187,,2.460097336455408,-2.301042590874363,,,,,-1.8901152481648176,-2.6166593352323977,,,,
Americas,CBLOL,2025,full year (per-game derived),Leviatan,cody,Middle,23,44.916,1.9529,1.1590589763631949,23.148,272.8,0,False,7.288,1.5378727197706086,1.4898442803611684,0.6580559200996173,,,,,1.434367677768169,,,0.8648555743851762,,
Americas,CBLOL,2025,full year (per-game derived),Isurus,Mireu,Middle,35,28.868,0.8248,0.6525003855994157,18.634,332.8,0,True,7.288,1.3377270025973973,1.215529291842429,-0.141648375714736,,,,,1.5851004312346255,,,-0.6900159597633146,,
Americas,CBLOL,2025,full year (per-game derived),LOUD,tinowns,Middle,36,27.407,0.7613,0.6063971779957436,19.883,523.8,122,False,7.288,1.5856986530110435,0.6062476332827811,1.5525223833274815,,,,,-0.201366751310309,,,1.02329260049767,,
Americas,CBLOL,2025,full year (per-game derived),Isurus,Keine,Middle,11,25.986,2.3624,0.5615417480926229,12.12,212.8,0,False,7.288,1.0848583736757988,1.037394853652135,-1.1398474886529786,,,,,1.7268991086108143,,,-0.1789723357371076,,
Americas,CBLOL,2025,full year (per-game derived),Leviatan,Hauz,Middle,15,25.548,1.7032,0.5477000296593604,13.459,364.8,88,False,7.288,1.4669045852299292,0.9270020064243278,0.6413898668702636,,,,,-0.4959002262246398,,,1.8360149345513703,,
Americas,CBLOL,2025,full year (per-game derived),Flamengo MDL,Envy,Middle,10,20.93,2.093,0.401936450870949,7.737,324.8,73,False,7.288,1.4997879983507083,-1.3376545484514994,1.677161981879917,,,,,0.557903083636842,,,0.6024692405682908,,
Americas,CBLOL,2025,full year (per-game derived),paiN Gaming,Roamer,Middle,47,12.023,0.2558,0.120765445057058,13.676,516.8,62,False,7.288,1.195741597882561,0.3759481850305484,-0.2177939255014943,,,,,0.4083115354817285,,,-0.2810090571090543,,
Americas,CBLOL,2025,full year (per-game derived),Vivo Keyd Stars,Mireu,Middle,18,11.539,0.6411,0.1054893920235953,8.832,247.8,0,True,7.288,1.2046447081750855,1.4218739362113102,-0.7555379174944389,,,,,0.263028622200608,,,-0.6153531691007156,,
Americas,CBLOL,2025,full year (per-game derived),Vivo Keyd Stars,Kisee,Middle,33,7.787,0.236,-0.0129388933074415,7.543,322.8,0,False,7.288,1.2058158440484843,-0.2496237656780688,0.0925033551356403,,,,,-0.7951222253310218,,,1.438394941607655,,
Americas,CBLOL,2025,full year (per-game derived),LOUD,Jool,Middle,19,6.789,0.3573,-0.0444189130624005,7.101,252.8,0,False,7.288,1.2817989894504973,-0.1957501592887428,0.7570814310702669,,,,,0.1070733389235933,,,-0.9506468986826082,,
Americas,CBLOL,2025,full year (per-game derived),Fluxo W7M,Fuuu,Middle,30,4.741,0.158,-0.1090702881195372,7.284,397.8,45,False,7.288,1.4085570285880686,-0.0907064087408084,0.5789036100800163,,,,,-0.9746821852354596,,,0.6452177457035496,,
Americas,CBLOL,2025,full year (per-game derived),Isurus,Leza,Middle,13,2.054,0.158,-0.1938901699978723,5.761,222.8,0,False,7.288,1.054085718694662,0.0773738682930896,-1.1065439895045226,,,,,0.456269101091683,,,-0.649387740916686,,
Americas,CBLOL,2025,full year (per-game derived),paiN Gaming,dyNquedo,Middle,10,0.339,0.0339,-0.2480329615798665,6.185,411.8,135,False,7.288,1.2696878713531012,0.0254557480750488,0.453109333158493,,,,,-1.1756143669043273,,,0.3425455590495121,,
Americas,CBLOL,2025,full year (per-game derived),FURIA,Tutsz,Middle,54,-0.113,-0.0021,-0.2623001944391699,4.977,551.8,71,False,7.288,1.145358241224216,-0.4623503040878702,-0.1633661589682747,,,,,-0.2185574420658468,,,-0.2350579330037158,,
Americas,CBLOL,2025,full year (per-game derived),RED Canids,Kaze,Middle,27,-0.847,-0.0314,-0.2854578568270831,3.538,292.8,0,False,7.288,1.1125958647203031,-0.8420512772498379,-0.6709137002409408,,,,,0.7022426560382844,,,-1.0102329673326689,,
Americas,CBLOL,2025,full year (per-game derived),RED Canids,Mago,Middle,11,-14.927,-1.357,-0.729920651525986,1.547,212.8,0,False,7.288,0.9004091800098126,-0.725000194542948,-2.290282202592864,,,,,-0.6657213062779306,,,0.7178986510238956,,
Americas,CBLOL,2025,full year (per-game derived),Alpha7 Esports,random,Middle,11,-23.984,-2.1804,-1.0158062870406002,-0.793,212.8,0,False,7.288,1.1744821899508764,-1.38629924075615,0.7169977557002504,,,,,-1.974642661774092,,,-0.7606405148386025,,
Americas,CBLOL,2025,full year (per-game derived),RED Canids,Grevthar,Middle,17,-31.516,-1.8539,-1.2535533897619913,-15.293,415.8,109,False,7.288,0.912062420595012,-1.887233904376956,-0.6417918786516907,,,,,-0.7395883898627219,,,-2.0993726709026537,,
Americas,CBLOL,2025,full year (per-game derived),paiN Gaming,TitaN,ADC,57,35.157,0.6168,0.7773785988153348,25.63,637.8,126,False,11.339,1.561188164439601,0.5901706530378874,-0.7187950296601157,1.1352970523404768,,,,0.7550638942874864,,,2.15304980473075,,
Americas,CBLOL,2025,full year (per-game derived),RED Canids,Brance,ADC,28,29.232,1.044,0.5903503905408743,21.583,469.8,108,False,11.339,1.7454419702007673,1.2606385031097505,-0.0930677016641025,1.0744873134963828,,,,0.5609385237708814,,,0.185520147453951,,
Americas,CBLOL,2025,full year (per-game derived),Flamengo MDL,Trigo,ADC,10,22.358,2.2358,0.3733856549162841,12.302,288.8,54,False,11.339,1.6051606538874874,0.7966075313888844,-0.0321141008052933,-2.331163635639564,,,,1.5838872739806902,,,0.3365841818261958,,
Americas,CBLOL,2025,full year (per-game derived),FURIA,Ayu,ADC,54,19.127,0.3542,0.2713925888386308,22.02,551.8,71,False,11.339,1.6757369764862828,-0.6985672421267706,0.6202626308639597,-0.0506924340343217,,,,1.2848487752877884,,,-1.0657090188589484,,
Americas,CBLOL,2025,full year (per-game derived),Vivo Keyd Stars,Morttheus,ADC,51,15.196,0.298,0.1473141263336655,13.721,412.8,0,False,11.339,1.8430932919442395,0.856285319198557,0.536896470582744,0.0959452910259257,,,,-0.2996257847863843,,,0.1057442245475473,,
Americas,CBLOL,2025,full year (per-game derived),RED Canids,Rabelo,ADC,27,11.339,0.42,0.0255470259734971,11.339,292.8,0,False,11.339,1.5074430889203434,-0.5258352008236439,-0.1155438915946794,0.6496768434484002,,,,0.5981665639047584,,,-1.194503607481426,,
Americas,CBLOL,2025,full year (per-game derived),Leviatan,ceo,ADC,38,11.078,0.2915,0.0172984989528491,11.196,347.8,0,False,11.339,1.9924447164346888,0.8001786973559523,0.8942064765890644,0.1935857651745063,,,,-1.3344286819797873,,,1.2226092137903055,,
Americas,CBLOL,2025,full year (per-game derived),LOUD,Route,ADC,55,10.888,0.198,0.0113257046754604,14.019,618.8,122,False,11.339,2.123897651078408,0.69269954854696,1.4016289408548597,-0.4209339154205599,,,,-0.5044794289804928,,,-0.4675302045535232,,
Americas,CBLOL,2025,full year (per-game derived),Isurus,Snaker,ADC,59,-10.888,-0.1845,-0.6760679210710302,-3.141,452.8,0,False,11.339,1.4352148002468603,-1.449190049645813,0.1525901161530364,-0.1083063440007888,,,,-0.8428270257249353,,,-0.924157421319269,,
Americas,CBLOL,2025,full year (per-game derived),Alpha7 Esports,scuro,ADC,11,-12.16,-1.1055,-0.7162217810975818,5.267,212.8,0,False,11.339,1.0422400105558238,-1.2382263005741168,-2.44084837282313,0.7277249867427402,,,,-0.6364096327947683,,,-0.0931147714171507,,
Americas,CBLOL,2025,full year (per-game derived),Fluxo W7M,Marvin,ADC,30,-15.502,-0.5167,-0.8217028868779939,-1.74,307.8,0,False,11.339,1.3812701862066417,-1.084761459467657,-0.2052155384963508,-0.9656209231331984,,,,-1.1651344769652372,,,-0.2584925487184719,,
Americas,CBLOL,2025,full year (per-game derived),RED Canids,frosty,Support,55,44.558,0.8101,1.118301672764985,27.882,533.8,66,False,8.584,0.5163602650421686,,0.7815725134367082,,1.695120853995844,2.219786902157692,0.4823225322773614,,,,,0.8193145917045916,0.7930144489671671
Americas,CBLOL,2025,full year (per-game derived),Alpha7 Esports,Telas,Support,11,31.136,2.8305,0.6946131247299504,14.411,212.8,0,False,8.584,0.5947460061000295,,1.3696414714350829,,1.148995709987873,-0.3192767105530328,-0.0295862836170426,,,,,1.005525389767948,0.9328259620330892
Americas,CBLOL,2025,full year (per-game derived),FURIA,JoJo,Support,54,18.009,0.3335,0.2802451909697797,12.234,520.8,64,False,8.584,0.4597791398962635,,0.3080727387468051,,-0.6270039998712549,1.380386212916941,0.6255862384557667,,,,,0.2768423839402647,-0.1698809045019198
Americas,CBLOL,2025,full year (per-game derived),Isurus,Ackerman,Support,59,17.406,0.295,0.2612134718806137,14.331,452.8,0,False,8.584,0.5738222200039497,,1.690898484304295,,-0.2408990056003754,0.5272133548542933,0.25792158084328,,,,,-0.0614211138244237,-0.4329032810585861
Americas,CBLOL,2025,full year (per-game derived),Fluxo W7M,ProDelta,Support,10,17.232,1.7232,0.2557323368855536,18.339,382.8,104,False,8.584,0.5484204099481362,,1.1759251643608832,,1.155494148980771,-0.7886218583761966,-1.2047449766210567,,,,,1.8555004912241555,-0.476180691227077
Americas,CBLOL,2025,full year (per-game derived),paiN Gaming,Kuri,Support,57,16.231,0.2848,0.2241302919503913,13.798,590.8,79,False,8.584,0.384474043598064,,-0.4037889705109916,,-0.5660192866587599,-0.2007017877771501,2.2343891514454994,,,,,-0.2160628047976378,0.4423984183911886
Americas,CBLOL,2025,full year (per-game derived),LOUD,RedBert,Support,45,12.244,0.2721,0.0982938022975524,6.994,518.8,72,False,8.584,0.4683322026116004,,0.5697979503955034,,-0.7377120335911385,0.0270205979227439,0.3410676287801928,,,,,0.2032002364498212,0.1687695075220637
Americas,CBLOL,2025,full year (per-game derived),Leviatan,TopLop,Support,15,4.923,0.3282,-0.1328155448081822,7.404,232.8,0,False,8.584,0.4080780843921929,,-0.6860570336961894,,0.5210754265505176,-0.8495838407247376,-0.97350366701202,,,,,0.1829311765900476,0.7800326265929942
Americas,CBLOL,2025,full year (per-game derived),LOUD,Winsome,Support,10,0.24,0.024,-0.2806283752643804,7.98,288.8,51,False,8.584,0.3301014600669591,,-0.8722197723811584,,-1.2938833623244577,-0.319612455877355,-0.2903152223293919,,,,,0.5787763715423911,0.3546616767740754
Americas,CBLOL,2025,full year (per-game derived),Fluxo W7M,Guigs,Support,20,0.0,0.0,-0.2882118755970038,5.878,263.8,6,False,8.584,0.4707852152630931,,0.1299953926349595,,-0.685411633286509,-0.7319939950043923,0.0936065571521404,,,,,-1.1749692169260917,0.453958938358895
Americas,CBLOL,2025,full year (per-game derived),Flamengo MDL,Damage,Support,10,-3.472,-0.3472,-0.3978158481884726,4.358,306.8,63,False,8.584,0.3969627240955265,,-1.4480823615470426,,-0.4212572769561271,0.905459327613256,0.6636623201999282,,,,,-2.109051148506132,-0.0616639295854692
Americas,CBLOL,2025,full year (per-game derived),Leviatan,ProDelta,Support,23,-6.147,-0.2673,-0.482234038023114,12.175,447.8,104,False,8.584,0.4116608055748692,,-0.7969284351390411,,0.7247309770880501,-1.0954013568815684,-1.0604345676797913,,,,,-0.9304331804357392,0.1156030603229019
Americas,CBLOL,2025,full year (per-game derived),Vivo Keyd Stars,scamber,Support,2,-8.762,-4.381,-0.5647762994698965,6.393,273.8,61,False,8.584,,,-0.7447609208206079,,0.8488570066268952,0.4770530083262489,0.5464561462157501,,,,,-0.7399839109441143,-3.13397856087282
Americas,CBLOL,2025,full year (per-game derived),Vivo Keyd Stars,Trymbi,Support,49,-15.771,-0.3219,-0.7860479101277739,-6.229,402.8,0,True,8.584,0.3779732996449725,,-1.0740662212191971,,-1.5220875249413257,-1.231727398596755,-1.686427438110624,,,,,0.3098307342149446,0.2333427282834964
Americas,CBLOL,2026,full year (per-game derived),LØS,Zest,Top,61,51.866,0.8503,1.026642736379075,39.389,462.8,0,True,15.278,1.1533507088296806,-0.1350254871532713,,,,,,,,2.081430038901785,,,1.4976497817588548
Americas,CBLOL,2026,full year (per-game derived),FURIA,Guigo,Top,54,46.579,0.8626,0.862839990928937,34.719,606.8,125,False,15.278,0.9738541583559632,0.923463374735332,,,,,,,,1.099538489875347,,,0.7056488137480638
Americas,CBLOL,2026,full year (per-game derived),Vivo Keyd Stars,Boal,Top,16,39.679,2.4799,0.6490505055270758,16.049,339.8,51,False,15.278,1.298705489218084,1.8739044982368604,,,,,,,,-0.8188808482905275,,,0.3141387632270717
Americas,CBLOL,2026,full year (per-game derived),LOUD,xyno,Top,53,35.015,0.6607,0.5045621798975194,26.853,430.8,8,False,15.278,1.5293978358771343,-0.8608836577373231,,,,,,,,0.7469698988847464,,,1.5115598111500146
Americas,CBLOL,2026,full year (per-game derived),Vivo Keyd Stars,zekas,Top,6,27.692,4.6153,0.277645421267398,17.261,187.8,0,False,15.278,1.3418367142054448,1.1696425686679492,,,,,,,,0.4264406438670503,,,-0.5198046186965312
Americas,CBLOL,2026,full year (per-game derived),RED Canids,zynts,Top,31,20.649,0.6661,0.0594374683602008,17.939,312.8,0,False,15.278,1.0660585704815964,-1.0238241374011148,,,,,,,,0.3478516858585777,,,0.8146450469383788
Americas,CBLOL,2026,full year (per-game derived),Fluxo W7M,Zothve,Top,4,15.278,3.8195,-0.1069655638018526,11.168,253.8,38,False,15.278,,0.0674212268920434,,,,,,,,-0.650942284189087,,,-0.0023835196481157
Americas,CBLOL,2026,full year (per-game derived),paiN Gaming,Boal,Top,5,13.377,2.6754,-0.1658675311055553,9.178,284.8,51,False,15.278,1.179620397385888,-0.9895064574610984,,,,,,,,-0.342714568968353,,,0.5884038803957061
Americas,CBLOL,2026,full year (per-game derived),Vivo Keyd Stars,Wizer,Top,22,2.456,0.1116,-0.5042287839639387,7.862,450.8,126,False,15.278,1.0215437963920002,0.0692594296041036,,,,,,,,-0.7929960941556736,,,-0.842188544977912
Americas,CBLOL,2026,full year (per-game derived),paiN Gaming,Robo,Top,30,2.416,0.0805,-0.5054547440032893,12.378,481.8,119,False,15.278,1.019216392185545,-0.6530750520973176,,,,,,,,-0.0615199656143243,,,-0.5864630275577046
Americas,CBLOL,2026,full year (per-game derived),Leviatan,Devost,Top,41,-0.805,-0.0196,-0.6052657985613925,6.191,362.8,0,False,15.278,1.1189188298234671,0.8996234669006211,,,,,,,,-1.688408549462766,,,-1.3442012198933249
Americas,CBLOL,2026,full year (per-game derived),RED Canids,fNb,Top,20,-3.911,-0.1956,-0.7014978778433728,10.002,431.8,119,False,15.278,1.2997185230436323,-1.4880052530617085,,,,,,,,0.4757026577527451,,,-0.5930829961175155
Americas,CBLOL,2026,full year (per-game derived),Fluxo W7M,curty,Top,39,-6.797,-0.1743,-0.7908980030808058,4.262,372.8,10,False,15.278,0.9555086790866052,0.1470054798749202,,,,,,,,-0.8224711044595165,,,-1.5439221703269856
Americas,CBLOL,2026,full year (per-game derived),RED Canids,STEPZ,Jungle,31,34.209,1.1035,0.9740792368181704,18.003,312.8,0,False,2.088,0.922161745758998,0.050349156019176,0.7414163879176626,,,,,1.7318747858383996,1.3726766174974432,,,,
Americas,CBLOL,2026,full year (per-game derived),FURIA,Tatu,Jungle,52,29.482,0.567,0.8276235943536747,19.981,525.8,54,False,2.088,0.9745790686681988,-0.218873048821834,1.5164794277063236,,,,,0.9009059529005766,1.1119820456296328,,,,
Americas,CBLOL,2026,full year (per-game derived),Vivo Keyd Stars,Disamis,Jungle,33,18.333,0.5555,0.4821888442116087,16.588,495.8,122,False,2.088,0.8780487445355784,-0.2475021630773237,1.059072494858164,,,,,0.6591176121987727,0.4580674328668219,,,,
Americas,CBLOL,2026,full year (per-game derived),Fluxo W7M,Peach,Jungle,43,9.36,0.2177,0.2041899235459791,6.281,372.8,0,True,2.088,0.6717430359260465,-0.3888160335338935,-1.675773355329242,,,,,1.399912822658716,1.481436260388336,,,,
Americas,CBLOL,2026,full year (per-game derived),Vivo Keyd Stars,sarolu,Jungle,11,8.706,0.7915,0.1839446322861079,3.798,212.8,0,False,2.088,0.8994743598164286,0.8039913899794098,0.3918765796508473,,,,,-0.6416060008042791,0.1815165603184536,,,,
Americas,CBLOL,2026,full year (per-game derived),LOUD,YoungJae,Jungle,48,5.246,0.1093,0.0767156526946059,3.993,397.8,0,True,2.088,0.7583661617264987,-0.1208483533679329,-0.234656179193953,,,,,0.2787526884343789,0.3836144549059309,,,,
Americas,CBLOL,2026,full year (per-game derived),RED Canids,Curse,Jungle,20,3.711,0.1856,0.0291690091920197,0.198,323.8,33,False,2.088,0.8109994543987816,0.5289341843998334,0.3738355810340819,,,,,0.1489346079042804,-0.9350283365701167,,,,
Americas,CBLOL,2026,full year (per-game derived),paiN Gaming,CarioK,Jungle,31,0.465,0.015,-0.0714041267704968,3.312,495.8,126,False,2.088,0.7550754854165711,-0.6829221998179461,0.5984320160893891,,,,,-0.0849326332299406,-0.1161936901234898,,,,
Americas,CBLOL,2026,full year (per-game derived),LØS,Drakehero,Jungle,29,-0.465,-0.016,-0.1002080471392766,2.372,328.8,15,False,2.088,0.7114407346648015,-1.2513435948629656,0.8866570032802741,,,,,0.3476475897842773,-0.3837931867586925,,,,
Americas,CBLOL,2026,full year (per-game derived),FURIA,Luuukz,Jungle,2,-4.703,-2.3515,-0.2315315590132307,1.683,167.8,0,False,2.088,,2.85620867397777,-0.9118724124603046,,,,,-1.4841131190052033,-1.3863493785651853,,,,
Americas,CBLOL,2026,full year (per-game derived),LOUD,Sinatra,Jungle,5,-6.531,-1.3062,-0.2881412755679836,0.909,182.8,0,False,2.088,0.6925733979348663,-0.3053147105252083,-1.1861800752947829,,,,,-0.6345254817331891,0.9734551652812456,,,,
Americas,CBLOL,2026,full year (per-game derived),Leviatan,Booki,Jungle,41,-16.034,-0.3911,-0.5825680618280691,-8.151,362.8,0,False,2.088,0.6585505959480568,-1.1262871276714808,0.426859814659119,,,,,-0.6604577870144838,-0.9703871472854306,,,,
Americas,CBLOL,2026,full year (per-game derived),LØS,Curse,Jungle,32,-17.519,-0.5475,-0.6285860750185259,-8.103,383.8,33,False,2.088,0.6414603300614737,0.3970369213438967,-1.4023054684491374,,,,,-0.2093965191463352,-1.2996792338225276,,,,
Americas,CBLOL,2026,full year (per-game derived),paiN Gaming,Samkz,Jungle,4,-25.487,-6.3717,-0.8754717477645871,-1.013,177.8,0,False,2.088,,-0.2946130940415236,-0.5838418144684491,,,,,-1.7521145187859704,-0.8713175637624055,,,,
Americas,CBLOL,2026,full year (per-game derived),paiN Gaming,Keine,Middle,21,30.372,1.4463,0.6880785469241668,16.34,312.8,50,False,5.923,1.4203412078618498,-0.3349431232059508,0.9848620133976176,,,,,1.306222536029329,,,0.3708966173201414,,
Americas,CBLOL,2026,full year (per-game derived),LØS,Feisty,Middle,61,25.473,0.4176,0.5362930158890548,18.806,462.8,0,True,5.923,1.1867802217389216,-0.2820035064610345,0.3361597595633985,,,,,1.7485950158487291,,,-0.4912627031372633,,
Americas,CBLOL,2026,full year (per-game derived),Vivo Keyd Stars,Mireu,Middle,40,23.802,0.595,0.4845126761315848,17.773,445.8,53,False,5.923,1.092350343586605,0.7320910637525865,-1.0775088787968432,,,,,1.0543933597070918,,,0.8378642169425761,,
Americas,CBLOL,2026,full year (per-game derived),Leviatan,Enga,Middle,41,20.6,0.5024,0.3853054782748062,14.215,362.8,0,False,5.923,1.382377741886211,-0.4741767820666639,0.7669511197299985,,,,,0.3645748543815398,,,0.8979515675662897,,
Americas,CBLOL,2026,full year (per-game derived),Fluxo W7M,Hauz,Middle,9,19.561,2.1734,0.3531235809433317,10.866,276.8,59,False,5.923,1.743365843363344,0.0964616144335182,1.6518222033133363,,,,,-1.0927677700652418,,,1.7508010202582438,,
Americas,CBLOL,2026,full year (per-game derived),Fluxo W7M,cody,Middle,34,18.054,0.531,0.3064204397186589,16.237,373.8,23,False,5.923,1.5368391281256324,0.5866503484643613,1.0905003318359894,,,,,-0.3546407474170642,,,0.3574581277428676,,
Americas,CBLOL,2026,full year (per-game derived),RED Canids,Kaze,Middle,46,7.521,0.1635,-0.0199136199543131,5.927,441.8,27,False,5.923,1.1099701887166356,-0.2985724864797304,-0.2312708845009129,,,,,0.539296614751032,,,-0.4736131418005783,,
Americas,CBLOL,2026,full year (per-game derived),LOUD,Kaze,Middle,5,4.325,0.865,-0.118944338202731,4.211,236.8,27,False,5.923,0.947195674101338,1.29442747441928,-1.8054426142006748,,,,,1.0637064021966476,,,-1.841062210111264,,
Americas,CBLOL,2026,full year (per-game derived),RED Canids,Fuuu,Middle,5,3.288,0.6576,-0.1510615757906762,6.322,287.8,75,False,5.923,1.0180439251885622,2.239691097335008,-1.106124212558514,,,,,-0.8247603532170824,,,-0.4492595064889683,,
Americas,CBLOL,2026,full year (per-game derived),LOUD,Mago,Middle,12,1.117,0.0931,-0.2183393212584206,2.808,239.8,11,False,5.923,1.1794695795567216,-0.5405091354379119,0.3660879260944183,,,,,-0.9110829337337588,,,0.6883167840885619,,
Americas,CBLOL,2026,full year (per-game derived),FURIA,Tutsz,Middle,54,-0.372,-0.0069,-0.2644669309467649,2.36,588.8,107,False,5.923,1.020630533250735,-0.5601860750080973,-0.6975761438647959,,,,,-0.1466395734495111,,,0.2656997393109876,,
Americas,CBLOL,2026,full year (per-game derived),paiN Gaming,tinowns,Middle,14,-7.008,-0.5006,-0.4700638505219355,9.587,363.8,100,False,5.923,1.1549744629654135,0.0274267771889762,0.2787964473367115,,,,,-0.7939599476727566,,,-1.170105779633409,,
Americas,CBLOL,2026,full year (per-game derived),LOUD,Envy,Middle,36,-9.584,-0.2662,-0.5498846389410947,-1.016,401.8,54,False,5.923,1.1915634807994242,-0.4636205995388138,0.3770575223229028,,,,,-0.6763398429229387,,,-1.3500989070366405,,
Americas,CBLOL,2026,full year (per-game derived),Vivo Keyd Stars,Qats,Middle,4,-22.855,-5.7138,-0.9610594622656772,2.687,177.8,0,False,5.923,,-2.022736667395532,-0.9343145896726488,,,,,-1.2765976144360145,,,0.6064141749784253,,
Americas,CBLOL,2026,full year (per-game derived),paiN Gaming,Hena,ADC,5,24.166,4.8332,0.7188982964223288,7.521,215.8,33,False,2.394,2.3678382130569258,1.6119962065205116,1.2955851471250628,0.7174568588157627,,,,0.9752968747425316,,,-1.3263418279924777,,
Americas,CBLOL,2026,full year (per-game derived),Leviatan,ceo,ADC,22,22.526,1.0239,0.6680720303255243,10.754,343.8,38,False,2.394,1.7959771871667285,0.8701599520103599,-0.0477564379448797,0.6837049895744873,,,,0.9081364674164342,,,0.6260346342075829,,
Americas,CBLOL,2026,full year (per-game derived),RED Canids,Morttheus,ADC,29,18.55,0.6397,0.5448902406606897,11.406,404.8,51,False,2.394,1.9132324289170943,0.7321637096616901,0.5215789264502302,-0.8531027530285048,,,,1.4411525945081665,,,-0.2376692165974787,,
Americas,CBLOL,2026,full year (per-game derived),paiN Gaming,Trigger,ADC,25,14.142,0.5657,0.4083326958263476,7.586,282.8,0,True,2.394,1.5071110690349494,0.5341800423550276,-0.7297123817981002,0.9263034831844784,,,,0.3518720195987856,,,1.0295961610759992,,
Americas,CBLOL,2026,full year (per-game derived),Fluxo W7M,BAO,ADC,43,14.023,0.3261,0.4046389514589395,9.1,372.8,0,True,2.394,1.900906303636798,0.4887978559214209,0.6096317869847723,0.9611892940165108,,,,0.2755697749141259,,,-0.1506574838611154,,
Americas,CBLOL,2026,full year (per-game derived),Leviatan,Strensh,ADC,4,12.765,3.1912,0.3656622632428208,3.561,177.8,0,False,2.394,,0.8374046095180172,2.8220964569471825,-0.5826109930178811,,,,-1.1883163312636589,,,1.882210817163544,,
Americas,CBLOL,2026,full year (per-game derived),LOUD,Bull,ADC,48,6.515,0.1357,0.1720145195469512,4.88,397.8,0,True,2.394,1.479056062043763,0.4143763250280087,-0.337909251516872,-0.2259920156295124,,,,0.73501622025282,,,-0.4291708062820238,,
Americas,CBLOL,2026,full year (per-game derived),FURIA,Ayu,ADC,54,3.023,0.056,0.0638230484078342,9.716,588.8,107,False,2.394,1.589768671383474,0.3317147225257996,-0.152083386168296,0.1789297027793445,,,,-0.0117954019933471,,,0.0668726678971469,,
Americas,CBLOL,2026,full year (per-game derived),Leviatan,Snaker,ADC,15,1.766,0.1177,0.0249009383994844,-2.207,350.8,59,False,2.394,1.4232634106324686,-1.081655360818932,-0.3004511216163611,0.4033496665344331,,,,0.1920365151677264,,,0.702305521770253,,
Americas,CBLOL,2026,full year (per-game derived),LØS,Duduhh,ADC,61,1.646,0.027,0.0211679348728725,1.901,462.8,0,False,2.394,1.2284156265009272,-0.5227897776813266,-1.156071386160702,1.3785086594306812,,,,0.4951590737020063,,,-0.6814558184627136,,
Americas,CBLOL,2026,full year (per-game derived),Vivo Keyd Stars,ceo,ADC,23,-1.646,-0.0716,-0.0808273620001969,2.954,348.8,38,False,2.394,1.3850258341647297,-0.4127206559280605,-0.4552459173343764,0.6906437202859667,,,,-0.6297419007433415,,,1.0890711171477578,,
Americas,CBLOL,2026,full year (per-game derived),Vivo Keyd Stars,Morttheus,ADC,16,-2.392,-0.1495,-0.1039337623090987,5.11,339.8,51,False,2.394,1.594901641505797,-0.8134728226374358,0.312323604882144,0.3803061343073819,,,,-0.450390947723047,,,0.4846367013928987,,
Americas,CBLOL,2026,full year (per-game derived),Vivo Keyd Stars,Jeskla,ADC,5,-12.546,-2.5092,-0.4185378796763349,0.352,182.8,0,True,2.394,0.9514404647044208,-2.309675903497771,-1.0215869245073914,-1.1089675931459415,,,,1.1640662941599291,,,-0.7947804886858296,,
Americas,CBLOL,2026,full year (per-game derived),RED Canids,Rabelo,ADC,22,-19.648,-0.8931,-0.6385647789184159,-3.639,321.8,27,False,2.394,1.186234450876795,-0.5887018528414063,-1.021679349549311,0.1580905925688073,,,,-0.909942813821715,,,-0.4913679273193312,,
Americas,CBLOL,2026,full year (per-game derived),LOUD,Rabelo,ADC,5,-27.483,-5.4966,-0.8813176621672134,1.28,236.8,27,False,2.394,1.6094689290072604,0.8597100737512323,0.117921758186227,-1.4849569526622854,,,,-1.2706705338276347,,,-2.1419015667080794,,
Americas,CBLOL,2026,full year (per-game derived),paiN Gaming,Marvin,ADC,5,-40.003,-8.0006,-1.269219474092533,-6.392,242.8,30,False,2.394,1.163096191619744,-0.9514871238871307,-0.4566415239793288,-2.2228527940137246,,,,-2.0774479050897807,,,0.372617515253858,,
Americas,CBLOL,2026,full year (per-game derived),LØS,Ackerman,Support,61,26.648,0.4369,0.7617556961260455,18.643,580.8,59,False,4.099,0.6572893326316341,,1.9189457872594733,,-0.3081092552741935,-0.0640846773756441,0.8493053622369912,,,,,0.7422667811772554,1.298119282211122
Americas,CBLOL,2026,full year (per-game derived),RED Canids,Manel,Support,2,15.809,7.9045,0.4259301175861373,4.796,167.8,0,False,4.099,,,0.3904482484277378,,1.0998698819396855,1.5927121280857823,0.081653000433176,,,,,-2.968911432669653,1.973033126957304
Americas,CBLOL,2026,full year (per-game derived),LOUD,uZent,Support,22,12.151,0.5523,0.3125861104850458,7.193,269.8,2,False,4.099,0.4428209065742573,,-0.2272611535511617,,1.055576542517064,-0.1775802292877603,0.0831342415057158,,,,,-0.1000785901101166,1.0558979035662366
Americas,CBLOL,2026,full year (per-game derived),FURIA,JoJo,Support,54,11.548,0.2139,0.2939217736390139,10.571,564.8,83,False,4.099,0.5046099724132527,,0.9410992117332592,,-0.1767977674130515,0.017402758525549,0.9352302342954796,,,,,0.7178844160229706,-0.4782462143362957
Americas,CBLOL,2026,full year (per-game derived),RED Canids,frosty,Support,49,7.234,0.1476,0.1602514324982413,13.812,547.8,90,False,4.099,0.417203547253217,,-0.2258379327674691,,-0.5254812357993831,0.0699952421640014,0.8686101933224908,,,,,0.3514595438480402,0.3702605138770623
Americas,CBLOL,2026,full year (per-game derived),Leviatan,Shiku,Support,4,6.543,1.6358,0.1388439092613529,4.373,177.8,0,False,4.099,,,-0.3927326959975034,,-1.5154728142315343,2.2631076754843846,0.12441532030877,,,,,0.5037786962909655,-0.0922573991773011
Americas,CBLOL,2026,full year (per-game derived),paiN Gaming,Kuri,Support,30,5.11,0.1703,0.0944317122760946,8.744,490.8,126,False,4.099,0.4486663896543661,,0.2480522806283154,,-1.0944396868026487,-1.0951474058533794,1.860097711653988,,,,,0.2659762818697456,0.3245272161836566
Americas,CBLOL,2026,full year (per-game derived),Vivo Keyd Stars,Kaiwing,Support,39,3.087,0.0792,0.0317695925089109,3.539,352.8,0,True,4.099,0.4633086206261578,,0.6528547628505926,,0.2742860205388479,-0.6777620316986076,0.4342529328936462,,,,,0.2066484416331952,-0.5533761384295848
Americas,CBLOL,2026,full year (per-game derived),Leviatan,TopLop,Support,37,0.0,0.0,-0.0638747450403926,2.131,372.8,15,False,4.099,0.4282013821435937,,-1.0062771253881782,,2.226218008705205,-1.15579221806662,-0.9548482403924012,,,,,-0.2388322754855509,0.5842517553000733
Americas,CBLOL,2026,full year (per-game derived),paiN Gaming,Ceos,Support,5,-1.937,-0.3874,-0.1238874166990295,-3.625,277.8,95,False,4.099,0.4006469147243917,,0.6073423773111426,,-0.5385318820052695,0.3858942443979646,-1.9635528197097396,,,,,1.4037725583745926,-0.5353766661901003
Americas,CBLOL,2026,full year (per-game derived),Vivo Keyd Stars,scamber,Support,5,-5.404,-1.0808,-0.2312906997479462,3.302,231.8,47,False,4.099,0.3492405442022343,,-0.9215188691647768,,0.0547710041333732,0.7980342367678218,-1.1609447196862943,,,,,0.2238891815269691,-0.3518381656014054
Americas,CBLOL,2026,full year (per-game derived),Fluxo W7M,ProDelta,Support,9,-12.659,-1.4066,-0.4560847738042374,1.141,245.8,33,False,4.099,0.447557234619667,,-0.6826937757674877,,0.4452325531629476,-0.9153059741168,-0.5947661374909902,,,,,-0.1068394217522517,-0.7969256642495213
Americas,CBLOL,2026,full year (per-game derived),Fluxo W7M,Momochi,Support,34,-14.764,-0.4342,-0.5213005017990323,-5.683,327.8,0,False,4.099,0.4538876006574262,,0.7612366517990022,,-1.114846170829771,-0.2558677870869403,0.1339642116358451,,,,,-0.6194470977200834,-1.730534355233604
Americas,CBLOL,2026,full year (per-game derived),LOUD,RedBert,Support,31,-24.503,-0.7904,-0.8230522072902042,-4.864,466.8,109,False,4.099,0.3674896592787134,,-2.0636577673729484,,0.11772480135873,-0.7856059619397492,-0.6965512910066691,,,,,-0.3815670830060875,-1.0675351948776417
Americas,NACL,2023,full year (per-game derived),Team Ambition,Horder,Top,3,57.561,19.187,1.261259892479153,17.002,172.8,0,False,13.148,,1.9377556723163916,,,,,,,,1.020719774379746,,,0.8170997626575065
Americas,NACL,2023,full year (per-game derived),TSM Challengers,Hauntzer,Top,37,49.968,1.3505,1.056428687333498,33.017,342.8,0,False,13.148,1.730040254435083,-0.5223408980281374,,,,,,,,2.597351774434713,,,1.647729672128829
Americas,NACL,2023,full year (per-game derived),CB Gaming,PhenomEX,Top,5,47.972,9.5944,1.002573280553594,17.91,182.8,0,False,13.148,1.39565502120052,2.384659183366716,,,,,,,,-1.905498694406839,,,1.1936266214157825
Americas,NACL,2023,full year (per-game derived),Mirage Alliance,Viceera,Top,1,47.102,47.102,0.9790870424752476,14.191,162.8,0,False,13.148,,4.167486870271384,,,,,,,,0.0284214238450156,,,-1.197482989980577
Americas,NACL,2023,full year (per-game derived),Miracle,Lawrence,Top,8,44.152,5.519,0.8995203539373121,19.417,197.8,0,False,13.148,1.0824543749595117,0.969079220712064,,,,,,,,-0.5122659275316948,,,1.4843295908802454
Americas,NACL,2023,full year (per-game derived),Team Liquid First,Srtty,Top,42,43.347,1.0321,0.8778083598163855,30.389,367.8,0,False,13.148,1.7448395400533518,0.2332357494470932,,,,,,,,1.8819235646441408,,,0.9487699479240996
Americas,NACL,2023,full year (per-game derived),Dignitas Challengers,Hoon,Top,45,35.36,0.7858,0.6623116480569363,26.202,382.8,0,False,13.148,1.1567531435639624,-0.6853330167027178,,,,,,,,1.0636476409959104,,,1.5825045587971196
Americas,NACL,2023,full year (per-game derived),Maryville University,Niles,Top,61,35.326,0.5791,0.6614034449314603,27.763,462.8,0,False,13.148,1.1177596351665788,0.0224127628970305,,,,,,,,2.169023546653001,,,0.4989321385407481
Americas,NACL,2023,full year (per-game derived),CCG Esports,Qwacker,Top,8,33.101,4.1376,0.6013713902473784,17.182,197.8,0,False,13.148,1.144329736853424,0.4230260469672313,,,,,,,,-0.0468787306579307,,,1.041949453342639
Americas,NACL,2023,full year (per-game derived),Supernova,Dragoon,Top,18,31.466,1.7481,0.5572782233461463,19.8,247.8,0,False,13.148,1.2004232526123677,0.9473251502091908,,,,,,,,-1.0352195571726923,,,0.9620115470576728
Americas,NACL,2023,full year (per-game derived),Disguised,FakeGod,Top,50,30.649,0.613,0.5352415766536742,23.876,407.8,0,False,13.148,1.0564923653231302,-0.1907348301073747,,,,,,,,1.5607589137104638,,,0.66307802897781
Americas,NACL,2023,full year (per-game derived),Cincinnati Fear,Faisal,Top,48,28.506,0.5939,0.4774054750903041,22.413,397.8,0,False,13.148,1.3259601748565046,-0.8337751744702472,,,,,,,,1.5136932370462328,,,1.079149751114424
Americas,NACL,2023,full year (per-game derived),Winthrop University,Denathor,Top,25,27.976,1.119,0.4631304549668431,19.701,282.8,0,False,13.148,1.395273318048308,-0.0868580745743463,,,,,,,,0.1453372305362413,,,1.0575725356962715
Americas,NACL,2023,full year (per-game derived),Mirage Alliance,Allorim,Top,21,25.206,1.2003,0.3883774452064499,17.965,262.8,0,False,13.148,1.4806491804884998,-0.8600887831742348,,,,,,,,0.4382568060240628,,,1.3871773771462768
Americas,NACL,2023,full year (per-game derived),CLG Challengers,Jenkins,Top,38,24.967,0.657,0.3819304967475381,19.604,347.8,0,False,13.148,1.2648732648808567,-0.7190341841157722,,,,,,,,1.707169049019522,,,0.6803386209666175
Americas,NACL,2023,full year (per-game derived),Evil Geniuses Challengers,Srtty,Top,36,23.459,0.6516,0.3412544603368883,18.642,337.8,0,False,13.148,1.1871421770310626,0.3312364077525618,,,,,,,,-0.3654815958672465,,,0.6706947107259441
Americas,NACL,2023,full year (per-game derived),CCG Esports,Shockey,Top,10,23.061,2.3061,0.3305301681892896,15.533,207.8,0,False,13.148,1.3466595508610988,1.5780440391242998,,,,,,,,-0.3924225839477097,,,-0.3615481116043555
Americas,NACL,2023,full year (per-game derived),Team Ambition,Cozy,Top,15,20.811,1.3874,0.2698213129889856,15.616,232.8,0,False,13.148,1.383496325954137,0.8831873458839374,,,,,,,,-0.6200339556597647,,,0.1724560445516389
Americas,NACL,2023,full year (per-game derived),Wildcard Gaming,Zamudo,Top,43,18.884,0.4392,0.2178233690068497,16.456,372.8,0,False,13.148,1.0235713728118374,-0.0282818181917528,,,,,,,,-0.2274922276739953,,,0.6215983388424541
Americas,NACL,2023,full year (per-game derived),Cloud9 Challengers,FakeGod,Top,48,18.226,0.3797,0.2000712212756372,16.211,397.8,0,False,13.148,1.0556622295535256,-0.7062969819709656,,,,,,,,0.3957135465434026,,,0.8527168760829644
Americas,NACL,2023,full year (per-game derived),FlyQuest NZXT,Philip,Top,44,15.74,0.3577,0.1330187394152442,14.657,377.8,0,False,13.148,1.2126172143593648,-0.1462723080466118,,,,,,,,0.5041587128207146,,,0.1928296085179128
Americas,NACL,2023,full year (per-game derived),Team Liquid Challengers,Bradley,Top,96,15.729,0.1638,0.1327149165764788,15.09,637.8,0,False,13.148,1.1312033350705717,-0.1358288376830863,,,,,,,,0.1259879041221072,,,0.3554902666317465
Americas,NACL,2023,full year (per-game derived),Immortals Challengers,ADD,Top,37,15.704,0.4244,0.1320589735255715,14.527,342.8,0,False,13.148,1.0528942960674896,0.0917210400236349,,,,,,,,0.1846501989961987,,,0.1411576348132345
Americas,NACL,2023,full year (per-game derived),Supernova,Qwacker,Top,47,15.452,0.3288,0.125240493040852,14.526,392.8,0,False,13.148,1.240151959372491,0.6167900644042816,,,,,,,,-0.935262971271806,,,0.2051106002492543
Americas,NACL,2023,full year (per-game derived),Golden Guardians Challengers,Concept,Top,41,14.288,0.3485,0.0938357894161788,13.792,362.8,0,False,13.148,1.010939301662927,-0.4936289992009718,,,,,,,,1.060809469797288,,,0.1349553072024342
Americas,NACL,2023,full year (per-game derived),Cincinnati Fear,Philip,Top,49,14.182,0.2894,0.090974821854254,13.777,402.8,0,False,13.148,1.1762458638887066,-0.3629525603296981,,,,,,,,0.2056579110423114,,,0.4102412758283706
Americas,NACL,2023,full year (per-game derived),Team Fish Taco,Allorim,Top,15,13.148,0.8765,0.0630882333674382,13.148,232.8,0,False,13.148,1.191572854112784,-0.855868229411501,,,,,,,,0.6193617012866234,,,0.5621101265869406
Americas,NACL,2023,full year (per-game derived),LiT Esports,Dragoon,Top,19,12.57,0.6616,0.0474998416273785,12.931,252.8,0,False,13.148,1.141128777857768,0.67653548652049,,,,,,,,-0.8515480612324404,,,-0.0585075483488858
Americas,NACL,2023,full year (per-game derived),Team Fish Taco,Spawn,Top,2,12.053,6.0265,0.0335372808304778,13.083,167.8,0,False,13.148,,1.3075451486093677,,,,,,,,-0.5225991182623158,,,-0.7560435204918894
Americas,NACL,2023,full year (per-game derived),FlyQuest NZXT,Faisal,Top,48,4.46,0.0929,-0.1712978254586482,7.907,397.8,0,False,13.148,1.1889594996234416,-1.0512033353227987,,,,,,,,0.7065244858170472,,,0.1496147229412497
Americas,NACL,2023,full year (per-game derived),Team Ambition,Porsche,Top,20,4.332,0.2166,-0.1747517426169181,9.729,257.8,0,False,13.148,1.721551694472575,-0.5705747833354039,,,,,,,,0.4114565628400808,,,-0.1173548481458839
Americas,NACL,2023,full year (per-game derived),Team Fish Taco,s0ul,Top,6,3.597,0.5995,-0.1945666934328468,11.623,187.8,0,False,13.148,1.000051339329023,-0.1393590408661447,,,,,,,,-0.298728531019819,,,-0.1923903011751612
Americas,NACL,2023,full year (per-game derived),Mirage Alliance,Denathor,Top,3,2.185,0.7283,-0.2326795547802665,12.197,172.8,0,False,13.148,,0.7746823223999098,,,,,,,,0.0532157062030609,,,-1.1868371183746504
Americas,NACL,2023,full year (per-game derived),Team Fish Taco,lunacia,Top,32,1.345,0.042,-0.2553222928102067,7.206,317.8,0,False,13.148,1.1182902669617,-0.1451010475295868,,,,,,,,-0.7605773474744273,,,-0.1158419231924317
Americas,NACL,2023,full year (per-game derived),Native Gaming,Shockey,Top,10,0.327,0.0327,-0.2827821812484573,10.064,207.8,0,False,13.148,0.9981382046895118,-0.0021636787053154,,,,,,,,0.8053688616608109,,,-1.006993248287968
Americas,NACL,2023,full year (per-game derived),Winthrop University,Mabud,Top,7,-0.336,-0.048,-0.3006919127209094,10.701,192.8,0,False,13.148,0.9491898157816534,0.5202105310744272,,,,,,,,-0.8426910122943109,,,-0.7259761396564569
Americas,NACL,2023,full year (per-game derived),Wildcard Gaming,MooseHater,Top,41,-0.982,-0.024,-0.3181146420387664,5.165,362.8,0,False,13.148,1.0932809405358552,-0.2687825612188546,,,,,,,,1.3765635924848658,,,-1.128785542038527
Americas,NACL,2023,full year (per-game derived),Apex Mission Impossible,Dec0y,Top,17,-1.687,-0.0992,-0.3371279003072023,7.955,242.8,0,False,13.148,0.9898965460440976,0.0719000995089021,,,,,,,,0.1440256716855398,,,-0.8904933419716252
Americas,NACL,2023,full year (per-game derived),Evil Geniuses Challengers,s0ul,Top,53,-3.065,-0.0578,-0.3742954405805919,2.987,422.8,0,False,13.148,1.1725203957990662,-0.11771011860822,,,,,,,,-1.1372755062586004,,,-0.2374197650679832
Americas,NACL,2023,full year (per-game derived),100 Thieves Challengers,Tenacity,Top,2,-4.048,-2.024,-0.4008162882815533,12.123,167.8,0,False,13.148,,-0.6303752067842276,,,,,,,,0.0936969820100189,,,-0.4377741141846254
Americas,NACL,2023,full year (per-game derived),AOE Gold,Gamsu,Top,37,-4.46,-0.1205,-0.4119287953558698,3.646,342.8,0,False,13.148,1.2204938297718069,-1.437147129139777,,,,,,,,-0.983300273850538,,,0.6866005134194488
Americas,NACL,2023,full year (per-game derived),FLY FAM,lunacia,Top,36,-4.939,-0.1372,-0.424860401032901,3.511,337.8,0,False,13.148,1.0297920296028416,-0.3325396587282503,,,,,,,,0.1905078052391028,,,-0.7801083748603442
Americas,NACL,2023,full year (per-game derived),CLG Faith,Bejjaniii,Top,35,-6.239,-0.1783,-0.4599271829749317,2.955,332.8,0,False,13.148,1.0906494168166,0.2647292275740927,,,,,,,,-1.2084929036322107,,,-0.7125707367617341
Americas,NACL,2023,full year (per-game derived),100 Thieves Challengers,Sniper,Top,28,-8.194,-0.2926,-0.512666303899602,3.116,297.8,0,False,13.148,0.966238590333654,-0.6691848952153112,,,,,,,,-0.3679825026502961,,,-0.450371002481888
Americas,NACL,2023,full year (per-game derived),Kelyx's Grandpa Gamers,IamSunlight,Top,5,-8.249,-1.6498,-0.5141637458841699,10.222,182.8,0,False,13.148,1.1659078729302126,-0.3218819330686615,,,,,,,,-1.8834878348790904,,,-0.049065188644622
Americas,NACL,2023,full year (per-game derived),Miracle,Berik,Top,5,-9.451,-1.8902,-0.5465930235046956,10.058,182.8,0,False,13.148,1.3184867296710172,-0.2746896248675292,,,,,,,,-0.7424243507205075,,,-0.6800452009279174
Americas,NACL,2023,full year (per-game derived),CB Gaming,JJK,Top,6,-12.693,-2.1155,-0.6340474603217243,9.021,187.8,0,False,13.148,1.16442469548363,-1.8966450499855827,,,,,,,,-0.7770510150381665,,,0.4639885470016333
Americas,NACL,2023,full year (per-game derived),100 Thieves Challengers,Darshan,Top,10,-13.038,-1.3038,-0.6433630465574359,6.848,207.8,0,False,13.148,0.8296448990000602,0.0865395877837746,,,,,,,,-0.3358060219726337,,,-1.3803547585569729
Americas,NACL,2023,full year (per-game derived),AOE Gold,Concept,Top,40,-16.218,-0.4054,-0.7291378944389711,-3.265,357.8,0,False,13.148,0.8593879689134186,-0.8243386620049545,,,,,,,,-0.778203704524979,,,-0.6289437163913448
Americas,NACL,2023,full year (per-game derived),CB Gaming,Geiger,Top,4,-21.899,-5.4748,-0.8824175658905574,9.207,177.8,0,False,13.148,,-0.5833631645131411,,,,,,,,-0.9247112723677128,,,-1.1078740277097363
Americas,NACL,2023,full year (per-game derived),AOE Gold,Qwacker,Top,7,-24.569,-3.5099,-0.9544233042839082,6.302,192.8,0,False,13.148,0.8610779058007808,-1.2909471723149346,,,,,,,,-0.9524461440109316,,,-0.6799843032916943
Americas,NACL,2023,full year (per-game derived),LiT Esports,Livatious,Top,8,-36.119,-4.5149,-1.2660379237587278,3.187,197.8,0,False,13.148,1.0414612930910143,-0.2414632646007723,,,,,,,,-1.2623300644820454,,,-2.10601167183191
Americas,NACL,2023,full year (per-game derived),Mirage Alliance,Dardoch,Top,2,-63.125,-31.5625,-1.9945842711136,8.604,167.8,0,False,13.148,,-0.8633369340299646,,,,,,,,-0.3337901649774815,,,-3.6750566860620832
Americas,NACL,2023,full year (per-game derived),Miracle,Kaido,Jungle,3,136.466,45.4887,3.305245487767772,21.686,172.8,0,False,10.778,,3.685425014473089,2.698978800613832,,,,,2.331505895124626,4.50507224085954,,,,
Americas,NACL,2023,full year (per-game derived),Supernova,Hyper,Jungle,2,49.176,24.588,0.9503265026149204,13.066,167.8,0,False,10.778,,1.8039046498851337,-2.4626297610245054,,,,,1.886084239452799,2.573946882146253,,,,
Americas,NACL,2023,full year (per-game derived),Mirage Alliance,Wilson,Jungle,3,40.758,13.586,0.7232273539472784,13.38,172.8,0,False,10.778,,2.121799630806779,-0.6993036909508852,,,,,1.352192117092777,0.1182213588404425,,,,
Americas,NACL,2023,full year (per-game derived),CCG Esports,Munchy,Jungle,5,39.997,7.9994,0.70271098141242,14.773,182.8,0,False,10.778,0.9319618948495224,0.914411029667912,0.4080345940349235,,,,,0.8279912285736957,0.6604070733731487,,,,
Americas,NACL,2023,full year (per-game derived),Team Fish Taco,Dardoch,Jungle,15,35.141,2.3427,0.5716905311432431,18.626,232.8,0,False,10.778,0.8402943613194352,0.5220687058339557,0.3718458190923905,,,,,1.330792108537611,0.062055491109015,,,,
Americas,NACL,2023,full year (per-game derived),AOE Gold,Akaadian,Jungle,2,34.749,17.3745,0.5611347495858967,12.206,167.8,0,False,10.778,,-0.0854353360742589,1.221121520053186,,,,,0.453295468773553,0.6555573455911068,,,,
Americas,NACL,2023,full year (per-game derived),AOE Gold,Will,Jungle,38,32.156,0.8462,0.4911772020468876,22.455,347.8,0,False,10.778,0.963223512121546,-0.0251037205972116,1.4774538999638571,,,,,0.5085555345621016,0.0038030942588032,,,,
Americas,NACL,2023,full year (per-game derived),LiT Esports,Munchy,Jungle,8,31.747,3.9684,0.4801491057111966,15.018,197.8,0,False,10.778,1.006678565985585,0.877599145267534,0.8485872180394858,,,,,-0.5198195456355877,0.7142296051733543,,,,
Americas,NACL,2023,full year (per-game derived),Team Ambition,Sarcasm,Jungle,15,30.889,2.0593,0.4570056276198763,17.256,232.8,0,False,10.778,0.8318927937944858,-0.1500864141938398,0.5013821921649146,,,,,0.9915285504310444,0.4851981820773858,,,,
Americas,NACL,2023,full year (per-game derived),Wildcard Gaming,Keel,Jungle,84,29.222,0.3479,0.4120273435061807,24.184,577.8,0,False,10.778,0.8494631781541668,0.0042878082464681,0.8023844663322109,,,,,0.8522940197389225,-0.0108569202928786,,,,
Americas,NACL,2023,full year (per-game derived),LiT Esports,Kisno,Jungle,19,28.518,1.5009,0.393025130787607,17.444,252.8,0,False,10.778,1.096680440126062,-0.0638930830589223,1.8495793969935104,,,,,-0.7980989263264726,0.5845131355423124,,,,
Americas,NACL,2023,full year (per-game derived),Disguised,Tomio,Jungle,50,28.355,0.5671,0.3886220946617661,21.552,407.8,0,False,10.778,0.8744859390134476,0.1986292643988728,0.7269498690880497,,,,,0.4253357519290442,0.2035734932310975,,,,
Americas,NACL,2023,full year (per-game derived),Team Liquid Challengers,Mir,Jungle,96,27.97,0.2914,0.3782452380190427,23.716,637.8,0,False,10.778,0.8464233745963767,-0.2153287319436708,0.9001995205471565,,,,,0.8046878963177363,0.023422267154949,,,,
Americas,NACL,2023,full year (per-game derived),CB Gaming,Kolthro,Jungle,4,27.361,6.8402,0.3618280434750714,12.643,177.8,0,False,10.778,,-1.2507416707547994,0.5781443005279064,,,,,0.7966691004655444,1.3232404436616343,,,,
Americas,NACL,2023,full year (per-game derived),AOE Gold,winnie,Jungle,44,24.856,0.5649,0.294225846102023,18.975,377.8,0,False,10.778,0.797379226154486,0.4674072314038573,0.2552606597541716,,,,,0.6683117071490609,-0.2140762138989976,,,,
Americas,NACL,2023,full year (per-game derived),Winthrop University,Frost4,Jungle,7,23.673,3.3819,0.2623209401210208,13.118,192.8,0,False,10.778,0.8927440831933405,-0.3434465010440559,0.6746114941354401,,,,,-0.4511094727933235,1.1692282401860228,,,,
Americas,NACL,2023,full year (per-game derived),FLY FAM,Hyper,Jungle,18,21.752,1.2084,0.2104966506639576,14.763,247.8,0,False,10.778,0.6935785328549963,0.4470721047702858,-0.9341942462015628,,,,,1.1573111428557257,0.1717976012313818,,,,
Americas,NACL,2023,full year (per-game derived),Mirage Alliance,Chad,Jungle,24,19.651,0.8188,0.1538265755209505,14.61,277.8,0,False,10.778,0.7032187838500642,0.825652297362207,-1.4761768499412609,,,,,0.6160336075670916,0.6497972470957643,,,,
Americas,NACL,2023,full year (per-game derived),CCG Esports,Hyper,Jungle,5,16.441,3.2882,0.0672101826514449,11.552,182.8,0,False,10.778,0.6290890841714176,-0.5863526048108251,-1.1041112825013717,,,,,1.3697045639343328,0.5896000539836433,,,,
Americas,NACL,2023,full year (per-game derived),Supernova,Music,Jungle,47,15.903,0.3384,0.052688953325193,13.844,392.8,0,False,10.778,0.7715648887600737,-0.923498470636411,0.6373547074182825,,,,,0.0934061232813435,0.403493453237557,,,,
Americas,NACL,2023,full year (per-game derived),FlyQuest NZXT,Yuuji,Jungle,92,15.74,0.1711,0.0482996480576606,14.472,617.8,0,False,10.778,0.7970221576366151,-0.3010119721387836,0.8599366183016297,,,,,0.0365386022288865,-0.40226465616109,,,,
Americas,NACL,2023,full year (per-game derived),Cincinnati Fear,Perry,Jungle,97,14.147,0.1458,0.0053282375558737,13.32,642.8,0,False,10.778,0.7837047146393152,0.3887280361961125,0.1800718871993219,,,,,-0.363542121300259,-0.1839448518716804,,,,
Americas,NACL,2023,full year (per-game derived),CLG Challengers,Kevy,Jungle,38,12.895,0.3393,-0.0284539577550077,11.934,347.8,0,False,10.778,0.7372839553274104,0.0247554775951858,0.2919083034093008,,,,,0.1389288771479515,-0.5694084891724692,,,,
Americas,NACL,2023,full year (per-game derived),Cloud9 Challengers,Tomio,Jungle,48,12.712,0.2648,-0.0333921899218251,11.945,397.8,0,False,10.778,0.775072619947725,-0.2496209030832805,0.7531529835522934,,,,,-0.0929146962537583,-0.5441861439025553,,,,
Americas,NACL,2023,full year (per-game derived),TSM Challengers,Svenskeren,Jungle,37,10.778,0.2913,-0.0855499709736948,10.778,342.8,0,False,10.778,0.6806237593040885,0.652389421606463,-0.8106991295690893,,,,,0.2112796880176596,-0.3951698639498126,,,,
Americas,NACL,2023,full year (per-game derived),Team Ambition,Leemo,Jungle,23,10.732,0.4666,-0.0868067549750236,10.759,272.8,0,False,10.778,0.7468431787395852,0.3152744984895724,-0.0264906146932523,,,,,-0.3740786666416799,-0.2619322370547349,,,,
Americas,NACL,2023,full year (per-game derived),Maryville University,OddOrange,Jungle,61,8.863,0.1453,-0.1372088582028668,9.516,462.8,0,False,10.778,0.7447647714599968,-0.8322681985286047,0.5606024722020809,,,,,-0.3378276831176046,0.060657976632661,,,,
Americas,NACL,2023,full year (per-game derived),CLG Faith,Nxi,Jungle,35,7.919,0.2263,-0.1627010764231984,9.275,332.8,0,False,10.778,0.8100713251990098,-1.8178427518284348,1.5747548847973143,,,,,-0.6950913452350823,0.2873749065734089,,,,
Americas,NACL,2023,full year (per-game derived),Golden Guardians Challengers,RoseThorn,Jungle,41,7.585,0.185,-0.1716973704879776,8.974,362.8,0,False,10.778,0.7105313254424007,0.4887305933745414,-0.5814834991335213,,,,,-0.4716312012111562,-0.1224053749817742,,,,
Americas,NACL,2023,full year (per-game derived),Winthrop University,Wilson,Jungle,25,7.46,0.2984,-0.1750821316454741,9.312,282.8,0,False,10.778,0.695942226958376,0.6981437427583309,-0.8737664322143452,,,,,-0.3860178089050606,-0.1386880282208217,,,,
Americas,NACL,2023,full year (per-game derived),Miracle,LJX,Jungle,5,6.068,1.2136,-0.2126176827364416,10.134,182.8,0,False,10.778,0.8947439728047907,1.0444484532776788,0.6494845604774422,,,,,-2.238945346255421,-0.3054583984454667,,,,
Americas,NACL,2023,full year (per-game derived),Team Liquid First,Kaido,Jungle,42,5.959,0.1419,-0.2155642542307899,8.027,367.8,0,False,10.778,0.6701037257633343,-0.3442954336667488,-0.4778549227241461,,,,,-0.0948766663153218,0.054770005783057,,,,
Americas,NACL,2023,full year (per-game derived),CB Gaming,Kisno,Jungle,5,4.307,0.8614,-0.2601443428967415,9.893,182.8,0,False,10.778,0.6265370123232028,-1.225037263500755,-0.3745513376434248,,,,,0.2580263523277157,0.3009848772294978,,,,
Americas,NACL,2023,full year (per-game derived),Miracle,Rapid,Jungle,5,4.074,0.8148,-0.266423442833037,9.861,182.8,0,False,10.778,0.564246168555338,-0.9518701949907732,-0.5645945528765931,,,,,1.241171477363859,-0.7904005008286402,,,,
Americas,NACL,2023,full year (per-game derived),CB Gaming,Last Dance,Jungle,6,1.218,0.203,-0.3434765080823968,9.251,187.8,0,False,10.778,0.7198286892767479,0.705021290566659,-0.454874125818374,,,,,-1.23188446004152,-0.3921687370363522,,,,
Americas,NACL,2023,full year (per-game derived),Evil Geniuses Challengers,Sheiden,Jungle,71,0.574,0.0081,-0.3608313445335423,3.715,512.8,0,False,10.778,0.6874933369074783,-0.3851235552589408,-0.1888376995111816,,,,,-0.8001314024323783,-0.0692327209316685,,,,
Americas,NACL,2023,full year (per-game derived),Dignitas Challengers,eXyu,Jungle,45,-0.574,-0.0128,-0.3918233695753099,4.106,382.8,0,False,10.778,0.6312946602277115,-0.6676320706812934,0.1353905752590834,,,,,0.0051000556622009,-1.0401520385412306,,,,
Americas,NACL,2023,full year (per-game derived),Apex Mission Impossible,Regedice,Jungle,8,-1.388,-0.1735,-0.4137599227526337,8.318,197.8,0,False,10.778,0.5611834103023301,-1.6255041084927704,-0.7037711752570763,,,,,0.4827698389239194,0.1914657538153925,,,,
Americas,NACL,2023,full year (per-game derived),Native Gaming,Fanatiik,Jungle,10,-1.621,-0.1621,-0.4200475179323426,7.795,207.8,0,False,10.778,0.6324614762596751,-0.92455109170586,0.2337824150268503,,,,,-0.1052091395340017,-0.884212255516359,,,,
Americas,NACL,2023,full year (per-game derived),Team Fish Taco,RoseThorn,Jungle,40,-2.348,-0.0587,-0.4396787227551035,3.442,357.8,0,False,10.778,0.6525460512193275,0.1000916205647634,-0.8825404215799383,,,,,-0.8371850828737515,-0.1390810071314879,,,,
Americas,NACL,2023,full year (per-game derived),Evil Geniuses Challengers,Armao,Jungle,18,-3.0,-0.1667,-0.4572661416742458,5.775,247.8,0,False,10.778,0.611338359441514,-0.8882941977974544,-0.0242125607288994,,,,,-0.0534611969635188,-0.8630966112071103,,,,
Americas,NACL,2023,full year (per-game derived),FLY FAM,Goo,Jungle,10,-5.293,-0.5293,-0.519118610510362,6.912,207.8,0,False,10.778,0.6491012827109383,-0.4677935646695603,0.0769445160378412,,,,,-0.7683492028453722,-0.9172761905643564,,,,
Americas,NACL,2023,full year (per-game derived),100 Thieves Challengers,Yukino,Jungle,40,-6.486,-0.1621,-0.5512946012657376,1.129,357.8,0,False,10.778,0.553196757191082,0.3256023488281896,-1.6169940817499773,,,,,0.1135512699803174,-1.02733794212148,,,,
Americas,NACL,2023,full year (per-game derived),Apex Mission Impossible,Hyphe,Jungle,9,-7.52,-0.8356,-0.5791913358515721,6.719,202.8,0,False,10.778,0.6143225673299413,-0.4397915466506706,-0.788138838746971,,,,,-0.8248308450903745,-0.2640041129182723,,,,
Americas,NACL,2023,full year (per-game derived),Immortals Challengers,Chad,Jungle,37,-8.515,-0.2301,-0.6060338297408855,0.367,342.8,0,False,10.778,0.5944027185345307,-0.350372666024116,-0.4762233292321045,,,,,-0.5150166395146837,-1.082522684192638,,,,
Americas,NACL,2023,full year (per-game derived),Kelyx's Grandpa Gamers,RBM,Jungle,5,-8.989,-1.7978,-0.6188337124403054,8.075,182.8,0,False,10.778,0.6085227453646902,1.2968780531203918,-1.4559296166407856,,,,,-1.0821356674109126,-1.2341476188299152,,,,
Americas,NACL,2023,full year (per-game derived),CCG Esports,Dragonmin,Jungle,8,-28.821,-3.6026,-1.1538545371567268,2.772,197.8,0,False,10.778,0.541954719496364,-1.7256255298131589,0.4620538254206959,,,,,-1.691973785103584,-1.659872659130861,,,,
Americas,NACL,2023,full year (per-game derived),Supernova,Kisno,Jungle,16,-32.937,-2.0586,-1.264903972403451,-3.926,237.8,0,False,10.778,0.5434884132822472,-0.1762034984795108,-1.4425665843534872,,,,,-2.552375003384757,-0.8884708033960489,,,,
Americas,NACL,2023,full year (per-game derived),FLY FAM,Maniac,Jungle,8,-34.796,-4.3495,-1.3150562665406031,1.564,197.8,0,False,10.778,0.4803951353245588,-0.8915953380692258,-1.3100267473504474,,,,,-1.6665593122539382,-1.3920436684888016,,,,
Americas,NACL,2023,full year (per-game derived),Team Liquid Challengers,Haeri,Middle,18,52.298,2.9054,1.203226270943016,25.822,247.8,0,False,10.725,1.2862178002869418,1.2221666600996537,-0.6805299846174275,,,,,2.29427071257592,,,1.2275000681377772,,
Americas,NACL,2023,full year (per-game derived),CCG Esports,Yunbee,Middle,8,41.671,5.2089,0.9165440119582148,16.982,197.8,0,False,10.725,1.270919657155961,0.9891070116833226,-0.3826890171123157,,,,,1.8324949427715025,,,0.5979144079708837,,
Americas,NACL,2023,full year (per-game derived),Miracle,rovex,Middle,5,36.133,7.2266,0.7671345878736268,14.199,182.8,0,False,10.725,1.695168453624012,-0.3049024016000471,1.1294451152019431,,,,,0.602241513725289,,,1.754991737504539,,
Americas,NACL,2023,full year (per-game derived),FlyQuest NZXT,Spirax,Middle,92,26.944,0.2929,0.5192218279018169,22.801,617.8,0,False,10.725,1.408519812232205,0.9909121969449484,0.2396666733305111,,,,,0.5036366778509497,,,0.353521726105891,,
Americas,NACL,2023,full year (per-game derived),Team Fish Taco,RobbyBob,Middle,10,26.212,2.6212,0.4994726966332238,14.451,207.8,0,False,10.725,1.4247129513181045,1.5880313175187493,0.3637989475889956,,,,,0.6253025523598278,,,-0.665719632717089,,
Americas,NACL,2023,full year (per-game derived),Immortals Challengers,Bolulu,Middle,27,25.719,0.9526,0.4861854033289632,17.637,292.8,0,False,10.725,1.714396303131415,0.1729503361830754,1.273317732470731,,,,,0.4401870724783183,,,0.0895534290654697,,
Americas,NACL,2023,full year (per-game derived),100 Thieves Challengers,PrettyGRE,Middle,40,24.493,0.6123,0.4530970445477369,18.42,357.8,0,False,10.725,1.3465651504463398,0.0616265846731415,0.2918159938663333,,,,,0.3945840139722248,,,1.1046803371583658,,
Americas,NACL,2023,full year (per-game derived),Supernova,Onat,Middle,18,23.956,1.3309,0.4386132998907014,15.53,247.8,0,False,10.725,1.5623252585906622,-1.1870510975435264,1.4602061620977076,,,,,0.8394938731497278,,,0.3656142038030135,,
Americas,NACL,2023,full year (per-game derived),Cloud9 Challengers,EMENES,Middle,20,23.702,1.1851,0.431773694463255,15.758,257.8,0,False,10.725,0.8643214959477641,1.4197261137601354,-3.092206284799535,,,,,1.9834796752771249,,,0.35054033040166,,
Americas,NACL,2023,full year (per-game derived),Cloud9 Challengers,Diplex,Middle,28,23.558,0.8414,0.4278720767539592,16.757,297.8,0,False,10.725,1.55114663112687,0.9690834786608205,0.5235100204260953,,,,,0.2725447324396046,,,0.0531337492659156,,
Americas,NACL,2023,full year (per-game derived),Immortals Challengers,Ablazeolive,Middle,4,22.938,5.7345,0.4111628270645907,12.098,177.8,0,False,10.725,,0.667059485972006,0.2004874299376683,,,,,0.0317854379538337,,,1.0063397257134703,,
Americas,NACL,2023,full year (per-game derived),AOE Gold,DARKWINGS,Middle,84,22.498,0.2678,0.3992785540533852,19.282,577.8,0,False,10.725,1.3870434150853486,0.7839270937152578,0.2564689485673698,,,,,0.1756588821389965,,,0.5349237401294196,,
Americas,NACL,2023,full year (per-game derived),CB Gaming,Nemesis9,Middle,5,21.404,4.2808,0.3697693528780427,12.185,182.8,0,False,10.725,1.340181515690694,-0.8230765237069422,0.7757270567716432,,,,,0.6291851872855575,,,0.7186345712464329,,
Americas,NACL,2023,full year (per-game derived),Mirage Alliance,Sudzzi,Middle,24,19.479,0.8116,0.3178312886304806,14.506,277.8,0,False,10.725,1.2255086902323158,0.8331140586529885,0.0031613722520026,,,,,1.1299837284072871,,,-1.2533554577843538,,
Americas,NACL,2023,full year (per-game derived),CLG Challengers,Copy,Middle,38,19.055,0.5014,0.3064054344869107,15.275,347.8,0,False,10.725,1.1170497082814637,-0.6794434601785372,-0.4184088220271466,,,,,1.0982304963870098,,,0.6809947888619889,,
Americas,NACL,2023,full year (per-game derived),Wildcard Gaming,Soligo,Middle,84,18.744,0.2231,0.2980187134294529,16.554,577.8,0,False,10.725,1.3168580949216095,0.2298505610963092,0.450082315065174,,,,,0.8581546511594975,,,-0.7313251369185046,,
Americas,NACL,2023,full year (per-game derived),Team Liquid Challengers,APA,Middle,78,18.493,0.2371,0.2912536335968821,16.255,547.8,0,False,10.725,1.279622865286401,0.0659958123224814,0.0027403839677607,,,,,0.014425222760293,,,1.272380912780456,,
Americas,NACL,2023,full year (per-game derived),Golden Guardians Challengers,Young,Middle,41,17.101,0.4171,0.2536788824121481,14.327,362.8,0,False,10.725,1.3540884623895546,-0.1067492646711623,0.5001490256170835,,,,,0.3191699816910636,,,0.2569878344633777,,
Americas,NACL,2023,full year (per-game derived),Immortals Challengers,Yusui,Middle,6,16.649,2.7748,0.2414848589360767,11.671,187.8,0,False,10.725,1.1176166782650965,-2.4349045428154623,0.9639682429557488,,,,,1.536941491109947,,,0.0086274640050499,,
Americas,NACL,2023,full year (per-game derived),Evil Geniuses Challengers,Ryoma,Middle,79,16.004,0.2026,0.2240857584502449,14.497,552.8,0,False,10.725,1.2504306277633772,1.4619464993746252,-0.7514881124887856,,,,,-0.1316350902253621,,,0.562629000562,,
Americas,NACL,2023,full year (per-game derived),Dignitas Challengers,Insanity,Middle,45,13.709,0.3046,0.1621787098807853,12.479,382.8,0,False,10.725,1.1116346010582827,1.1953124017195098,-0.5237697537173206,,,,,0.1901816532571278,,,-0.2319472814593337,,
Americas,NACL,2023,full year (per-game derived),Team Liquid First,Aspect,Middle,42,11.899,0.2833,0.1133554285216213,11.395,367.8,0,False,10.725,1.2854691844992856,0.0048931600071578,0.1405589041975181,,,,,-0.5271508018287784,,,1.2756246413253842,,
Americas,NACL,2023,full year (per-game derived),Cincinnati Fear,shochi,Middle,97,11.766,0.1213,0.1097614942437129,11.51,642.8,0,False,10.725,1.3951324565392602,1.3845353468723711,0.0218123406671509,,,,,-0.601238933911599,,,0.1229787504249499,,
Americas,NACL,2023,full year (per-game derived),Team Ambition,Kachu,Middle,34,11.063,0.3254,0.090796189688071,10.9,327.8,0,False,10.725,1.2206299518917128,0.5959686917768697,-0.0629474321480591,,,,,0.1154855635453048,,,-0.302230441274492,,
Americas,NACL,2023,full year (per-game derived),Team Ambition,Town,Middle,4,10.387,2.5968,0.0725696919915207,10.687,177.8,0,False,10.725,,-0.3092020243057286,1.6233693879164022,,,,,0.0820854730594107,,,-1.1132457285832886,,
Americas,NACL,2023,full year (per-game derived),Mirage Alliance,Nemesis9,Middle,3,8.553,2.851,0.0230941031378446,10.536,172.8,0,False,10.725,,-1.7946912874468477,1.3172157305974457,,,,,-0.9127894869972866,,,2.125701515048221,,
Americas,NACL,2023,full year (per-game derived),Apex Mission Impossible,Ariendel,Middle,17,7.256,0.4268,-0.0119146258961282,9.511,242.8,0,False,10.725,1.1002573526942367,0.0076002206225044,-0.8250207033101875,,,,,0.1020955657225224,,,0.5896355437007852,,
Americas,NACL,2023,full year (per-game derived),CB Gaming,Klexo,Middle,10,6.038,0.6038,-0.0447795241909249,9.597,207.8,0,False,10.725,0.941979269671895,-0.8102459006604533,-0.5879979776184131,,,,,0.9613026725147124,,,-0.4338690448268977,,
Americas,NACL,2023,full year (per-game derived),Maryville University,Getback,Middle,61,5.415,0.0888,-0.0615850333150007,7.226,462.8,0,False,10.725,1.2518452681484944,-0.8543152536292676,0.6154560127402179,,,,,-0.3152249967013229,,,0.4818710547484093,,
Americas,NACL,2023,full year (per-game derived),CLG Faith,Seranok,Middle,18,4.804,0.2669,-0.0780476176681077,8.575,247.8,0,False,10.725,1.4023590924867344,-0.4566927690207864,0.9550450945542186,,,,,-0.5009009423501295,,,-0.0193030190707813,,
Americas,NACL,2023,full year (per-game derived),Team Fish Taco,Onat,Middle,40,2.592,0.0648,-0.1377360623599199,6.179,357.8,0,False,10.725,1.333631779021347,0.1466693750885337,0.3134568662154026,,,,,-0.0979335620729028,,,-0.940723173794778,,
Americas,NACL,2023,full year (per-game derived),Kelyx's Grandpa Gamers,omly,Middle,5,2.336,0.4672,-0.1446432702174412,9.578,182.8,0,False,10.725,1.5416006077838726,-0.8485536787864629,1.5385879734705736,,,,,-1.348981751348957,,,0.90788554343514,,
Americas,NACL,2023,full year (per-game derived),Supernova,RobbyBob,Middle,47,2.244,0.0477,-0.1471139740891693,5.652,392.8,0,False,10.725,1.1866974470628655,0.5754064358375272,-0.089395269774271,,,,,-0.3960113105733193,,,-0.5073002554012634,,
Americas,NACL,2023,full year (per-game derived),Native Gaming,Messages,Middle,10,-0.748,-0.0748,-0.2278426106902028,7.965,207.8,0,False,10.725,1.419412698731831,0.55378695971881,0.7229655845200207,,,,,-1.53034011566414,,,0.2375818879713691,,
Americas,NACL,2023,full year (per-game derived),LiT Esports,Messages,Middle,19,-2.008,-0.1057,-0.2618352794760975,5.941,252.8,0,False,10.725,1.1329298522760158,-0.4757742229693109,-0.0212506676330513,,,,,-0.6918947518904468,,,0.437245032520912,,
Americas,NACL,2023,full year (per-game derived),Winthrop University,Avano,Middle,7,-2.202,-0.3146,-0.2670559615949492,8.379,192.8,0,False,10.725,0.9771777686504874,-0.1122522546715971,-1.1190722360466785,,,,,0.6178123647573612,,,-1.062892601096045,,
Americas,NACL,2023,full year (per-game derived),Team Fish Taco,Comp9,Middle,5,-6.444,-1.2888,-0.3815053488963453,8.377,182.8,0,False,10.725,0.9726322569675306,-0.9041845336541324,0.079606200234202,,,,,0.5146075651363827,,,-1.832580752212824,,
Americas,NACL,2023,full year (per-game derived),Disguised,Young,Middle,50,-6.489,-0.1298,-0.3827168123269219,0.173,407.8,0,False,10.725,1.0163261358215163,-1.510047783983795,0.0847479865289131,,,,,-0.3888093789766934,,,0.287213015017164,,
Americas,NACL,2023,full year (per-game derived),TSM Challengers,Doxa,Middle,37,-6.815,-0.1842,-0.3915150029379489,1.26,342.8,0,False,10.725,1.0392013180398958,-0.6027291507365146,-0.0153258594957004,,,,,-0.1022032093602993,,,-1.0449563117663392,,
Americas,NACL,2023,full year (per-game derived),LiT Esports,PAPA,Middle,8,-10.061,-1.2576,-0.4790802950939204,6.522,197.8,0,False,10.725,1.070775529896101,-0.7753128913278363,0.2099134540840328,,,,,-1.2896365313103615,,,0.4958629385677665,,
Americas,NACL,2023,full year (per-game derived),CCG Esports,Rain1,Middle,10,-13.127,-1.3127,-0.5618022756449117,4.987,207.8,0,False,10.725,1.0870107343685027,-0.8821143424771264,0.0585889170366851,,,,,-1.2915584250735972,,,0.3694836930910726,,
Americas,NACL,2023,full year (per-game derived),Winthrop University,Sword,Middle,23,-15.971,-0.6944,-0.6385150518858247,-0.527,272.8,0,False,10.725,1.220034296746997,1.6592558488874785,-0.1555853946993413,,,,,-1.61498704191629,,,-1.7713880268861704,,
Americas,NACL,2023,full year (per-game derived),FLY FAM,Blazze,Middle,36,-20.061,-0.5572,-0.7488596600460702,-5.678,337.8,0,False,10.725,0.9966723917377608,-0.7270550291240804,-0.7272183217266337,,,,,-0.9542638517786476,,,-0.4456420339293342,,
Americas,NACL,2023,full year (per-game derived),Evil Geniuses Challengers,RobbyBob,Middle,10,-22.325,-2.2325,-0.8099308676332958,2.774,207.8,0,False,10.725,0.9177335554746398,0.9009159275603216,-1.630557548431198,,,,,-1.1189530768062637,,,-1.178209781980496,,
Americas,NACL,2023,full year (per-game derived),Miracle,Ariendel,Middle,5,-23.914,-4.7828,-0.8528101753507304,5.989,182.8,0,False,10.725,1.0916803800826786,1.0939119990514137,-0.8169185449493259,,,,,-2.59994789580072,,,0.1133148393438743,,
Americas,NACL,2023,full year (per-game derived),CLG Faith,Town,Middle,17,-24.775,-1.4574,-0.8760330432005746,-1.701,242.8,0,False,10.725,1.0132450127679962,-1.1429210330747257,-0.1949186528889938,,,,,-1.2883592031857718,,,-0.5946696351258626,,
Americas,NACL,2023,full year (per-game derived),Winthrop University,PAPA,Middle,2,-33.984,-16.992,-1.1244705372104968,8.061,167.8,0,False,10.725,,0.1239018169154609,-0.4095087220148455,,,,,-0.9803439012657844,,,-3.331391603492332,,
Americas,NACL,2023,full year (per-game derived),Miracle,Likeamaws,Middle,3,-36.712,-12.2373,-1.1980728059712984,6.608,172.8,0,False,10.725,,-1.9554359483311523,-3.611060567380298,,,,,0.5178225555518764,,,-0.9226165640505556,,
Americas,NACL,2023,full year (per-game derived),CB Gaming,Forsen,ADC,2,63.465,31.7325,1.4995301861414383,17.043,167.8,0,False,14.101,,2.8370249932331864,4.438889220452767,1.191371299149381,,,,0.4221043705039147,,,-0.0449566830851519,,
Americas,NACL,2023,full year (per-game derived),Native Gaming,Scoooped,ADC,10,53.0,5.3,1.2172221921648814,23.459,207.8,0,False,14.101,2.0630006820236284,0.7765913528490918,0.2453787201465673,3.138218104794116,,,,1.0815490736150004,,,1.013965107606984,,
Americas,NACL,2023,full year (per-game derived),Dignitas Challengers,Spawn,ADC,23,45.482,1.9775,1.0144072620853557,27.328,272.8,0,False,14.101,2.0435563230671585,0.1994934715896624,1.0190365838869686,0.5510154929506611,,,,1.914297171687343,,,0.2633312033096588,,
Americas,NACL,2023,full year (per-game derived),100 Thieves Challengers,UNF0RGIVEN,ADC,38,42.57,1.1203,0.93583605388535,29.652,347.8,0,False,14.101,2.0044808922425257,-0.0039730769239289,0.8896202247204938,0.9481592949424396,,,,1.2729038953788336,,,1.151135129442058,,
Americas,NACL,2023,full year (per-game derived),Dignitas Challengers,Tomo,ADC,22,42.099,1.9136,0.9231423193158792,25.6,267.8,0,False,14.101,1.53629643993004,0.1936164539322309,0.0888188493677604,-0.1025613011893202,,,,2.4199667573023294,,,0.1448402896833345,,
Americas,NACL,2023,full year (per-game derived),Cloud9 Challengers,Lost,ADC,48,30.924,0.6442,0.6216636216751011,24.25,397.8,0,False,14.101,1.5830885516871611,0.252912960208751,0.1792880387403155,-0.0518966218654517,,,,1.355251469775042,,,0.4557774513919224,,
Americas,NACL,2023,full year (per-game derived),CB Gaming,Airren,ADC,2,27.879,13.9395,0.5395141440622007,14.922,167.8,0,False,14.101,,0.6882431812912176,0.1804501052251917,1.7588894258399084,,,,0.1883237931720028,,,0.3206521533954304,,
Americas,NACL,2023,full year (per-game derived),Disguised,Meech,ADC,50,27.769,0.5554,0.536549831114369,22.48,407.8,0,False,14.101,1.606144077535011,1.8498650839510944,-0.6932594412575501,0.9090425858230696,,,,0.203128271764867,,,0.8307496044772423,,
Americas,NACL,2023,full year (per-game derived),Golden Guardians Challengers,Array,ADC,41,26.962,0.6576,0.5147681437001953,21.368,362.8,0,False,14.101,1.90166931653164,0.7690963914148041,0.7043020208704076,0.4635818242690377,,,,0.370037597865801,,,0.4477360663739193,,
Americas,NACL,2023,full year (per-game derived),CCG Esports,SophistSage,ADC,8,26.503,3.3129,0.5023877531343649,16.609,197.8,0,False,14.101,1.6899280087534805,-0.6391810014407322,0.5869347673911837,-0.4618463373228807,,,,1.0817588189511955,,,1.2200586858220188,,
Americas,NACL,2023,full year (per-game derived),Winthrop University,Mobility,ADC,25,26.437,1.0575,0.5006155984106937,19.553,282.8,0,False,14.101,1.9859833311452,-0.3113171852638653,0.9917398068926082,0.8250817977124122,,,,-0.0784631757068937,,,1.799885216066191,,
Americas,NACL,2023,full year (per-game derived),Apex Mission Impossible,Bazz,ADC,17,26.431,1.5548,0.5004398837108592,18.417,242.8,0,False,14.101,2.088583023887253,0.6095078140256937,0.9345353319825322,0.483830028604868,,,,0.1476506903052974,,,0.7676620453928574,,
Americas,NACL,2023,full year (per-game derived),CLG Challengers,Meech,ADC,38,24.499,0.6447,0.448311743192154,19.781,347.8,0,False,14.101,1.803775299200336,1.09474579588677,0.3066804316524742,0.4486201469276909,,,,0.3346908364452847,,,0.1988476384821365,,
Americas,NACL,2023,full year (per-game derived),Team Fish Taco,Spawn,ADC,38,24.34,0.6405,0.4440285258756534,19.694,347.8,0,False,14.101,2.027990437177143,0.2888912459272102,0.9306282463081328,0.4070820889087238,,,,0.2077681462194367,,,0.6810983765850344,,
Americas,NACL,2023,full year (per-game derived),Evil Geniuses Challengers,k1ng,ADC,54,24.085,0.446,0.4371625545598025,20.402,427.8,0,False,14.101,1.782173937636058,0.0352694503714425,0.5148588513169489,0.477965476217466,,,,0.4106827511774126,,,0.7801359979437296,,
Americas,NACL,2023,full year (per-game derived),TSM Challengers,Neo,ADC,11,22.536,2.0487,0.395356984043034,16.281,212.8,0,False,14.101,1.668459796468903,0.3994757393087548,0.3414217578924448,0.2209181086628423,,,,0.430148415000925,,,0.5413316106528394,,
Americas,NACL,2023,full year (per-game derived),Maryville University,ScaryJerry,ADC,61,21.123,0.3463,0.3572315972205678,18.729,462.8,0,False,14.101,1.50654438732825,1.2019179432283469,-0.3896445769283527,-0.4137663523252108,,,,0.7925212678119272,,,0.0510176160769291,,
Americas,NACL,2023,full year (per-game derived),Team Ambition,Levitate,ADC,23,20.727,0.9012,0.3465652071439176,16.894,272.8,0,False,14.101,1.5425305984231523,1.086145620302444,-0.4133576268678058,0.0725448946399237,,,,0.5159713767347026,,,0.2597640589218429,,
Americas,NACL,2023,full year (per-game derived),Immortals Challengers,Wixxi,ADC,37,20.034,0.5415,0.32787922005692,17.303,342.8,0,False,14.101,1.492139109771489,0.0155379072541595,-0.0159522895148399,0.7778030503415438,,,,0.5464900762361073,,,0.0422537857436453,,
Americas,NACL,2023,full year (per-game derived),FlyQuest NZXT,Massu,ADC,92,18.422,0.2002,0.2843641581989062,17.318,617.8,0,False,14.101,1.362436721823644,0.6904078620157256,-0.7981584076038185,0.3614820881131879,,,,0.7040696914785655,,,-0.060612359608703,,
Americas,NACL,2023,full year (per-game derived),Mirage Alliance,Neo,ADC,22,18.231,0.8287,0.2792310759812164,15.797,267.8,0,False,14.101,1.373797442247914,-0.1328820263757159,-0.4396894058057399,-0.0949186896045372,,,,0.5959553319003077,,,1.0717848498929032,,
Americas,NACL,2023,full year (per-game derived),CB Gaming,warcyclone,ADC,6,15.562,2.5937,0.207216921935468,14.335,187.8,0,False,14.101,1.2796284735841608,0.0489469849957109,-0.6637561911532568,0.4429647846553854,,,,0.7950137747286546,,,-0.3218308095406374,,
Americas,NACL,2023,full year (per-game derived),LiT Esports,sajed,ADC,15,15.141,1.0094,0.1958750289829661,14.436,232.8,0,False,14.101,1.56091615315148,-0.2827878066348827,0.1628575376647194,0.7788359161378543,,,,-0.0030752222965623,,,0.5722325341431124,,
Americas,NACL,2023,full year (per-game derived),Team Fish Taco,EU Red,ADC,17,14.617,0.8598,0.1817362555860328,14.282,242.8,0,False,14.101,1.6366473631358762,-0.0927748269943681,0.324058789285653,0.5086529114614982,,,,-0.158865511173605,,,0.7533621238005337,,
Americas,NACL,2023,full year (per-game derived),Team Liquid Challengers,Arrow,ADC,96,14.237,0.1483,0.171480890383137,14.203,637.8,0,False,14.101,1.7005115128796922,0.4591282376579509,0.6301572504402694,0.00124085504587,,,,0.3082464355706021,,,-0.7123252582833388,,
Americas,NACL,2023,full year (per-game derived),LiT Esports,ROCKBOOM,ADC,12,13.966,1.1638,0.1641615877424269,14.064,217.8,0,False,14.101,1.39357755193747,-0.7345636164060872,0.1011361017967604,-0.7539236763416393,,,,0.8920023840119777,,,0.4063557503141844,,
Americas,NACL,2023,full year (per-game derived),Supernova,Azog,ADC,18,12.801,0.7112,0.132739428098493,13.629,247.8,0,False,14.101,1.18564098968121,0.0190000286253118,-1.4033334329829212,0.045717548716864,,,,0.7077926269713374,,,0.5757038705708178,,
Americas,NACL,2023,full year (per-game derived),AOE Gold,links,ADC,82,12.663,0.1544,0.1290192318814786,13.063,567.8,0,False,14.101,1.4145114080926389,0.5236511997446716,-0.5709807055803732,0.2901574600014318,,,,0.2241355197414601,,,0.0592373256752258,,
Americas,NACL,2023,full year (per-game derived),CB Gaming,LastDanceDF,ADC,5,7.479,1.4958,-0.0108287412973195,13.196,182.8,0,False,14.101,1.589893162092248,0.3565772873336771,0.1744390492305734,0.7920379654046473,,,,-0.6035982746901503,,,-0.0326378170243067,,
Americas,NACL,2023,full year (per-game derived),Kelyx's Grandpa Gamers,EvanRL,ADC,5,5.612,1.1224,-0.0612033371588164,12.941,182.8,0,False,14.101,1.435338486715998,-0.5289828339957084,-0.3407839672209123,0.3254720713613703,,,,0.136075686898339,,,-0.1443964229086149,,
Americas,NACL,2023,full year (per-game derived),Wildcard Gaming,Lens,ADC,84,3.96,0.0471,-0.1057672615420074,6.73,577.8,0,False,14.101,1.335095631349829,-1.0610619784491313,0.1427146138781781,0.251607434686192,,,,-0.0190108214393105,,,0.0484688934856632,,
Americas,NACL,2023,full year (per-game derived),FLY FAM,Instinct,ADC,36,3.09,0.0858,-0.1292495635990832,8.235,337.8,0,False,14.101,2.2298111648525767,0.7876209944803145,1.2077766593055683,-0.2945929554174541,,,,-1.2069797340391393,,,0.2070899307253637,,
Americas,NACL,2023,full year (per-game derived),Cincinnati Fear,Minui,ADC,97,0.215,0.0022,-0.2068107983578642,3.625,642.8,0,False,14.101,1.202334079172897,-0.2574325803488332,-0.7203663957242435,-0.4768562169763644,,,,0.012491877756131,,,0.1339809783614948,,
Americas,NACL,2023,full year (per-game derived),TSM Challengers,WildTurtle,ADC,26,-0.645,-0.0248,-0.2300059365609281,7.441,287.8,0,False,14.101,1.247050081623477,0.3533519048485488,-1.010348129501934,0.2275768388266752,,,,-0.3277152072285093,,,-0.2707585014149449,,
Americas,NACL,2023,full year (per-game derived),Winthrop University,ZKG,ADC,7,-1.236,-0.1766,-0.2459469701958898,11.318,192.8,0,False,14.101,1.1814112995202215,-1.1273588960476502,-0.0915995310413608,-1.8623770840929137,,,,0.9019863233895258,,,-0.4853022801688195,,
Americas,NACL,2023,full year (per-game derived),Evil Geniuses Challengers,Mobility,ADC,35,-2.82,-0.0806,-0.2887004478384746,5.204,332.8,0,False,14.101,1.6470360066284235,-0.6150863058271234,0.9029247491013406,-0.9828497800299468,,,,-0.4518695082275702,,,-0.0926600687227032,,
Americas,NACL,2023,full year (per-game derived),Supernova,Sketch,ADC,47,-4.656,-0.0991,-0.338217903776905,2.881,392.8,0,False,14.101,1.4615085295367507,0.1466779840405894,-0.1545832078729681,-0.4172828398830561,,,,-0.9996740574170048,,,0.5605927942980389,,
Americas,NACL,2023,full year (per-game derived),Miracle,LastDanceDF,ADC,5,-4.933,-0.9866,-0.34569273684051,11.499,182.8,0,False,14.101,1.4227092362933662,-0.6675113499842253,0.1904693534682146,-0.7199238598155618,,,,-0.5447551226444026,,,0.2620852770282907,,
Americas,NACL,2023,full year (per-game derived),Miracle,Kaido,ADC,5,-5.466,-1.0932,-0.3600583769369666,11.426,182.8,0,False,14.101,1.1407516523230123,-1.8942557815794916,-0.0543887502729424,-0.8145004839689509,,,,-0.0473684157283177,,,0.6193590953540581,,
Americas,NACL,2023,full year (per-game derived),Mirage Alliance,Viceera,ADC,2,-9.568,-4.784,-0.4707233755526359,12.691,167.8,0,False,14.101,,-0.9905991376849757,0.3185642592106508,-0.7576595593611853,,,,0.3331733870234688,,,-2.261966780171269,,
Americas,NACL,2023,full year (per-game derived),CCG Esports,Lunar,ADC,10,-12.558,-1.2558,-0.5514071362550381,7.688,207.8,0,False,14.101,1.266039805139146,-0.3713324447829513,-0.4678213522109641,-0.6095270126705638,,,,-1.1040444395816602,,,0.4864861971292261,,
Americas,NACL,2023,full year (per-game derived),Team Ambition,Zev,ADC,15,-16.525,-1.1017,-0.6584196738909461,4.236,232.8,0,False,14.101,1.331279287700477,-0.5599697691298943,0.2427743203859527,-1.4323624137619286,,,,-0.9725672096936118,,,-0.1772888775019168,,
Americas,NACL,2023,full year (per-game derived),Mirage Alliance,Forsen,ADC,3,-18.421,-6.1403,-0.7095811601306299,11.279,172.8,0,False,14.101,,0.2463642554516852,-1.2126610585222934,0.109709529627452,,,,-1.2765818081767897,,,-0.7059859089755036,,
Americas,NACL,2023,full year (per-game derived),CLG Faith,Airren,ADC,25,-18.769,-0.7508,-0.7189704432115138,-0.426,282.8,0,False,14.101,1.0897041926169613,-1.2400599897704874,-0.7577279257352625,0.2386020436860193,,,,-0.8727700368564449,,,-0.7706468153252305,,
Americas,NACL,2023,full year (per-game derived),CLG Faith,Sketch,ADC,10,-22.421,-2.2421,-0.817471468861456,5.315,207.8,0,False,14.101,1.2735786408853218,0.48164089671777,-0.4780468912823029,-0.384608829890246,,,,-1.5825150428393633,,,-1.1675230095407534,,
Americas,NACL,2023,full year (per-game derived),Team Liquid First,miya,ADC,26,-22.844,-0.8786,-0.8289017181899275,-2.585,287.8,0,False,14.101,1.1926588519661103,-0.2382378769272526,-0.4812173598157823,-0.6892472825148416,,,,-1.3101340545415012,,,-0.8241315967107923,,
Americas,NACL,2023,full year (per-game derived),100 Thieves Challengers,V1per,ADC,2,-30.366,-15.183,-1.0318155374401743,11.452,167.8,0,False,14.101,,-1.9440177090225128,-0.2772894173877118,0.3691165279220779,,,,-1.7396714524663053,,,-0.6823957424637583,,
Americas,NACL,2023,full year (per-game derived),AOE Gold,Will,ADC,2,-38.364,-19.182,-1.2475976284280867,10.976,167.8,0,False,14.101,,1.714989213393361,-2.9113724424909946,-0.6169345116859953,,,,-1.9883948285942108,,,-1.510279072554938,,
Americas,NACL,2023,full year (per-game derived),Team Liquid First,LJX,ADC,16,-52.563,-3.2852,-1.630641959732609,-8.322,237.8,0,False,14.101,0.8317125065007437,-1.4264192489582737,-1.2591895978082224,-1.791274646306783,,,,-1.558484135061137,,,-2.20803945136797,,
Americas,NACL,2023,full year (per-game derived),Miracle,LJX,ADC,3,-96.665,-32.2217,-2.820425224485097,4.488,172.8,0,False,14.101,,-3.0068868115321266,-1.1449275360321414,-3.688387140405794,,,,-2.459649761015304,,,-4.253244202777361,,
Americas,NACL,2023,full year (per-game derived),Winthrop University,Kenji,Support,7,67.708,9.6726,1.533479165270433,22.3,192.8,0,False,12.231,0.8960142742487932,,2.35479908375713,,3.505860080703337,1.386490183776695,1.2526869426856908,,,,,-0.0041578012429925,0.8708530346082755
Americas,NACL,2023,full year (per-game derived),Mirage Alliance,Neo,Support,2,64.204,32.102,1.4389311651824266,15.328,167.8,0,False,12.231,,,1.493292742643593,,0.8909244812816378,1.0320025208517571,3.3129541405508776,,,,,1.2636710893972845,0.800379846132012
Americas,NACL,2023,full year (per-game derived),100 Thieves Challengers,destiny,Support,38,41.497,1.092,0.8263615487457644,28.217,347.8,0,False,12.231,0.6047655915541097,,1.215562023584976,,1.5191212620569794,0.9830706031492812,-0.6381358105318791,,,,,0.9503799118902644,0.9078093516091238
Americas,NACL,2023,full year (per-game derived),Disguised,Zeyzal,Support,50,40.926,0.8185,0.8109638531843366,29.821,407.8,0,False,12.231,0.4715805528514969,,0.2455161576610005,,-0.4422910515994929,1.2866156301372444,1.7445686639719256,,,,,1.57811281376414,0.5248014947738288
Americas,NACL,2023,full year (per-game derived),Native Gaming,Rhino,Support,10,33.4,3.34,0.6079257767713869,17.324,207.8,0,False,12.231,0.4280165229614435,,-0.5491145856886305,,1.6233457947279055,0.0517720111826559,0.9238228479556512,,,,,0.2840831439253055,1.172501514174625
Americas,NACL,2023,full year (per-game derived),AOE Gold,Breezy,Support,40,33.099,0.8275,0.5997956579716965,23.894,357.8,0,False,12.231,0.4803296282981441,,0.6793131345477647,,-0.2434525431840413,0.7629435777723603,0.6512979105666645,,,,,0.8350776543186598,0.850834502641356
Americas,NACL,2023,full year (per-game derived),Golden Guardians Challengers,Prismal,Support,41,25.735,0.6277,0.4011227580328188,19.861,362.8,0,False,12.231,0.4935731750072214,,-0.5215844905236651,,0.5599227943622687,1.174430566113141,0.1694297863274389,,,,,0.6463932972902245,0.3827402273085678
Americas,NACL,2023,full year (per-game derived),CB Gaming,Mixtsure,Support,10,23.522,2.3522,0.3414287029967828,14.947,207.8,0,False,12.231,0.6008976627236065,,0.0139703850924287,,-0.2116056649468994,-0.9860671556601917,0.0985812758614935,,,,,-0.1236316825147388,2.67414578871824
Americas,NACL,2023,full year (per-game derived),Miracle,Pockus,Support,3,23.282,7.7607,0.3349554778387171,13.19,172.8,0,False,12.231,,,1.0585056036721716,,0.4857047016617196,-0.6362392733914901,1.1768918290943309,,,,,-1.8726992361560644,1.5050464892890514
Americas,NACL,2023,full year (per-game derived),Mirage Alliance,dtro,Support,3,22.838,7.6127,0.322977956664283,13.152,172.8,0,False,12.231,,,1.5594501723413852,,0.2157513260288101,-0.2384794181431525,-0.4821271532320346,,,,,-0.4969920724746674,1.1688074997051423
Americas,NACL,2023,full year (per-game derived),Cloud9 Challengers,Zeyzal,Support,48,22.719,0.4733,0.3197643137576166,18.558,397.8,0,False,12.231,0.4963087113475498,,0.2792289634500632,,0.3326019338390651,0.4339132630658313,0.6048460252621158,,,,,-0.4801202466401489,0.6624456176065416
Americas,NACL,2023,full year (per-game derived),Maryville University,Zyko,Support,61,22.475,0.3684,0.3131933762194576,18.982,462.8,0,False,12.231,0.4492365910654731,,-0.0339525857907095,,1.3763971368722836,0.3265916454140303,0.7460679452721425,,,,,-0.174343384508932,-0.2266417247097638
Americas,NACL,2023,full year (per-game derived),Apex Mission Impossible,Pockus,Support,17,21.016,1.2362,0.2738161542091221,15.306,242.8,0,False,12.231,0.624965751918642,,1.3095219795172903,,-0.5154317810518844,-0.0267318241887441,0.2566204825371083,,,,,0.6483097191911258,0.0312499102416936
Americas,NACL,2023,full year (per-game derived),Immortals Challengers,Joey,Support,37,20.968,0.5667,0.2725249928877667,16.946,342.8,0,False,12.231,0.4862026189746586,,-0.0019147294608256,,-0.0133775675671531,1.3207179092153594,-0.1968675219425725,,,,,0.4856650834616389,0.0872464254736762
Americas,NACL,2023,full year (per-game derived),FlyQuest NZXT,Winsome,Support,70,20.482,0.2926,0.2594204416834254,17.918,507.8,0,False,12.231,0.3727795760148399,,-0.632775175600392,,1.1035173551707425,0.5023814628892453,0.8216083119724356,,,,,-0.3076367333299125,0.1074260315354318
Americas,NACL,2023,full year (per-game derived),Wildcard Gaming,donbray,Support,37,19.561,0.5287,0.2345752386778916,16.186,342.8,0,False,12.231,0.46180456816594,,0.2189951350435472,,-0.3903889941146111,1.259453481211157,0.3572209500896356,,,,,-0.271524169470039,0.233871071181706
Americas,NACL,2023,full year (per-game derived),FLY FAM,Sword,Support,36,19.209,0.5336,0.2250681447160998,15.949,337.8,0,False,12.231,0.5944399256461614,,0.6425343671609579,,0.174770346254989,-0.0439032459607758,-0.1557581159400296,,,,,0.6356539074036884,0.1227029164454354
Americas,NACL,2023,full year (per-game derived),Team Liquid Challengers,Kim Down,Support,96,18.601,0.1938,0.2086689498295046,17.025,637.8,0,False,12.231,0.3984439158417604,,-0.6452843983719572,,-0.8739893222150363,1.3584645729393818,1.3866517016969402,,,,,-0.0324084970349994,0.0885975035360598
Americas,NACL,2023,full year (per-game derived),TSM Challengers,Chime,Support,4,18.328,4.582,0.2013168406422323,12.917,177.8,0,False,12.231,,,1.6482258256640396,,0.5188041765996629,-0.191658477411151,0.5784812906943744,,,,,-0.1477334728019362,-0.9183112709848298
Americas,NACL,2023,full year (per-game derived),CCG Esports,Yama,Support,8,16.959,2.1199,0.1643672209766864,13.187,197.8,0,False,12.231,0.3738955789892498,,-0.1129520431706542,,0.2723101250971211,2.291196426740444,0.7659583434355027,,,,,-1.205562764966699,-0.7869239648251389
Americas,NACL,2023,full year (per-game derived),Evil Geniuses Challengers,Smoothie,Support,89,15.909,0.1788,0.1360590207866142,14.946,602.8,0,False,12.231,0.4204116831676667,,0.0719539593553296,,-0.645388378587243,1.01386592371138,1.3876935601711844,,,,,-0.1101047019600412,-0.6941211862194168
Americas,NACL,2023,full year (per-game derived),Dignitas Challengers,Diamond,Support,45,14.809,0.3291,0.1063703163942328,13.746,382.8,0,False,12.231,0.4865517825634514,,0.043185962238221,,0.1305715254278865,-0.538196823015355,-0.0002593694929886,,,,,0.1621881920619231,0.6938599921954143
Americas,NACL,2023,full year (per-game derived),Team Ambition,Snow2,Support,23,14.519,0.6313,0.0985381600183437,13.195,272.8,0,False,12.231,0.3860867027991549,,-0.6626988261652784,,1.0566411821033828,0.7906545586696603,0.3650871383696593,,,,,-0.6876639446304946,-0.1969252865858246
Americas,NACL,2023,full year (per-game derived),Cincinnati Fear,JayJ,Support,49,13.641,0.2784,0.0748611781717224,13.089,402.8,0,False,12.231,0.4873634093930963,,0.533213736379938,,-0.0651699468180293,-0.6115380583160046,-0.1551392824346104,,,,,0.7498273902507622,0.0133508196089675
Americas,NACL,2023,full year (per-game derived),Miracle,Daption,Support,8,13.262,1.6578,0.0646409851078335,12.439,197.8,0,False,12.231,0.621095715289862,,0.8755864847014694,,-0.2767560830335454,0.1822656626888933,0.2332599731491614,,,,,-1.3131836488171704,0.5622670145881209
Americas,NACL,2023,full year (per-game derived),Kelyx's Grandpa Gamers,Clyde,Support,2,12.397,6.1985,0.0413097832876633,12.241,167.8,0,False,12.231,,,-0.6711032536780405,,-1.5308503549749235,1.389427866266168,0.4103772093870469,,,,,0.5678832910186564,0.073961110023191
Americas,NACL,2023,full year (per-game derived),LiT Esports,Plux,Support,14,12.065,0.8618,0.0323485971914913,12.18,227.8,0,False,12.231,0.4030761541491451,,-1.233691583535974,,-0.3274133431803377,0.3107836312507223,0.7585944736444332,,,,,-0.1790921059407345,0.6983981281669691
Americas,NACL,2023,full year (per-game derived),CCG Esports,dtro,Support,2,10.792,5.396,-0.0020042418097254,12.145,167.8,0,False,12.231,,,-1.1279327699397406,,0.5123251325347192,0.962015049730425,0.1036987364612679,,,,,1.4335088937540363,-1.5169132430811934
Americas,NACL,2023,full year (per-game derived),AOE Gold,SkyTec,Support,44,9.463,0.2151,-0.0378599502156256,10.619,377.8,0,False,12.231,0.4048809544898868,,-0.5802525419204796,,1.2741929224270063,-0.4693371256992785,-0.6780846483409,,,,,0.4128781779280027,-0.1568171785936091
Americas,NACL,2023,full year (per-game derived),CLG Challengers,Breezy,Support,38,8.951,0.2356,-0.0516594913933589,10.439,347.8,0,False,12.231,0.3931653393678166,,-0.7906512546366542,,0.420186763267831,-0.4715915375921753,-0.1589216486720988,,,,,0.2504444397427962,0.342129133345446
Americas,NACL,2023,full year (per-game derived),CLG Faith,Sketch,Support,25,8.617,0.3447,-0.0606817736649749,10.634,282.8,0,False,12.231,0.7262888284589852,,0.4901352897589202,,0.6837055306113624,-0.0735232679253548,-1.7383144622622035,,,,,1.0918229194493465,-0.6664696760305315
Americas,NACL,2023,full year (per-game derived),Cincinnati Fear,Trevor,Support,48,7.184,0.1497,-0.0993320653376169,9.186,397.8,0,False,12.231,0.5846305821302231,,0.3874238255701923,,-0.2510785040992143,-0.472255989130351,-1.1509128396328805,,,,,1.1591746243189327,-0.234541220309428
Americas,NACL,2023,full year (per-game derived),Mirage Alliance,Dardoch,Support,22,6.968,0.3167,-0.1051621278919141,10.07,267.8,0,False,12.231,0.5087685547826122,,0.4654616210783971,,-0.0765480386657898,-1.447354912590666,-1.3382867183123224,,,,,0.3944054872982974,1.076047409494096
Americas,NACL,2023,full year (per-game derived),Supernova,Trevor,Support,47,5.622,0.1196,-0.1414837883053334,8.277,392.8,0,False,12.231,0.4854741744905381,,0.1512212275120064,,0.0402763703711413,-0.2685342316413219,0.186158757312653,,,,,0.0406939975490956,-0.827271838409527
Americas,NACL,2023,full year (per-game derived),Team Fish Taco,winter,Support,5,2.485,0.497,-0.2261063897274453,10.898,182.8,0,False,12.231,0.3134753961036872,,-1.7517089454934374,,-1.3809332485001318,0.0546379420382073,-0.5256979542413553,,,,,0.8554233271211485,1.0680911546232283
Americas,NACL,2023,full year (per-game derived),Supernova,Chookies,Support,18,1.451,0.0806,-0.2540080611839317,8.316,247.8,0,False,12.231,0.6488993846803216,,1.0087025343453653,,-1.76941949462442,-1.6174411114446674,-0.6973323332288537,,,,,0.5073100438799236,0.7845039829384629
Americas,NACL,2023,full year (per-game derived),FlyQuest NZXT,Qitong,Support,22,0.587,0.0267,-0.2772995263357902,7.449,267.8,0,False,12.231,0.4104561189728164,,-1.021551326736108,,0.5152135984974834,-0.6112564745687661,-1.1484978621221542,,,,,-0.1738239053622505,0.5654351445544852
Americas,NACL,2023,full year (per-game derived),Kelyx's Grandpa Gamers,Menace,Support,3,-0.084,-0.028,-0.2954196284530131,11.162,172.8,0,False,12.231,,,0.6908289180057936,,-0.2765040036623391,-0.0452187364170943,0.0110843424222102,,,,,-1.4039105984348823,-0.6581220797960161
Americas,NACL,2023,full year (per-game derived),Team Fish Taco,Daption,Support,10,-1.762,-0.1762,-0.3406831667580036,8.865,207.8,0,False,12.231,0.3913761467069036,,-0.739135421503704,,-0.3015013878256449,-0.2330482871232521,0.24483288247022,,,,,0.0845618082947729,-0.9479835092399316
Americas,NACL,2023,full year (per-game derived),CB Gaming,Sandwitch,Support,5,-2.333,-0.4666,-0.3560762413009204,10.24,182.8,0,False,12.231,0.4144311970035449,,-0.537769250525732,,0.3182692993871104,0.3840313673553656,-0.98420515744127,,,,,0.5723724516385663,-1.5825401748358343
Americas,NACL,2023,full year (per-game derived),Wildcard Gaming,Duoking1,Support,47,-3.29,-0.07,-0.3819108986718453,2.946,392.8,0,False,12.231,0.4867176602781867,,-0.5993086820205197,,0.0792178753607227,-1.6180434373051145,-1.085456055869244,,,,,0.0430542121420513,0.6348743767944566
Americas,NACL,2023,full year (per-game derived),Winthrop University,Chookies,Support,25,-4.265,-0.1706,-0.408203540447697,4.941,282.8,0,False,12.231,0.4529429417644587,,-0.0620321557886806,,-1.7779314824819217,-0.190500092332363,-0.4380121735208175,,,,,0.4057876242650652,-0.3908670783515108
Americas,NACL,2023,full year (per-game derived),Team Fish Taco,Nxi,Support,40,-5.953,-0.1488,-0.4537434249150993,2.068,357.8,0,False,12.231,0.4613212903852681,,0.1976621985983185,,-0.2864059396431799,-1.5734084499984973,-1.3233443324167886,,,,,0.2659163177309072,-0.0930529599921047
Americas,NACL,2023,full year (per-game derived),TSM Challengers,Dragku,Support,29,-5.996,-0.2068,-0.4549058249884044,3.504,302.8,0,False,12.231,0.5259305209719692,,0.0515380587063726,,-0.7392278484266466,-2.320691775162973,-2.186958583182311,,,,,1.2387994077577515,0.8907034673042242
Americas,NACL,2023,full year (per-game derived),LiT Esports,Chaye,Support,13,-6.441,-0.4955,-0.4669200851319168,6.785,222.8,0,False,12.231,0.5347912904193708,,-0.634414723455485,,0.9409538992765734,-0.7430432858147644,-1.5490460113834934,,,,,0.0226676453775664,-0.7642944448599016
Americas,NACL,2023,full year (per-game derived),100 Thieves Challengers,Lightpulse,Support,2,-11.835,-5.9175,-0.6124407303898493,10.797,167.8,0,False,12.231,,,-2.551220446957999,,-2.290267572278373,1.1827927445635622,0.9518020550241896,,,,,-0.9772230478680356,-0.1149106379359213
Americas,NACL,2023,full year (per-game derived),Team Ambition,Pluto1,Support,15,-12.049,-0.8033,-0.6182128894869684,4.41,232.8,0,False,12.231,0.4802064669939727,,0.473892281046022,,-1.2430408590693902,-0.4926927592046309,-1.0824085279899514,,,,,-0.2718639494961055,-0.9981733956635972
Americas,NACL,2023,full year (per-game derived),Team Liquid First,rovex,Support,42,-14.948,-0.3559,-0.6964145358894309,-3.286,367.8,0,False,12.231,0.4148210565139457,,0.296350884720907,,-0.349164556632427,0.4389437504397857,-0.0169310242352117,,,,,-2.8806270645630785,-1.4729302712311352
Americas,NACL,2023,full year (per-game derived),CLG Faith,Plux,Support,10,-16.787,-1.6787,-0.7460159907628413,5.25,207.8,0,False,12.231,0.3841650426100516,,-2.929149562914883,,0.6413682502590262,-1.398396203935318,-0.2678297647361461,,,,,0.3980883824475109,-0.8853448347103587
Americas,NACL,2023,full year (per-game derived),Miracle,Hyphe,Support,2,-26.527,-13.2635,-1.008777876451023,9.922,167.8,0,False,12.231,,,-0.9166317614176268,,-0.7411077126476673,-0.8711080298871551,0.4960232278743555,,,,,-3.2621273905362336,-0.8079280489636529
Americas,NACL,2023,full year (per-game derived),CCG Esports,Bruhruto,Support,8,-28.379,-3.5474,-1.0587605818880248,4.02,197.8,0,False,12.231,0.551812409577418,,1.1711851220088716,,-0.8322362739135003,-1.7979560361580953,-1.094655902673226,,,,,0.5053726246914988,-3.655170536604562
Americas,NACL,2023,full year (per-game derived),TSM Challengers,Rocks908,Support,4,-29.563,-7.3908,-1.0907029458155892,7.531,177.8,0,False,12.231,,,-0.3204271628652665,,-1.3404719104369232,-0.8912463311540657,-0.9031175504254064,,,,,-2.113097460610722,-0.9988263966840398
Americas,NACL,2024,full year (per-game derived),Apex Mission Impossible,Dec0y,Top,8,49.049,6.1311,1.135683146341373,12.66,231.8,17,False,6.529,1.1075263479048154,-0.3066928415016562,,,,,,,,1.3855322749575851,,,2.202241168841937
Americas,NACL,2024,full year (per-game derived),LiT Esports,Dragoon,Top,32,39.276,1.2274,0.8623110449031102,23.298,372.8,37,False,6.529,1.319815591517694,2.2811403423008114,,,,,,,,1.5620734992019452,,,-0.6166231321944796
Americas,NACL,2024,full year (per-game derived),FlyQuest NZXT,Srtty,Top,72,38.215,0.5308,0.8326192904240175,30.217,637.8,78,False,6.529,1.1614437051471604,0.3164107974854436,,,,,,,,0.8747097850993121,,,1.2358396507031713
Americas,NACL,2024,full year (per-game derived),Maryville University,Niles,Top,41,33.157,0.8087,0.691131845133691,25.034,484.8,61,False,6.529,1.0959939924476187,1.1142375590962843,,,,,,,,0.5810819527199227,,,0.3949771211705545
Americas,NACL,2024,full year (per-game derived),Pulse Star,Horder,Top,15,29.776,1.9851,0.5965619405924462,15.111,238.8,3,False,6.529,0.959875429275018,0.5533058121009206,,,,,,,,-0.4472318052319552,,,1.106405021096604
Americas,NACL,2024,full year (per-game derived),Team Liquid Challengers,Jenkins,Top,62,29.552,0.4766,0.5902919794615061,22.229,543.8,38,False,6.529,1.178031821811074,0.185997823054995,,,,,,,,0.22691333247467,,,1.0862502196972132
Americas,NACL,2024,full year (per-game derived),Dragonsteel,Zamudo,Top,30,28.993,0.9664,0.5746772559319733,17.783,393.8,43,False,6.529,0.8361369738145792,0.4130340075141655,,,,,,,,0.1697761946304676,,,0.8909767597745004
Americas,NACL,2024,full year (per-game derived),Area of Effect Esports,Zamudo,Top,32,26.337,0.823,0.5003743346670552,17.008,403.8,43,False,6.529,1.1036752682519313,1.31963827669512,,,,,,,,-0.7185283965018114,,,0.3841141689935778
Americas,NACL,2024,full year (per-game derived),DUCKIE GETTERS,DrCalculus,Top,18,25.217,1.4009,0.4690499078167002,13.315,247.8,0,False,6.529,1.2352273027982612,-0.0210796254591535,,,,,,,,1.1371086813232572,,,0.5664019016303274
Americas,NACL,2024,full year (per-game derived),Gentle Hearts Gaming,PCL,Top,9,22.743,2.527,0.3998455818248182,10.126,202.8,0,False,6.529,1.411977425171383,-0.4597634079635587,,,,,,,,1.5287437369123764,,,0.5900265029755092
Americas,NACL,2024,full year (per-game derived),Wildcard Gaming,Qwacker,Top,26,14.374,0.5528,0.165737403415404,11.843,350.8,55,False,6.529,1.1163350271717003,0.4709839281030414,,,,,,,,-0.6191085355218758,,,0.2727384009151915
Americas,NACL,2024,full year (per-game derived),Cincinnati Fear,Philip,Top,35,9.168,0.2619,0.0200923980531305,10.035,469.8,93,False,6.529,1.2620999362417558,0.5727354184407244,,,,,,,,0.5126662293949882,,,-0.6559672692375634
Americas,NACL,2024,full year (per-game derived),CCG Esports,Crimson,Top,34,7.016,0.2064,-0.0400802486621328,6.782,327.8,0,False,6.529,1.144483772034093,-0.4358157403472771,,,,,,,,0.1744434786671191,,,0.1861925502942343
Americas,NACL,2024,full year (per-game derived),Fear x Starforge,Philip,Top,37,6.529,0.1765,-0.0537047395742179,9.0,479.8,93,False,6.529,1.0771104951327704,-0.3502240449613083,,,,,,,,0.7091434363188842,,,-0.1578472060270994
Americas,NACL,2024,full year (per-game derived),Winthrop University,Denathor,Top,33,6.151,0.1864,-0.064299333951245,9.182,375.8,28,False,6.529,1.1707943772343463,-0.9013708771036784,,,,,,,,0.0751627294246838,,,0.5571855361844145
Americas,NACL,2024,full year (per-game derived),Dragoon's Goons,Dragoon,Top,22,3.941,0.1791,-0.1261074089103404,8.783,322.8,37,False,6.529,0.7645994019419302,0.5841839818515239,,,,,,,,0.723010390486808,,,-1.093217546532388
Americas,NACL,2024,full year (per-game derived),Area of Effect Esports,Cozy,Top,18,1.768,0.0982,-0.1868801899031261,6.529,277.8,15,False,6.529,0.8607346581154336,-0.7420521058664272,,,,,,,,-0.6222118805939024,,,0.4652294189262913
Americas,NACL,2024,full year (per-game derived),Blue Otter,Qwacker,Top,39,1.68,0.0431,-0.1893540028764825,6.286,415.8,55,False,6.529,1.0574232966168378,-0.33923512952059,,,,,,,,-0.5154238633860512,,,0.0814895827912275
Americas,NACL,2024,full year (per-game derived),Blue Otter,Lawrence,Top,14,-0.56,-0.04,-0.2520140802277454,6.963,243.8,8,False,6.529,0.8909492569587434,-0.1678834930958256,,,,,,,,-0.1205072596235788,,,-0.3806240245193919
Americas,NACL,2024,full year (per-game derived),Supernova,Faisal,Top,64,-2.897,-0.0453,-0.3173961617945477,4.911,621.8,96,False,6.529,1.314647762471044,-1.2553620249767956,,,,,,,,0.1599066057034768,,,0.2330746501281893
Americas,NACL,2024,full year (per-game derived),Disguised,Tenacity,Top,65,-5.048,-0.0777,-0.3775690514524569,-1.808,512.8,30,False,6.529,1.178583897767887,-1.1463742131775296,,,,,,,,0.1121803464486309,,,0.0288399909130172
Americas,NACL,2024,full year (per-game derived),Mirage Alliance,Allorim,Top,27,-11.968,-0.4433,-0.571138504007405,1.917,349.8,36,False,6.529,1.3375887051272422,-0.6591203166583854,,,,,,,,-0.9438040311076908,,,-0.329759963156473
Americas,NACL,2024,full year (per-game derived),Lotus,Porsche,Top,25,-12.813,-0.5125,-0.5947764301281807,-1.232,322.8,20,False,6.529,0.8895476014463117,-1.0863117351257938,,,,,,,,0.4796411323031108,,,-0.6809827998716297
Americas,NACL,2024,full year (per-game derived),Area of Effect Esports,Berik,Top,11,-15.477,-1.407,-0.6692719873415722,0.38,222.8,5,False,6.529,1.122426393733594,-0.5342090772720017,,,,,,,,-0.8544970078329737,,,-0.6955848135387656
Americas,NACL,2024,full year (per-game derived),Winthrop University,Dec0y,Top,2,-17.626,-8.813,-0.7293966741336482,3.948,201.8,17,False,6.529,,2.58791690077558,,,,,,,,-2.5944862575369583,,,-2.5957943338760567
Americas,NACL,2024,full year (per-game derived),Area of Effect Esports,MooseHater,Top,5,-29.966,-5.9932,-1.0745884798916605,0.758,264.8,41,False,6.529,1.1624895637304595,-0.4010237036575694,,,,,,,,-0.9025112636940332,,,-1.7039038496275656
Americas,NACL,2024,full year (per-game derived),Disguised,Brandini,Top,2,-48.456,-24.228,-1.5917988357104624,3.253,167.8,0,False,6.529,,-1.5930665107310589,,,,,,,,-2.0737835050363995,,,-1.371677706454549
Americas,NACL,2024,full year (per-game derived),CCG Esports,KryRa,Jungle,13,54.558,4.1968,1.2258655279308242,22.536,222.8,0,False,9.349,1.2964144844955598,1.9812506977624,2.0952651913173344,,,,,-0.1557288557950615,0.982675078438624,,,,
Americas,NACL,2024,full year (per-game derived),Lotus,Dardoch,Jungle,24,50.156,2.0898,1.1027412240672372,27.77,307.8,15,False,9.349,0.948698418860624,-0.3463266048288737,1.0743271602480535,,,,,1.146817827483881,2.536146513365888,,,,
Americas,NACL,2024,full year (per-game derived),Mirage Alliance,Dardoch,Jungle,5,42.045,8.409,0.875833916840973,16.825,212.8,15,False,9.349,0.8932255097079036,0.1883050838280191,0.7142433841615067,,,,,1.0143217762598429,1.5864654231145234,,,,
Americas,NACL,2024,full year (per-game derived),Dragonsteel,Yuuji,Jungle,30,38.221,1.274,0.7688856972820319,20.545,491.8,92,False,9.349,0.977890577316558,-0.4516282552145224,1.6632513002244222,,,,,1.0525217070888389,0.8113980370293891,,,,
Americas,NACL,2024,full year (per-game derived),Area of Effect Esports,Kaido,Jungle,15,34.213,2.2809,0.6567683878886308,18.198,280.8,45,False,9.349,0.9129692647016332,1.286269654123862,0.7478075955996224,,,,,0.5038033436340784,0.0891929581969602,,,,
Americas,NACL,2024,full year (per-game derived),Dragoon's Goons,Kisno,Jungle,22,30.155,1.3707,0.5432636006686408,18.974,310.8,24,False,9.349,0.920868663756892,0.0174895369811348,1.422348532720479,,,,,1.0300204625858482,-0.2968041296128991,,,,
Americas,NACL,2024,full year (per-game derived),Fear x Starforge,eXyu,Jungle,37,25.755,0.6961,0.4201616203721976,14.298,432.8,45,False,9.349,0.867867864466861,-0.0234735051415218,0.9267008029361636,,,,,0.3022880501496181,0.4751311335445302,,,,
Americas,NACL,2024,full year (per-game derived),Mirage Alliance,Will,Jungle,22,25.216,1.1462,0.4050860661751109,19.466,343.8,38,False,9.349,0.855509162823129,0.7070002603608732,0.4508483090831435,,,,,-0.2275290844840657,0.690024779740493,,,,
Americas,NACL,2024,full year (per-game derived),Disguised,Yukino,Jungle,31,25.144,0.8111,0.4030729796222685,12.356,392.8,40,False,9.349,0.9038708592970632,2.2043494567514026,0.5260845425127365,,,,,-0.4155934456663497,-0.7025486351087153,,,,
Americas,NACL,2024,full year (per-game derived),Winthrop University,winnie,Jungle,25,24.891,0.9956,0.3959926819432689,18.268,370.8,44,False,9.349,0.8390252955228655,1.7347409843946635,-0.0902317217369966,,,,,-0.5351684179775542,0.474629883092963,,,,
Americas,NACL,2024,full year (per-game derived),Team Liquid Challengers,Keel,Jungle,62,21.22,0.3423,0.2933072352364043,20.387,635.8,84,False,9.349,0.8114899114926565,-0.1141967791862383,0.7363663484104487,,,,,0.6659094055270871,-0.11485003380568,,,,
Americas,NACL,2024,full year (per-game derived),Blue Otter,Music,Jungle,53,17.753,0.335,0.1963379988040418,14.85,516.8,47,False,9.349,0.7018416226037003,0.0838495098712632,-0.3965345599158121,,,,,0.8712308400499117,0.2268062052108044,,,,
Americas,NACL,2024,full year (per-game derived),Gentle Hearts Gaming,Kross,Jungle,9,13.964,1.5516,0.0903374771308344,10.373,202.8,0,False,9.349,0.7504084167546459,-0.1407260906390918,-0.2568745497666961,,,,,-0.9344133636110864,1.693363912540212,,,,
Americas,NACL,2024,full year (per-game derived),Maryville University,Yuuji,Jungle,41,13.106,0.3197,0.0663486167194428,12.908,546.8,92,False,9.349,0.7419900595007155,-0.0460394384719033,0.3461374764729531,,,,,0.7311249627607825,-0.7658285338840609,,,,
Americas,NACL,2024,full year (per-game derived),Supernova,Kenvi,Jungle,64,10.773,0.1683,0.0010803185193173,7.882,513.8,36,False,9.349,0.6662450966772853,0.2233821874497889,-1.0479958694468288,,,,,0.0235986889196032,0.8053362671547062,,,,
Americas,NACL,2024,full year (per-game derived),Area of Effect Esports,Nxi,Jungle,17,7.925,0.4662,-0.0785982115090526,8.642,312.8,35,False,9.349,0.7177514163234473,-0.2943745564498968,-0.058427119639496,,,,,-0.2592070202950656,0.297615850348248,,,,
Americas,NACL,2024,full year (per-game derived),Apex Mission Impossible,Lojaz,Jungle,8,7.671,0.9589,-0.0856906892668993,9.01,197.8,0,False,9.349,0.6920451025523275,0.5787768389220888,-0.2975698768113333,,,,,0.5650356178054867,-1.1890053369838394,,,,
Americas,NACL,2024,full year (per-game derived),LiT Esports,Kisno,Jungle,32,6.614,0.2067,-0.1152486028123247,10.085,360.8,24,False,9.349,0.6898354543397445,-0.4478833307420716,-0.0671015858823486,,,,,0.3173698493815408,-0.2633793440064196,,,,
Americas,NACL,2024,full year (per-game derived),DUCKIE GETTERS,Bio,Jungle,18,3.345,0.1858,-0.2067109630291386,7.169,247.8,0,False,9.349,0.7377615305766155,-0.2667066513742682,0.0994923723849387,,,,,-0.9847886125431158,0.3251590394158907,,,,
Americas,NACL,2024,full year (per-game derived),Wildcard Gaming,winnie,Jungle,26,0.984,0.0378,-0.2727438448538709,10.086,375.8,44,False,9.349,0.6179788346106518,-0.1271641169429209,-1.045625914660868,,,,,0.327406210669574,-0.2455915584812686,,,,
Americas,NACL,2024,full year (per-game derived),Pulse Star,Will,Jungle,15,0.6,0.04,-0.2834762483593113,12.837,308.8,38,False,9.349,0.7591479144174178,-0.8241765924829797,0.8451153125223885,,,,,-0.4694994565215145,-0.6853442569551399,,,,
Americas,NACL,2024,full year (per-game derived),CCG Esports,Yukino,Jungle,6,-1.237,-0.2062,-0.3348697519762276,3.434,267.8,40,False,9.349,0.5494728850511869,0.5156801587099356,-1.9080082556023616,,,,,1.569627021028987,-1.5167779320414716,,,,
Americas,NACL,2024,full year (per-game derived),FlyQuest NZXT,Sheiden,Jungle,72,-1.801,-0.025,-0.3506466481876435,0.973,601.8,84,False,9.349,0.6299484485972335,-1.1214225829434898,-0.4370440270863577,,,,,-0.0211145731405114,0.176994590419785,,,,
Americas,NACL,2024,full year (per-game derived),Area of Effect Esports,RoseThorn,Jungle,32,-4.936,-0.1542,-0.4383554713119316,2.76,439.8,81,False,9.349,0.5904712415334401,-0.215191596828635,-1.027760792554733,,,,,0.5937334077288756,-1.104202903593234,,,,
Americas,NACL,2024,full year (per-game derived),Lotus,Frost4,Jungle,1,-13.368,-13.368,-0.6742122109075148,9.841,176.8,7,False,9.349,,-2.37425538087998,0.3710317171202325,,,,,-0.5739012537123693,-0.1197239261579427,,,,
Americas,NACL,2024,full year (per-game derived),Disguised,Perry,Jungle,36,-17.226,-0.4785,-0.7821284243765572,2.105,531.8,97,False,9.349,0.563373843851813,0.2556899957276505,-1.489711583173253,,,,,-0.2694955260036362,-1.62499658405699,,,,
Americas,NACL,2024,full year (per-game derived),CCG Esports,Chad,Jungle,15,-18.66,-1.244,-0.8222295789728458,2.216,317.8,61,False,9.349,0.6236522257425775,0.3692672865007278,-0.9181043668187742,,,,,-1.512537540391004,-1.227543695182333,,,,
Americas,NACL,2024,full year (per-game derived),Winthrop University,Wilson,Jungle,10,-18.735,-1.8735,-0.8243494588929849,4.061,238.8,28,False,9.349,0.5440072505297291,0.0521084497175163,-1.8980896453789813,,,,,-0.4439948815527288,-1.0074217583577456,,,,
Americas,NACL,2024,full year (per-game derived),Cincinnati Fear,Chad,Jungle,35,-19.868,-0.5677,-0.8560448598986832,-3.286,417.8,61,False,9.349,0.5688310031674275,-1.7464598019703632,-0.34132283777964,,,,,-0.2446708502466195,-1.0917259495981102,,,,
Americas,NACL,2024,full year (per-game derived),Area of Effect Esports,Wilson,Jungle,2,-36.446,-18.223,-1.3197783848462312,7.756,198.8,28,False,9.349,,-1.6581348170045866,-0.7386173394599805,,,,,-3.667166289133272,0.7848049062129148,,,,
Americas,NACL,2024,full year (per-game derived),CCG Esports,Bradley,Middle,6,66.563,11.0938,1.47993031358759,19.543,187.8,0,False,10.606,1.7296557046678236,-1.2706775824072891,1.6788989441728346,,,,,2.213347254831544,,,2.7936417978866666,,
Americas,NACL,2024,full year (per-game derived),FlyQuest NZXT,Quad,Middle,35,49.376,1.4107,0.9991686751140846,30.991,332.8,0,True,10.606,1.6368651501211469,1.7959471674559748,0.0635443083093832,,,,,1.9531707156051372,,,-0.4716768341085168,,
Americas,NACL,2024,full year (per-game derived),Winthrop University,DARKWINGS,Middle,25,31.912,1.2765,0.5106555488177903,20.945,450.8,84,False,10.606,1.7082808386089845,0.5696153965339622,0.9902649202596228,,,,,0.3222373556561905,,,0.2898668669360716,,
Americas,NACL,2024,full year (per-game derived),Fear x Starforge,Ablazeolive,Middle,37,27.935,0.755,0.3994027177763296,19.042,357.8,15,False,10.606,1.5711929776993534,0.63899754639264,0.1481810023828459,,,,,0.2947182319663051,,,0.5878300596081125,,
Americas,NACL,2024,full year (per-game derived),Wildcard Gaming,DARKWINGS,Middle,26,26.802,1.0308,0.3677091138242869,19.608,455.8,84,False,10.606,1.5436402744346869,1.125190765446357,-0.222668607436006,,,,,0.5351876652375969,,,-0.0817822555279524,,
Americas,NACL,2024,full year (per-game derived),FlyQuest NZXT,Bradley,Middle,37,25.368,0.6856,0.327585900516872,18.572,342.8,0,False,10.606,1.4415930367951273,0.1928895296318808,0.2412562976891864,,,,,0.7527866006842077,,,-0.1689859649638785,,
Americas,NACL,2024,full year (per-game derived),Team Liquid Challengers,Roamer,Middle,62,24.94,0.4023,0.3156098020145575,20.104,467.8,0,True,10.606,1.2084751592089502,0.3327957762145646,-1.5903630186807118,,,,,1.29449961044831,,,0.5531555151104701,,
Americas,NACL,2024,full year (per-game derived),Dragonsteel,Spirax,Middle,30,24.808,0.8269,0.3119211054367046,19.589,400.8,93,False,10.606,1.5108133253769858,-0.5143110147071718,0.8734727075414555,,,,,0.2491022083569752,,,0.6823618100135335,,
Americas,NACL,2024,full year (per-game derived),Apex Mission Impossible,Zalt,Middle,8,24.772,3.0965,0.3109284272810148,13.47,197.8,0,False,10.606,1.3045070907514775,0.3461617271220075,-1.037380512885151,,,,,0.6952885929930075,,,0.9759270457482376,,
Americas,NACL,2024,full year (per-game derived),Maryville University,Spirax,Middle,41,21.165,0.5162,0.2100251040654461,18.58,455.8,93,False,10.606,1.3187721044058571,0.2473386345098127,-0.7751733843750395,,,,,0.6288730105851043,,,0.4514556480989168,,
Americas,NACL,2024,full year (per-game derived),CCG Esports,shochi,Middle,28,20.753,0.7412,0.1985066539509014,13.952,491.8,97,False,10.606,1.4455807108249492,0.4439124174663274,-0.168380166724101,,,,,0.0351578205009107,,,0.5958539498543326,,
Americas,NACL,2024,full year (per-game derived),Dragoon's Goons,Sudzzi,Middle,22,15.329,0.6968,0.0467741242000365,13.599,315.8,24,False,10.606,1.5731131216868306,-1.4678068655228869,1.5016945129317647,,,,,0.4678901016583978,,,-0.6049916410716992,,
Americas,NACL,2024,full year (per-game derived),Pulse Star,Ariendel,Middle,15,12.856,0.8571,-0.022399062915689,10.173,271.8,22,False,10.606,1.341258400243078,-0.9840911373676124,0.021417233549046,,,,,-0.2726570755214166,,,1.317832565556335,,
Americas,NACL,2024,full year (per-game derived),Gentle Hearts Gaming,XiaoDanny,Middle,9,10.606,1.1784,-0.0853509203814967,10.606,202.8,0,False,10.606,1.5807221350609344,-1.559607087818026,1.5640887585424286,,,,,0.1567008215169166,,,-0.6698338742098268,,
Americas,NACL,2024,full year (per-game derived),Mirage Alliance,RJS,Middle,22,10.458,0.4754,-0.0894919997691153,10.545,267.8,0,False,10.606,1.3525708976565054,1.047508476472324,-1.097748272008436,,,,,-0.9068418565393204,,,1.1617299193628388,,
Americas,NACL,2024,full year (per-game derived),Supernova,Toasty,Middle,36,9.851,0.2736,-0.1064678189330496,10.204,337.8,0,False,10.606,1.5988058412594028,1.6443011487116914,0.0713784011923327,,,,,-0.9641000428342036,,,-0.5876858384781248,,
Americas,NACL,2024,full year (per-game derived),Blue Otter,Samikin,Middle,53,9.442,0.1782,-0.1178923061874922,9.877,422.8,0,False,10.606,1.4905310885674437,-0.1094154785697641,0.3660616529595772,,,,,-0.2842875511318314,,,-0.3297141253758842,,
Americas,NACL,2024,full year (per-game derived),Area of Effect Esports,Onat,Middle,52,7.395,0.1422,-0.1751777407621592,9.24,493.8,58,False,10.606,1.3962716912800086,-0.1980701105059357,0.1310151782512221,,,,,-0.1528439930227161,,,-0.4963159294040136,,
Americas,NACL,2024,full year (per-game derived),Lotus,RobbyBob,Middle,25,6.258,0.2503,-0.2069827218463659,8.821,349.8,57,False,10.606,1.1462715993693908,-0.075655496301895,-1.354579759822217,,,,,0.5456334977309728,,,-0.4604132345159912,,
Americas,NACL,2024,full year (per-game derived),Mirage Alliance,Soligo,Middle,5,5.91,1.182,-0.2167070644620649,14.168,350.8,84,False,10.606,1.464096425168382,0.2590627553303506,-0.0606460132264827,,,,,-0.378073500405392,,,-0.5762626854456457,,
Americas,NACL,2024,full year (per-game derived),Winthrop University,Sword,Middle,10,3.291,0.3291,-0.2899700327346709,4.349,253.8,23,False,10.606,1.300655890041131,0.2945809005863166,-0.2035267491316438,,,,,0.3883109368472403,,,-2.1057827840133427,,
Americas,NACL,2024,full year (per-game derived),Cincinnati Fear,Toasty,Middle,35,-3.291,-0.094,-0.4740758450712655,3.299,332.8,0,False,10.606,1.4052116551675364,1.2289564703584976,-0.7374336652347254,,,,,-1.4096450910496503,,,-0.3346070476313573,,
Americas,NACL,2024,full year (per-game derived),LiT Esports,Messages,Middle,32,-4.564,-0.1426,-0.5097004181664612,2.496,356.8,29,False,10.606,1.4897929688146332,-0.7755485027102581,0.6163750004325855,,,,,-2.019058311594454,,,1.176983800015596,,
Americas,NACL,2024,full year (per-game derived),Disguised,Young,Middle,67,-6.514,-0.0972,-0.5642505200946465,0.336,535.8,43,False,10.606,1.3236255320740142,-1.2186931235682887,0.3005368950216614,,,,,-0.5195773705949296,,,-0.8503984848615957,,
Americas,NACL,2024,full year (per-game derived),DUCKIE GETTERS,Roughbeanz,Middle,18,-12.4,-0.6889,-0.7288845036964327,2.252,247.8,0,False,10.606,1.468537786861645,-0.573477110417745,0.8408158845896166,,,,,-1.5132822685686738,,,-1.1308501131318769,,
Americas,NACL,2024,full year (per-game derived),Area of Effect Esports,Cupic,Middle,14,-13.599,-0.9714,-0.7624327239892252,3.169,227.8,0,False,10.606,1.295047274983982,-2.100911126521321,0.5115956618316,,,,,-1.010955014654226,,,-0.279133097335066,,
Americas,NACL,2024,full year (per-game derived),Supernova,shochi,Middle,28,-26.683,-0.953,-1.1284338075754654,0.449,491.8,97,False,10.606,1.0211723930808114,0.6810059241855156,-2.672697210132619,,,,,-1.1015823487020024,,,-1.4382050681163343,,
Americas,NACL,2024,full year (per-game derived),Dragoon's Goons,Array,ADC,22,48.837,2.2199,1.168698620357848,26.061,349.8,41,False,9.721,2.2648456687935146,0.9285806950614504,1.4787935447178209,1.5071396092384055,,,,1.4346274317441483,,,0.1619408067945401,,
Americas,NACL,2024,full year (per-game derived),Disguised,Tenacity,ADC,2,47.143,23.5715,1.1213003420703511,11.951,167.8,0,False,9.721,,0.6824165888995737,0.8642191372825624,1.460168981835566,,,,0.4829813097479936,,,2.9146144829890064,,
Americas,NACL,2024,full year (per-game derived),CCG Esports,Instinct,ADC,6,42.605,7.1008,0.9943662873536824,11.68,259.8,36,False,9.721,1.4409383198758507,0.5535764917473188,-0.6303021355662327,1.52477963700896,,,,2.104316672585029,,,0.0320227894541526,,
Americas,NACL,2024,full year (per-game derived),Gentle Hearts Gaming,Devin,ADC,9,32.991,3.6657,0.7254500287286755,14.883,202.8,0,False,9.721,1.2576860091561122,2.6226416765508955,-2.2220360998559165,-0.124775432703787,,,,2.011363518847983,,,-0.2673353818449319,,
Americas,NACL,2024,full year (per-game derived),Area of Effect Esports,Wixxi,ADC,49,27.045,0.5519,0.5591213076630256,20.223,476.8,37,False,9.721,1.670082997570572,0.9869690223118784,0.0168003347665791,0.8116025576079491,,,,0.4918123088131131,,,0.5725585633779992,,
Americas,NACL,2024,full year (per-game derived),Blue Otter,links,ADC,14,25.895,1.8496,0.5269354944383349,13.842,391.8,82,False,9.721,1.962341242944193,1.332677025958523,0.7750976292372804,0.6071768692460813,,,,-0.1962959233435313,,,1.0200611433206537,,
Americas,NACL,2024,full year (per-game derived),Maryville University,ScaryJerry,ADC,41,18.197,0.4438,0.3116086755979974,16.174,484.8,61,False,9.721,1.7500616160849352,-0.584166760732392,1.019375681852727,0.0245750043804663,,,,0.7617340682475962,,,-0.2261313565704087,,
Americas,NACL,2024,full year (per-game derived),Cincinnati Fear,Lens,ADC,35,17.232,0.4923,0.2846112892557674,10.413,500.8,84,False,9.721,1.4927073718684358,-0.872174173387497,0.2951221344128857,0.032423007954229,,,,0.9794248173476566,,,0.1197437498367015,,
Americas,NACL,2024,full year (per-game derived),Pulse Star,SageWabe,ADC,13,17.177,1.3213,0.2830751170259144,11.896,222.8,0,False,9.721,2.027989808671115,-0.1964429797592666,1.4706428676228676,0.47733833012633,,,,-0.1142319411460013,,,0.274703131000537,,
Americas,NACL,2024,full year (per-game derived),Winthrop University,Mobility,ADC,10,16.446,1.6446,0.2626391279478685,12.224,292.8,60,False,9.721,1.7183154661546216,-0.5229497383136871,0.8130585158269743,-0.6016278663633822,,,,-0.2251607947804191,,,2.459625426780216,,
Americas,NACL,2024,full year (per-game derived),Disguised,Tomo,ADC,17,15.863,0.9331,0.2463276354803465,12.461,300.8,58,False,9.721,1.415825176158104,1.0112228388531508,-0.5432486306729757,0.2195071607042583,,,,0.6540516711504831,,,-0.6195499072208545,,
Americas,NACL,2024,full year (per-game derived),Dragonsteel,ROCKBOOM,ADC,2,15.57,7.785,0.2381167646993564,10.557,191.8,12,False,9.721,,-0.9738805994200176,1.5134437939459937,-0.5029036278228965,,,,1.1658192941937675,,,-1.1715231992680788,,
Americas,NACL,2024,full year (per-game derived),Area of Effect Esports,Mobility,ADC,15,14.321,0.9547,0.2031863940483572,12.055,317.8,60,False,9.721,1.7227863063182935,0.4572278877043131,0.0939264560008807,0.7862557342457976,,,,-0.6032929567603993,,,1.2899140375621394,,
Americas,NACL,2024,full year (per-game derived),Blue Otter,Levitate,ADC,39,12.55,0.3218,0.1536421971786158,12.374,398.8,23,False,9.721,1.58176988902659,0.3510840949734962,0.0462259142007007,-0.1629307366217956,,,,-0.0241478775306508,,,0.7802171842579118,,
Americas,NACL,2024,full year (per-game derived),Winthrop University,Airren,ADC,25,11.123,0.4449,0.113740356140886,8.232,311.8,27,False,9.721,1.4140139651045858,-0.7231896583709495,0.0178384229875917,0.5124970717705332,,,,0.3082532985713294,,,0.2101614677078715,,
Americas,NACL,2024,full year (per-game derived),Supernova,Array,ADC,28,9.755,0.3484,0.0754599893110537,13.456,379.8,41,False,9.721,1.663991743934653,0.6721875414601696,0.6817863842329513,-0.3948666481166816,,,,0.3026409376079793,,,-1.1684244540003066,,
Americas,NACL,2024,full year (per-game derived),Lotus,Sushee,ADC,25,9.721,0.3888,0.0745041659602925,9.721,282.8,0,False,9.721,1.6060062877325147,0.939163416776576,0.3453406310856862,0.5936760261674968,,,,-0.4205277246051695,,,-0.4663416564162992,,
Americas,NACL,2024,full year (per-game derived),Team Liquid Challengers,Spawn,ADC,62,8.886,0.1433,0.0511655220536102,9.554,499.8,32,False,9.721,1.916709859457824,-0.4201744525502329,1.4320502307453935,-0.3729572835397772,,,,-0.1430572411275653,,,0.0027448107167027,,
Americas,NACL,2024,full year (per-game derived),Dragonsteel,ScaryJerry,ADC,28,8.245,0.2945,0.0332382089897915,12.542,419.8,61,False,9.721,1.5280957830632278,-0.0261010126583432,0.4248564259100362,0.2099533663910522,,,,0.4345581174952184,,,-1.3787257378207898,,
Americas,NACL,2024,full year (per-game derived),Supernova,Lens,ADC,36,6.169,0.1714,-0.0248493708503383,6.544,505.8,84,False,9.721,1.2615807977026632,0.0251073247071105,-0.9049916451497124,0.2315516320154394,,,,0.2619449925567427,,,-0.0963521126401234,,
Americas,NACL,2024,full year (per-game derived),FlyQuest NZXT,sajed,ADC,72,4.668,0.0648,-0.0668301742204371,6.697,547.8,15,False,9.721,1.5452009021636477,-0.2671849205857867,0.3884086700927047,-0.1084018016931917,,,,-0.4010356545457483,,,0.4718196860364753,,
Americas,NACL,2024,full year (per-game derived),Apex Mission Impossible,Bazz,ADC,8,1.722,0.2152,-0.1492501502963399,10.791,231.8,17,False,9.721,1.5769575400099043,-0.3236770448636633,0.4923416741344529,0.0541175944208725,,,,-0.4953855679443943,,,-0.0409781351688996,,
Americas,NACL,2024,full year (per-game derived),Disguised,Minui,ADC,48,1.371,0.0286,-0.1590600386757863,3.219,591.8,97,False,9.721,1.241728884019429,0.8052146155643728,-1.0754454606503332,-1.1563306837714296,,,,0.0890130499416304,,,0.2321569247650567,,
Americas,NACL,2024,full year (per-game derived),CCG Esports,ROCKBOOM,ADC,8,1.166,0.1458,-0.164790847159792,8.638,221.8,12,False,9.721,1.1984018403367571,0.2633152948853493,-1.3073510826501102,-0.7546028354739206,,,,0.3307971695948153,,,0.0244021969016466,,
Americas,NACL,2024,full year (per-game derived),Mirage Alliance,Neo,ADC,5,-1.64,-0.328,-0.2432821616526064,6.806,204.8,22,False,9.721,1.361490070748869,-1.0385278265909017,-0.0749502584715737,0.4272701787376327,,,,0.1178478625924674,,,-1.0994632948369991,,
Americas,NACL,2024,full year (per-game derived),Fear x Starforge,Instinct,ADC,37,-4.113,-0.1112,-0.3124489439502918,2.401,414.8,36,False,9.721,1.5100859740665695,0.2366366719217091,0.22292578666726,-0.1490733487753291,,,,-0.800111336084648,,,-0.4630445033125059,,
Americas,NACL,2024,full year (per-game derived),LiT Esports,ROCKBOOM,ADC,32,-7.034,-0.2198,-0.3941645779036765,2.177,341.8,12,False,9.721,1.3222846637216352,0.3109292654774943,-0.8935049760178444,0.8405162282538198,,,,-1.2240024796818392,,,0.0325364496726903,,
Americas,NACL,2024,full year (per-game derived),Mirage Alliance,Prismal,ADC,22,-10.547,-0.4794,-0.4924464925315181,1.397,267.8,0,False,9.721,1.116787931081156,-0.8873904165092461,-1.3549848981274382,0.1990128209477654,,,,-0.0740165979085028,,,-0.8678907393389378,,
Americas,NACL,2024,full year (per-game derived),Wildcard Gaming,Airren,ADC,26,-12.07,-0.4642,-0.5350382766960289,-1.239,316.8,27,False,9.721,1.3238284320634612,-1.2536096395543044,-0.1559665826708157,0.6431737283745912,,,,-0.7060273594507012,,,-0.9890251767355746,,
Americas,NACL,2024,full year (per-game derived),CCG Esports,Minui,ADC,20,-13.859,-0.693,-0.5850805366895702,0.421,451.8,97,False,9.721,1.2806517463279672,-2.094146641194324,-0.0099743056705413,-0.8540264744752911,,,,-0.5677378652594867,,,0.5788042638641884,,
Americas,NACL,2024,full year (per-game derived),Pulse Star,Prismal,ADC,2,-35.92,-17.96,-1.202199316724042,7.002,167.8,0,False,9.721,,-2.1912695907502524,-0.3304488452259214,-1.992431030457534,,,,-1.5350802490107067,,,0.454334297182535,,
Americas,NACL,2024,full year (per-game derived),DUCKIE GETTERS,Enthralled,ADC,18,-43.396,-2.4109,-1.4113201003932745,-9.568,247.8,0,False,9.721,0.9488325231572348,-0.7066347802887154,-2.6050344970067383,-0.2987270601905125,,,,-1.488141670010969,,,-1.8620355324473183,,
Americas,NACL,2024,full year (per-game derived),Area of Effect Esports,Cozy,ADC,2,-53.231,-26.6155,-1.686426536558072,5.97,167.8,0,False,9.721,,0.90256978267619,-0.2840148179871871,-3.6890807094216815,,,,-2.9129332818472204,,,-0.915540224599024,,
Americas,NACL,2024,full year (per-game derived),Apex Mission Impossible,Pockus,Support,8,32.095,4.0119,0.7520571246297889,13.99,220.8,20,False,8.292,0.5585375010941909,,1.4415731634286968,,0.917992390360834,0.9366589740431028,0.8123214299755703,,,,,0.3219654315794141,0.2158765116388495
Americas,NACL,2024,full year (per-game derived),Dragoon's Goons,Daption,Support,22,30.049,1.3659,0.6948374958866503,16.365,293.8,18,False,8.292,0.3667779457363682,,-1.0739708992225712,,1.5523966358671388,1.7914178229673707,1.478336003787715,,,,,0.3900632268403904,0.1635932472412174
Americas,NACL,2024,full year (per-game derived),Dragonsteel,Zyko,Support,30,21.908,0.7303,0.4671198427950825,17.069,429.8,61,False,8.292,0.4032285920819937,,-0.842214837184074,,1.1626114882734038,-0.8090490164992655,0.7811364816614188,,,,,0.9424803382496502,1.3476276503745055
Americas,NACL,2024,full year (per-game derived),Cincinnati Fear,Daption,Support,35,19.528,0.5579,0.4005336890494504,13.713,358.8,18,False,8.292,0.5136941247353671,,0.3297351679259291,,0.5032419973782855,1.80927037527638,0.9997003031192448,,,,,-0.8278134526286601,-0.2486390676096911
Americas,NACL,2024,full year (per-game derived),Area of Effect Esports,Breezy,Support,66,19.317,0.2927,0.3946227034995921,17.614,605.8,78,False,8.292,0.48052362264686,,0.7661800732010435,,0.4196932553105145,0.390962782280508,-0.0705160219916564,,,,,0.1292116197766143,0.6646881506363415
Americas,NACL,2024,full year (per-game derived),Disguised,Poome,Support,65,19.142,0.2945,0.3897245728284376,14.208,516.3,41,False,8.292,0.5478120380441497,,0.5754686628891504,,0.6430105770685061,0.3837467849064446,0.6193361849598075,,,,,-0.1365769141660585,0.280634627615908
Americas,NACL,2024,full year (per-game derived),Maryville University,Zyko,Support,41,16.474,0.4018,0.3151178385272536,15.32,484.8,61,False,8.292,0.4654040033689322,,-0.2960599953877845,,0.110525255612603,0.2208681332829542,0.2198410127248528,,,,,0.2749064452001708,1.1515245114900308
Americas,NACL,2024,full year (per-game derived),FlyQuest NZXT,Chime,Support,72,14.555,0.2022,0.2614149794912619,13.676,567.8,50,False,8.292,0.4484078443873422,,0.1308175975155403,,-0.1533800225520386,-0.0991178911091323,0.936739549276692,,,,,0.3248205461156154,0.395171074058968
Americas,NACL,2024,full year (per-game derived),Supernova,Diamond,Support,64,13.923,0.2175,0.2437528777251566,11.649,534.8,57,False,8.292,0.5031632701575062,,0.8113042320794547,,-0.0436372385081712,0.6577527156360092,-0.1356795812230072,,,,,-0.4056818818351394,0.5115177917064664
Americas,NACL,2024,full year (per-game derived),Fear x Starforge,Winsome,Support,37,12.203,0.3298,0.1956360848119773,11.879,426.8,84,False,8.292,0.3245330969409467,,-1.259695756379403,,1.31831105371976,0.5618890849820396,1.0486709759577555,,,,,-0.5463259377367107,0.0799008876251336
Americas,NACL,2024,full year (per-game derived),Pulse Star,Prismal,Support,13,11.762,0.9048,0.1833086975043217,13.724,304.8,41,False,8.292,0.4626539178051716,,-0.1758947823147918,,-1.271692706858664,0.9875044479235788,0.0345614753395385,,,,,0.8692896233458797,0.5615290415731756
Americas,NACL,2024,full year (per-game derived),Blue Otter,rovex,Support,53,10.179,0.1921,0.13902083375039,5.427,506.8,42,False,8.292,0.4293501200995039,,0.4984666079299405,,0.0065918145537095,0.536901828323928,0.1478015564227835,,,,,-0.0459996861723145,-0.2199055280944875
Americas,NACL,2024,full year (per-game derived),Gentle Hearts Gaming,winter,Support,4,8.671,2.1678,0.096834484064275,8.023,187.8,5,False,8.292,,,2.2016442610908884,,-0.3767485836571789,0.2473631371057784,-0.7908620641074265,,,,,1.3420710840110832,-1.6146018472331405
Americas,NACL,2024,full year (per-game derived),Team Liquid Challengers,Kim Down,Support,62,7.913,0.1276,0.0756218933158855,11.114,659.8,96,False,8.292,0.3353589541446215,,-0.5699623365198869,,-0.2817324513661284,0.7257730338787874,1.5365095412631713,,,,,-0.9610546775653124,0.0184829788269226
Americas,NACL,2024,full year (per-game derived),Lotus,Mixtsure,Support,25,6.232,0.2493,0.0286124593836546,8.448,302.8,10,False,8.292,0.561143101534768,,0.4147422363411074,,-0.2375065457682765,-0.6446517594457287,-0.2825801603614078,,,,,-0.3157808721732043,0.995683978044281
Americas,NACL,2024,full year (per-game derived),Winthrop University,SkyTec,Support,21,3.57,0.17,-0.0458689657756186,7.173,350.8,44,False,8.292,0.3586084589384093,,-2.163037966248417,,0.1954870404897444,0.1751589322071582,0.9168285910096042,,,,,0.6439734664765349,-0.0440728800257932
Americas,NACL,2024,full year (per-game derived),LiT Esports,Plux,Support,32,0.647,0.0202,-0.1276115265697403,4.447,355.8,24,False,8.292,0.4727599137719538,,0.3658208995992579,,-0.389043869205382,0.0501182333648723,-0.0820616243207347,,,,,0.1777561936748717,-0.7361294993390101
Americas,NACL,2024,full year (per-game derived),CCG Esports,Trevor,Support,34,-1.942,-0.0571,-0.2000436001063066,4.104,470.8,95,False,8.292,0.4654672778386409,,-0.0958638958954504,,-0.9008958704473818,-0.3596797457376612,-0.3433320563450535,,,,,0.4463045690498685,0.0025555989690096
Americas,NACL,2024,full year (per-game derived),Disguised,Qitong,Support,2,-2.019,-1.0095,-0.202203917205022,6.205,211.8,22,False,8.292,,,0.9328088893647912,,-1.6741779959623289,-0.7125064111647057,-0.885729677728373,,,,,2.109567250900581,-0.8269892303530819
Americas,NACL,2024,full year (per-game derived),Wildcard Gaming,Doxa,Support,26,-2.896,-0.1114,-0.2267252475503256,3.239,287.8,0,False,8.292,0.5608581276442757,,0.960552255194308,,-0.1845003347149509,-1.2184429969164872,-1.2175707322205165,,,,,0.2604541113616925,-0.0140200799148651
Americas,NACL,2024,full year (per-game derived),DUCKIE GETTERS,Hiccup1357,Support,18,-3.099,-0.1722,-0.232415707873778,4.155,247.8,0,False,8.292,0.7662856028615701,,-0.1081147798006332,,1.659991364538783,-3.0314249747664674,-1.7346082335493704,,,,,0.4129217444811628,1.0789093639083298
Americas,NACL,2024,full year (per-game derived),Winthrop University,Chookies,Support,14,-10.537,-0.7526,-0.4404754375994666,1.789,288.8,43,False,8.292,0.5118163206085256,,0.262827450062959,,-2.2290025121107484,-0.8989962734079671,-1.1565981629111015,,,,,0.8423524325213712,0.3411564646790561
Americas,NACL,2024,full year (per-game derived),Mirage Alliance,Prismal,Support,5,-11.198,-2.2396,-0.4589621102810255,11.853,264.8,41,False,8.292,0.3862001947349935,,-1.1499800898613792,,-1.269107311653343,0.186064905589999,-1.167575754868607,,,,,-0.6023774629895893,0.907570019621208
Americas,NACL,2024,full year (per-game derived),Pulse Star,Clareetz,Support,2,-12.93,-6.465,-0.507413329404109,7.028,167.8,0,False,8.292,,,-0.007445766649509,,1.3962404811512497,-0.31409013724162,1.1420956762762753,,,,,-2.688629411746204,-2.1596033204526988
Americas,NACL,2024,full year (per-game derived),Mirage Alliance,Dardoch,Support,22,-15.695,-0.7134,-0.584744292417062,-0.356,311.8,22,False,8.292,0.4670006369402559,,0.0596535938581828,,-0.0028734051777333,-0.9961269678358624,-2.050699622659701,,,,,-0.8084790729052684,0.1150989176909953
Americas,NACL,2024,full year (per-game derived),Gentle Hearts Gaming,Clyde,Support,5,-52.409,-10.4818,-1.6117514424807158,0.258,186.8,2,False,8.292,0.4243074905386787,,-2.009353985017353,,-0.8717945063422065,-0.5773650176440037,-0.7560650894874753,,,,,-2.149418713666397,-2.967559362677631
Americas,NACL,2025,full year (per-game derived),DarkZero Dragonsteel,Zamudo,Top,26,57.817,2.2237,1.2222506521108547,30.267,379.8,62,False,8.856,1.0194905516891697,0.6041494430401183,,,,,,,,0.2814557001174135,,,2.1556038922566576
Americas,NACL,2025,full year (per-game derived),Conviction,V1per,Top,1,52.926,52.926,1.0882314506827273,10.209,162.8,0,False,8.856,,0.3242953745344939,,,,,,,,-0.3831606073076119,,,2.3820846302541634
Americas,NACL,2025,full year (per-game derived),DarkZero Dragonsteel,Tenacity,Top,8,29.998,3.7498,0.4599504190418177,5.228,341.8,93,False,8.856,1.0679103808487795,0.3520811928048741,,,,,,,,-0.8192980885252301,,,1.1296836530388843
Americas,NACL,2025,full year (per-game derived),Winthrop University,Denathor,Top,46,28.499,0.6195,0.4188720907768203,18.917,478.8,58,False,8.856,1.1859385130586924,-0.0644153947806047,,,,,,,,2.3268637685827853,,,-0.0529798200425433
Americas,NACL,2025,full year (per-game derived),Citadel Gaming,Philip,Top,19,26.149,1.3763,0.3544861191080097,12.951,361.8,72,False,8.856,1.151918620565085,0.3867587930524997,,,,,,,,1.2891820131764966,,,-0.0967805659686124
Americas,NACL,2025,full year (per-game derived),DarkZero Dragonsteel,Keii,Top,18,25.877,1.4376,0.3470241372145307,15.037,247.8,0,False,8.856,1.000984878948453,1.2229548697099464,,,,,,,,-0.7547184123345156,,,0.1311456058769391
Americas,NACL,2025,full year (per-game derived),Dorado Gaming,Ariana,Top,20,22.366,1.1183,0.2508120993729346,14.096,257.8,0,False,8.856,1.1047225851994995,1.30137797345421,,,,,,,,-1.4287304984782814,,,0.1546866559660803
Americas,NACL,2025,full year (per-game derived),Luminosity Gaming,FakeGod,Top,50,14.673,0.2935,0.0400079092472197,12.9,487.8,80,False,8.856,1.2387573485650154,0.4949325017695872,,,,,,,,-0.390084240760498,,,-0.1367066891766636
Americas,NACL,2025,full year (per-game derived),CCG Esports,Crimson,Top,39,9.358,0.2399,-0.1056280741402221,8.791,420.8,34,False,8.856,1.3008123226167136,-0.0062002363499847,,,,,,,,-0.3384725500285288,,,-0.0811397251102769
Americas,NACL,2025,full year (per-game derived),Apex Mission Impossible,Dec0y,Top,30,8.856,0.2952,-0.1193960311031972,10.667,325.8,10,False,8.856,1.24738399900461,1.6110747906653504,,,,,,,,-0.0633628704083407,,,-1.5607054128660347
Americas,NACL,2025,full year (per-game derived),Cupid Esports,Berik,Top,4,7.276,1.819,-0.1626933180954685,5.641,204.8,16,False,8.856,,0.3302534947889129,,,,,,,,-1.0249816956892752,,,-0.1740641751855048
Americas,NACL,2025,full year (per-game derived),Supernova,Horder,Top,23,4.59,0.1996,-0.2362877131123964,9.782,305.8,18,False,8.856,1.0709703212614603,-0.6444794860930791,,,,,,,,0.0446008433930226,,,-0.0299892427215738
Americas,NACL,2025,full year (per-game derived),Near Airport,TF Blade,Top,38,2.229,0.0587,-0.3009660065356919,5.236,347.8,0,False,8.856,0.7825416499649759,-0.6648661827731124,,,,,,,,0.6815720326354399,,,-0.4498376983283169
Americas,NACL,2025,full year (per-game derived),Blue Otter,Qwacker,Top,46,0.35,0.0076,-0.3524689686751091,4.032,491.8,65,False,8.856,0.9493272552623736,-0.2874353604046225,,,,,,,,-0.3887304633244586,,,-0.3891957869648938
Americas,NACL,2025,full year (per-game derived),Pulse Star,DrCalculus,Top,27,-0.35,-0.013,-0.3716456629766212,6.868,328.8,18,False,8.856,1.081591799479222,0.883796519616365,,,,,,,,0.4005260530790647,,,-1.7498127742143763
Americas,NACL,2025,full year (per-game derived),Cupid Esports,DrCalculus,Top,4,-5.292,-1.323,-0.5070616504712948,10.287,213.8,18,False,8.856,,-2.253689628602114,,,,,,,,2.0747030430412,,,-0.2515318017790312
Americas,NACL,2025,full year (per-game derived),Conviction,TF Blade,Top,21,-9.24,-0.44,-0.6152526719518884,1.627,262.8,0,False,8.856,1.003025886927465,-1.2972067589472491,,,,,,,,-0.0963079991779032,,,-0.2931741793074954
Americas,NACL,2025,full year (per-game derived),Conviction,Horder,Top,35,-10.043,-0.2869,-0.6372636820104189,1.931,365.8,18,False,8.856,0.9504913669551596,-1.1303348440877603,,,,,,,,-0.7645361512853882,,,-0.1759906997312443
Americas,NACL,2025,full year (per-game derived),Supernova,Stray,Top,21,-14.996,-0.7141,-0.7729710984826245,-0.673,262.8,0,False,8.856,1.0164546418683875,-1.1630470613978796,,,,,,,,-0.6465198767053929,,,-0.5112958659961572
Americas,NACL,2025,full year (per-game derived),Near Airport,Spica,Jungle,38,54.75,1.4408,1.1125942451720987,35.728,401.8,78,False,13.031,1.1621238553033753,0.2317248855543662,1.3044462676247457,,,,,1.5985749021478377,1.3156309253614455,,,,
Americas,NACL,2025,full year (per-game derived),Cupid Esports,Bio,Jungle,4,37.85,9.4625,0.6494858244023569,13.722,213.8,18,False,13.031,,1.815386482851176,-1.4154196302663815,,,,,1.668453837321905,0.5295226077027279,,,,
Americas,NACL,2025,full year (per-game derived),Blue Otter,Music,Jungle,22,37.207,1.6912,0.6318808711236142,20.86,420.8,100,False,13.031,0.995184490778729,0.5932529442112435,0.4443571293829357,,,,,0.5012441442171158,0.988669266683162,,,,
Americas,NACL,2025,full year (per-game derived),DarkZero Dragonsteel,Yuuji,Jungle,10,32.713,3.2713,0.5087282130944484,21.121,308.8,71,False,13.031,1.488190917096097,-1.2329926220306349,2.904536645135471,,,,,0.2562776132265612,0.1070912160463959,,,,
Americas,NACL,2025,full year (per-game derived),Blue Otter,KryRa,Jungle,21,31.754,1.5121,0.4824544450601254,23.575,288.8,13,False,13.031,1.1318870614393153,-0.3353678279289224,1.3933237432405794,,,,,-0.4883164903745399,1.3601783553033846,,,,
Americas,NACL,2025,full year (per-game derived),Luminosity Gaming,Tomio,Jungle,50,27.701,0.554,0.3713953425285158,22.557,463.8,56,False,13.031,0.8473368412945016,-0.5090134529897312,0.2227605202337457,,,,,1.4823095071453294,0.2895247957247195,,,,
Americas,NACL,2025,full year (per-game derived),CCG Esports,Dardoch,Jungle,28,27.435,0.9798,0.3640922557823656,24.272,350.8,29,False,13.031,0.8331144741731203,-0.0591719338387504,-0.3080980827913748,,,,,0.7287241095889057,1.094914930170682,,,,
Americas,NACL,2025,full year (per-game derived),CCG Esports,Music,Jungle,11,26.738,2.4307,0.3449922447494912,16.829,365.8,100,False,13.031,0.936538981069424,1.9843423332403087,-0.4415285950756843,,,,,-0.7706217441463314,0.6077769849796717,,,,
Americas,NACL,2025,full year (per-game derived),Citadel Gaming,Kenvi,Jungle,19,19.62,1.0326,0.1499441625819561,12.193,398.8,100,False,13.031,0.7586643279529472,-0.4283335298441802,-1.016263606054015,,,,,-0.1860634276164188,2.230437213842438,,,,
Americas,NACL,2025,full year (per-game derived),Conviction,Kisno,Jungle,35,18.287,0.5225,0.1134227791213781,15.146,418.8,54,False,13.031,0.868737219460408,-0.146222242940689,0.3319445738662174,,,,,0.5731967115034571,-0.3052279259434726,,,,
Americas,NACL,2025,full year (per-game derived),DarkZero Dragonsteel,Kisno,Jungle,18,14.569,0.8094,0.0115401088508584,13.344,333.8,54,False,13.031,0.933543967405816,0.0304214606824201,0.7909425121931457,,,,,0.1770556614566683,-0.9522591989288004,,,,
Americas,NACL,2025,full year (per-game derived),Conviction,Perry,Jungle,22,11.493,0.5224,-0.0727411985925586,7.905,436.8,133,False,13.031,0.7634892617234188,1.0946730883094222,-1.1492452502816202,,,,,-0.0724228204813296,-0.1639698119167069,,,,
Americas,NACL,2025,full year (per-game derived),Supernova,Dardoch,Jungle,23,11.398,0.4956,-0.0753509631439415,18.369,325.8,29,False,13.031,0.7366953730062034,-1.2373726032970045,0.0479408594072478,,,,,1.6115600566986163,-0.7235321653846261,,,,
Americas,NACL,2025,full year (per-game derived),Cupid Esports,Matty,Jungle,4,10.519,2.6298,-0.0994256184247009,12.748,177.8,0,False,13.031,,0.7466971011327158,-0.1999894585574821,,,,,-0.5806393518137153,-0.3637707644603222,,,,
Americas,NACL,2025,full year (per-game derived),Winthrop University,Wilson,Jungle,46,5.486,0.1193,-0.2373546629712098,7.429,401.8,12,False,13.031,0.8174424090035212,0.7869011805963165,-0.4757318687490262,,,,,-0.9128042501437504,-0.3477837135883792,,,,
Americas,NACL,2025,full year (per-game derived),Supernova,Keel,Jungle,21,4.338,0.2066,-0.2688096137930625,16.138,470.8,146,False,13.031,0.7585019643950629,1.2561416884118883,-0.9803164081799124,,,,,-0.2148143244315022,-1.136249410972724,,,,
Americas,NACL,2025,full year (per-game derived),DarkZero Dragonsteel,KryRa,Jungle,13,-4.338,-0.3337,-0.506543272113278,12.833,248.8,13,False,13.031,0.7963632588633376,-0.4011474827367215,0.321483732729312,,,,,-0.2339107644090965,-1.712598574036606,,,,
Americas,NACL,2025,full year (per-game derived),Pulse Star,Bio,Jungle,27,-4.483,-0.166,-0.5105150865124933,4.78,328.8,18,False,13.031,0.8331534533474778,-0.1826050385788094,0.0012584847507665,,,,,-1.989899990882573,0.1291861986606427,,,,
Americas,NACL,2025,full year (per-game derived),Apex Mission Impossible,Lojaz,Jungle,30,-8.624,-0.2875,-0.6239825700244928,2.736,323.8,8,False,13.031,0.6666883455047922,-0.4971246202489472,-1.2589022474507647,,,,,-0.8037835008207234,0.0638800884224641,,,,
Americas,NACL,2025,full year (per-game derived),Dorado Gaming,Kaido,Jungle,20,-10.984,-0.5492,-0.6886514524276964,8.232,290.8,18,False,13.031,0.6660194943869016,-1.7447844766792868,-0.2703173179499279,,,,,-0.024870259267519,-0.714633755814052,,,,
Americas,NACL,2025,full year (per-game derived),Blue Otter,Lojaz,Jungle,3,-11.555,-3.8517,-0.7042994766249703,10.624,188.8,8,False,13.031,,-1.4876562870875638,0.2435585761120711,,,,,-0.8284523263562716,-0.7446478691681168,,,,
Americas,NACL,2025,full year (per-game derived),DarkZero Dragonsteel,Shimmer,Jungle,11,-20.625,-1.875,-0.9528565778388192,4.334,212.8,0,False,13.031,0.7081193122608546,-0.2777490467886209,-0.4907405793200518,,,,,-1.4907972925626265,-1.5521393926839775,,,,
Americas,NACL,2025,full year (per-game derived),Conviction,DARKWINGS,Middle,35,43.694,1.2484,0.9965878230494228,26.344,408.8,51,False,5.269,1.7658559868516743,0.9303463290643376,1.3531169222309152,,,,,1.37408627385624,,,0.0690048817049969,,
Americas,NACL,2025,full year (per-game derived),Conviction,KatEvolved,Middle,22,34.756,1.5798,0.7516778120573386,17.379,267.8,0,False,5.269,1.6581319551562912,0.9376293757975446,0.8685845936668581,,,,,0.1455750491709205,,,1.4717229076872171,,
Americas,NACL,2025,full year (per-game derived),Citadel Gaming,Bradley,Middle,19,33.208,1.7478,0.7092532106799698,18.963,301.8,43,False,5.269,1.4269525062394788,0.1033610153982216,0.2242873813028046,,,,,1.3668825251019223,,,0.6904157050577527,,
Americas,NACL,2025,full year (per-game derived),Near Airport,Pobelter,Middle,38,20.846,0.5486,0.3705170700312303,13.778,347.8,0,False,5.269,1.5376140290831004,-0.1455071720658809,1.0491965483576953,,,,,0.650015599048011,,,-0.2641838220531337,,
Americas,NACL,2025,full year (per-game derived),Apex Mission Impossible,PhyMini,Middle,23,20.538,0.893,0.3620702605974121,11.705,272.8,0,False,5.269,1.3554223827105392,0.4690825478862361,-0.236103740556661,,,,,-0.1768384960206281,,,1.7630630564252017,,
Americas,NACL,2025,full year (per-game derived),Luminosity Gaming,PhyMini,Middle,2,17.634,8.817,0.2824914362676383,6.006,167.8,0,False,5.269,,-3.1326321202705696,1.7908849967793552,,,,,1.6091101007655473,,,-0.0505045807171149,,
Americas,NACL,2025,full year (per-game derived),DarkZero Dragonsteel,Spirax,Middle,26,16.539,0.6361,0.2524903582442283,13.659,399.8,71,False,5.269,1.1949218803105357,0.2939477449235674,-0.1279947461925944,,,,,0.8796304303849088,,,-0.4667678005111869,,
Americas,NACL,2025,full year (per-game derived),Apex Mission Impossible,Retrozing,Middle,7,15.706,2.2437,0.2296493056104889,7.164,192.8,0,False,5.269,1.6132249947587487,0.0352065674536953,1.311359150188651,,,,,-0.0927540550359309,,,-0.1139842384655756,,
Americas,NACL,2025,full year (per-game derived),DarkZero Dragonsteel,Toasty,Middle,26,6.388,0.2457,-0.0256666131138255,5.714,394.8,71,False,5.269,1.400312348508714,0.2658771573543729,0.3407369791174938,,,,,0.1262054487951366,,,-0.9401099094582076,,
Americas,NACL,2025,full year (per-game derived),Supernova,Ablazeolive,Middle,23,5.949,0.2587,-0.0377149938696503,9.999,352.3,48,False,5.269,1.285193313800183,0.5569120520353649,-0.2979589265228102,,,,,0.3437582666232848,,,-1.0158128252846157,,
Americas,NACL,2025,full year (per-game derived),Winthrop University,Sword,Middle,46,4.59,0.0998,-0.0749512687624575,3.681,430.8,33,False,5.269,1.3378034763922302,0.3797231928322172,0.3086938027283518,,,,,-0.0362659422664656,,,-0.9787423538671924,,
Americas,NACL,2025,full year (per-game derived),CCG Esports,Young,Middle,11,4.036,0.3669,-0.0901210813377943,0.501,347.8,69,False,5.269,1.2837407566450774,-1.2054358817281348,0.4210148071192535,,,,,-0.284477768395226,,,0.8418463620152341,,
Americas,NACL,2025,full year (per-game derived),Blue Otter,Samikin,Middle,46,1.129,0.0245,-0.1697763785607196,4.237,493.8,53,False,5.269,1.291733502650591,0.7102219717184346,-0.1432685246480693,,,,,-0.2437328123086395,,,-0.9514740250222856,,
Americas,NACL,2025,full year (per-game derived),Dorado Gaming,shochi,Middle,20,0.025,0.0012,-0.2000256614729191,3.655,341.8,56,False,5.269,1.2235424343586927,0.8534828081503503,-0.9048999891461325,,,,,-0.2823796057592393,,,-0.4093353431517957,,
Americas,NACL,2025,full year (per-game derived),Pulse Star,aadurrr,Middle,27,-0.076,-0.0028,-0.202792250601851,2.805,292.8,0,False,5.269,1.2207097990977425,0.108148338924932,-0.5651217412206968,,,,,-1.127878608618383,,,1.4100937055066831,,
Americas,NACL,2025,full year (per-game derived),Cupid Esports,aadurrr,Middle,4,-6.207,-1.5518,-0.3707901826446141,3.979,177.8,0,False,5.269,,-1.881086089387595,-0.1944601106989994,,,,,-0.5167898718600907,,,1.2095059620935724,,
Americas,NACL,2025,full year (per-game derived),CCG Esports,Aojune,Middle,28,-7.374,-0.2634,-0.4027727134417193,-0.674,297.8,0,False,5.269,0.9833307696066156,-0.131690877948641,-1.732181211561315,,,,,0.1583686689786226,,,-0.2908968563544005,,
Americas,NACL,2025,full year (per-game derived),Luminosity Gaming,Insanity,Middle,48,-7.514,-0.1565,-0.4066278987249742,-2.95,440.3,55,False,5.269,1.0710977979725451,0.3940047572095168,-1.227794915724176,,,,,0.0112669106629956,,,-1.0910162506371466,,
Americas,NACL,2025,full year (per-game derived),Supernova,Asilah,Middle,21,-17.519,-0.8342,-0.6807714317298382,-3.834,262.8,0,False,5.269,1.1344407435629005,0.4075245536373579,-0.23078172830068,,,,,-0.9882222035882524,,,-1.700363829861935,,
Americas,NACL,2025,full year (per-game derived),Cupid Esports,Likeamaws,Middle,4,-39.851,-9.9628,-1.2927268022773777,-0.417,180.8,3,False,5.269,,0.0508837290146764,-2.007309546919236,,,,,-2.9155599095347338,,,0.8175392548938627,,
Americas,NACL,2025,full year (per-game derived),Conviction,TF Blade,ADC,1,47.538,47.538,1.056278865792124,4.595,162.8,0,False,3.235,,2.80625456763738,1.419056948112241,-2.559162232363078,,,,3.453873357889876,,,-2.8356214274379874,,
Americas,NACL,2025,full year (per-game derived),Supernova,ScaryJerry,ADC,23,35.385,1.5385,0.7232652117943463,16.464,382.8,69,False,3.235,1.8844522364383989,1.330271482808194,0.3002060857860791,0.050111978533664,,,,1.4080423010572505,,,-0.328277150792086,,
Americas,NACL,2025,full year (per-game derived),DarkZero Dragonsteel,sajed,ADC,44,27.983,0.636,0.5204284844437195,14.094,536.8,87,False,3.235,2.0065366165823684,-0.3126851390473792,1.3396194540823598,0.1756975679496494,,,,0.577617078860144,,,0.7504077173532928,,
Americas,NACL,2025,full year (per-game derived),Near Airport,Doublelift,ADC,33,22.748,0.6893,0.3769823305277965,13.68,348.3,51,False,3.235,1.4636408337177922,0.3390547729092681,-1.0987276461725723,0.6202540635686163,,,,0.8224932434044708,,,0.6449485778333569,,
Americas,NACL,2025,full year (per-game derived),Supernova,Shogo,ADC,21,21.293,1.014,0.3371013577779506,10.449,262.8,0,False,3.235,1.462412434720458,-0.4102877712237593,-0.7902051641646611,0.9208967467928606,,,,0.1898673396219819,,,1.9592781605582916,,
Americas,NACL,2025,full year (per-game derived),Dorado Gaming,Sushee,ADC,17,21.193,1.2466,0.3343765289295515,9.555,292.8,25,False,3.235,2.227885161990451,-0.2502985011592386,1.7306245568096394,0.9378531256891924,,,,-0.3103353403420496,,,0.3699286402397151,,
Americas,NACL,2025,full year (per-game derived),DarkZero Dragonsteel,Spawn,ADC,8,20.372,2.5465,0.311877764021724,6.581,326.3,71,False,3.235,1.843551708312201,-1.03757426290235,1.483206766679629,0.5723902676422847,,,,0.2728110247229908,,,0.3173884480894827,,
Americas,NACL,2025,full year (per-game derived),Cupid Esports,Hub,ADC,4,19.879,4.9698,0.2983660006359158,5.107,177.8,0,False,3.235,,0.5467255438615043,1.1597114579694994,1.1121863950009034,,,,-0.3913976477014064,,,-0.0731911855292687,,
Americas,NACL,2025,full year (per-game derived),Winthrop University,Mobility,ADC,46,15.862,0.3448,0.1882898041483394,11.109,427.8,25,False,3.235,1.7092592726638125,0.2639118848412995,-0.0863312192461532,0.236730235537723,,,,-0.0871643700255383,,,0.9586202073517136,,
Americas,NACL,2025,full year (per-game derived),Luminosity Gaming,Tactical,ADC,50,13.051,0.261,0.1112672249381303,8.396,454.8,65,False,3.235,1.487650115607476,0.0581219532255634,-0.7273611351698115,0.3951377987496091,,,,0.2317609958927097,,,0.448059298299357,,
Americas,NACL,2025,full year (per-game derived),Blue Otter,Array,ADC,23,12.415,0.5398,0.0938225788262585,12.644,344.8,50,False,3.235,1.787762529046049,0.4998686407995277,0.1192375568730239,-0.4121462912536786,,,,0.056802671490978,,,0.2516252003905422,,
Americas,NACL,2025,full year (per-game derived),Pulse Star,Hub,ADC,27,3.235,0.1198,-0.1577288443356305,3.235,292.8,0,False,3.235,1.4339071658779112,-0.4899807972843955,-0.6465809575020693,0.2983458840681984,,,,-0.3368798610362272,,,0.6103902809520867,,
Americas,NACL,2025,full year (per-game derived),Conviction,V1per,ADC,21,1.709,0.0814,-0.1995269355554405,2.376,264.8,2,False,3.235,1.4063323337914844,-0.4266935471844978,-0.6453421796950275,1.1046448639588236,,,,-0.0374270756001335,,,-1.1954415642005012,,
Americas,NACL,2025,full year (per-game derived),Apex Mission Impossible,Bazz,ADC,30,1.238,0.0413,-0.2124317154427572,3.442,340.8,25,False,3.235,1.6078289359747842,-0.6087310147021635,0.4004828684227213,0.1493183958598665,,,,-0.4492777438720963,,,-0.2578935473854399,,
Americas,NACL,2025,full year (per-game derived),CCG Esports,Array,ADC,28,0.487,0.0174,-0.2330233006576203,8.114,369.8,50,False,3.235,1.5060427090552038,0.8107784168087944,-0.8589670910099108,0.1407581448062108,,,,-0.1998315030731657,,,-1.0993442178005988,,
Americas,NACL,2025,full year (per-game derived),Conviction,Airren,ADC,35,-1.461,-0.0417,-0.2863863543573997,-0.231,409.8,51,False,3.235,1.3350427189420289,-0.5461484777828151,-0.8455705843344608,0.1551927001145198,,,,-0.0304504212497646,,,-0.484874904919022,,
Americas,NACL,2025,full year (per-game derived),CCG Esports,Shogo,ADC,11,-2.953,-0.2685,-0.3272930572648315,1.636,212.8,0,False,3.235,1.2066685363740508,-0.4309565769693634,-1.761181557375231,-0.3612409461748643,,,,0.0002351192508842,,,0.5072684542997724,,
Americas,NACL,2025,full year (per-game derived),Blue Otter,Levitate,ADC,22,-3.269,-0.1486,-0.3359478913851466,4.356,368.8,62,False,3.235,1.411871059087771,-0.4788099936617951,-0.1815390265003871,-0.7242968464569047,,,,-0.2532476727365511,,,-0.1452211908808391,,
Americas,NACL,2025,full year (per-game derived),Citadel Gaming,Instinct,ADC,19,-4.599,-0.2421,-0.3723968140696156,1.434,301.8,43,False,3.235,1.4752292217233052,0.2536148520381923,-0.4390962934627794,0.0296580388395706,,,,-0.7188461639085425,,,-0.5542528165558607,,
Americas,NACL,2025,full year (per-game derived),Near Airport,Sushee,ADC,5,-6.929,-1.3858,-0.4362235876350518,3.536,232.8,25,False,3.235,2.212325272034636,1.5771362190173437,1.3286565820129352,-0.0480758235187773,,,,-2.0168490196927458,,,-1.0462041059218976,,
Americas,NACL,2025,full year (per-game derived),Dorado Gaming,Fatihcan,ADC,3,-9.141,-3.047,-0.4968415003614352,2.161,172.8,0,False,3.235,,-0.25767062692092,-0.2446208085077348,-1.615294690378015,,,,-0.6523095807409559,,,0.4800233052148504,,
Americas,NACL,2025,full year (per-game derived),Blue Otter,Airren,ADC,1,-14.594,-14.594,-0.6462675226172595,0.367,239.8,51,False,3.235,,-1.9312435846971092,-1.226847136182332,1.145521614860761,,,,-0.6031882124355187,,,-0.6694294323592747,,
Americas,NACL,2025,full year (per-game derived),Cupid Esports,Nightstar,ADC,4,-14.657,-3.6642,-0.6479886281536656,1.223,177.8,0,False,3.235,,-1.3046580404112536,0.2715685225750109,-2.324480991827123,,,,-0.9262985197765904,,,1.3918132532002838,,
Americas,NACL,2025,full year (per-game derived),Winthrop University,Only35,Support,46,33.371,0.7255,0.7651681392968048,21.131,387.8,0,False,3.295,0.376810444966421,,-0.3897120263871876,,0.4203590982937861,1.6099965464577684,2.02444859144816,,,,,0.1351021612184361,0.7856851996592543
Americas,NACL,2025,full year (per-game derived),Near Airport,Kelpo,Support,10,25.485,2.5485,0.5490562378974115,8.634,207.8,0,False,3.295,0.3460202922129015,,-2.065474675757521,,0.0403939384679736,1.6619062444392465,0.8188824240441721,,,,,0.1155178858181798,2.2883005358774176
Americas,NACL,2025,full year (per-game derived),Luminosity Gaming,Zeyzal,Support,50,23.543,0.4709,0.4958492955766733,16.03,487.8,80,False,3.295,0.4399955270713038,,0.265837507567151,,-1.716996859803364,1.2207430722030437,1.6261589578368958,,,,,0.8777532673459499,0.6604497217636258
Americas,NACL,2025,full year (per-game derived),CCG Esports,Breezy,Support,28,22.051,0.7875,0.4549645653564284,15.923,469.8,106,False,3.295,0.5029660178573725,,1.730248685198334,,-0.0118490212139487,0.1952510910702654,-0.1283958154794933,,,,,0.7579520828534171,0.2402572088392823
Americas,NACL,2025,full year (per-game derived),Apex Mission Impossible,Pockus,Support,23,21.295,0.9259,0.4342410383907465,12.173,291.8,11,False,3.295,0.3984441625698937,,0.0407883951818943,,0.3807343797381857,1.7000052001883943,1.054820721803431,,,,,-0.481169728546195,0.0150620172611647
Americas,NACL,2025,full year (per-game derived),Conviction,Stunt,Support,22,10.364,0.4711,0.1347084933307439,6.199,267.8,0,False,3.295,0.4014406151599829,,0.0747105385813776,,0.1579923073414392,-0.9489456896081266,-0.4226742089276499,,,,,1.6398798532788983,0.2727722261209687
Americas,NACL,2025,full year (per-game derived),Supernova,Breezy,Support,23,9.988,0.4343,0.124415839952921,12.46,444.8,106,False,3.295,0.395763148724102,,0.129113578496293,,-0.1957975146884578,0.2487022648070297,0.4048418192045291,,,,,0.4306220727376977,-0.1919065766810682
Americas,NACL,2025,full year (per-game derived),Citadel Gaming,Diamond,Support,19,8.71,0.4584,0.0893842225294769,7.832,386.8,76,False,3.295,0.4001379719884045,,0.71598205745589,,-0.0305172397134892,0.6552563427355462,0.0415093225887303,,,,,-1.6643036645875844,0.6725796578641106
Americas,NACL,2025,full year (per-game derived),Apex Mission Impossible,Protos,Support,7,6.968,0.9954,0.0416632577115353,3.962,192.8,0,False,3.295,0.4121672614037411,,-0.6247544511495552,,1.2062799095481749,-1.296812380825735,-1.5900966831201158,,,,,1.4494797871749825,0.8930393432554756
Americas,NACL,2025,full year (per-game derived),DarkZero Dragonsteel,Zyko,Support,44,3.799,0.0863,-0.0451836425484835,6.987,478.8,71,False,3.295,0.392874555127697,,-0.6332435290613095,,-0.4518113777511969,-0.1108176621743134,0.8544376404572536,,,,,-0.1369323835804179,0.1567756369455696
Americas,NACL,2025,full year (per-game derived),Pulse Star,Bruhruto,Support,27,2.792,0.1034,-0.0727692931015142,2.227,300.8,8,False,3.295,0.5104083031133594,,0.9000104431483921,,-0.7110768958264035,-0.8838624839376453,-0.1080161056866686,,,,,1.2666105693669027,-0.7347788871592331
Americas,NACL,2025,full year (per-game derived),DarkZero Dragonsteel,Cryogen,Support,8,2.189,0.2736,-0.0893060650828408,3.072,197.8,0,False,3.295,0.3393044046802869,,-1.979769656450704,,2.687151359754325,-0.0925385615339164,-0.0525966180329722,,,,,-1.3841085440707466,0.210959290853007
Americas,NACL,2025,full year (per-game derived),Conviction,Minui,Support,35,2.023,0.0578,-0.0938516560887095,2.626,332.8,0,False,3.295,0.3313281753595281,,-1.186553837765831,,0.3104589011235598,-0.9781632032935412,-0.0291224387274949,,,,,0.4512558560600086,0.676441497639091
Americas,NACL,2025,full year (per-game derived),Dorado Gaming,Mixtsure,Support,20,0.321,0.0161,-0.1404756624857773,3.458,317.8,35,False,3.295,0.408637159402106,,-0.1670681810657351,,0.3094790897635193,0.6053952572872057,0.511103465439437,,,,,-1.105657914734397,-0.8249796857809104
Americas,NACL,2025,full year (per-game derived),Near Airport,Biofrost,Support,28,-0.964,-0.0344,-0.175686902698488,1.07,300.8,6,False,3.295,0.3915757464323234,,-0.2653264962267729,,-1.1884733668193743,-0.0440313275740826,-1.152666623699981,,,,,1.071909179189809,0.3844363946118813
Americas,NACL,2025,full year (per-game derived),Blue Otter,rovex,Support,46,-4.706,-0.1023,-0.2782199193701276,-0.207,535.8,95,False,3.295,0.3885250011882654,,0.2809421084747585,,-0.1653190469535465,-0.9323083460820768,0.5543269405091854,,,,,-0.5757659025843752,-0.7206001995417946
Americas,NACL,2025,full year (per-game derived),CCG Esports,Fatihcan,Support,11,-7.15,-0.65,-0.3452016195769006,0.596,212.8,0,False,3.295,0.5376597511579009,,0.3617773321251324,,-2.0609865162098595,0.3823569860361427,-0.985177265116934,,,,,-0.2682235416083597,0.3301943059345991
Americas,NACL,2025,full year (per-game derived),Supernova,Rhino,Support,21,-10.945,-0.5212,-0.449185405549438,-1.081,272.8,10,False,3.295,0.5438485556037402,,1.7178005001479084,,0.4764826441599992,-1.0709219992735777,-0.9692154602555942,,,,,-0.7487949632281111,-1.7702076049876896
Americas,NACL,2025,full year (per-game derived),Cupid Esports,PicaPica,Support,4,-18.498,-4.6245,-0.6561722241643438,0.845,177.8,0,False,3.295,,,0.2358206729853581,,0.3818518072994621,-0.8629019326254959,-1.3377358774222197,,,,,-0.2477937667872259,-1.816253843581622
Americas,NACL,2025,full year (per-game derived),Cupid Esports,Bruhruto,Support,4,-21.682,-5.4205,-0.7433986993761126,-0.756,185.8,8,False,3.295,,,0.8588710345021205,,0.1616444034892189,-1.058309418296132,-1.1148327868626786,,,,,-1.5833323053168182,-1.528226238893131
Americas,NACL,2026,full year (per-game derived),NRG,Zamudo,Top,36,51.493,1.4304,1.0707095046503017,36.172,405.8,42,False,12.04,1.2055515547843427,-0.3450631075640127,,,,,,,,1.6850243370736655,,,1.9498348999059387
Americas,NACL,2026,full year (per-game derived),Maryville University,Crimson,Top,7,26.173,3.739,0.4727840264860937,12.416,304.8,73,False,12.04,1.324218316901096,-0.0736645811971353,,,,,,,,0.5225296715661686,,,0.8972666850087015
Americas,NACL,2026,full year (per-game derived),Winthrop University,Denathor,Top,41,24.156,0.5892,0.4251476324999436,19.837,487.8,79,False,12.04,1.3716249321231888,0.3612989073553686,,,,,,,,0.6445173000774713,,,0.3776740132648105
Americas,NACL,2026,full year (per-game derived),Maryville University,Keii,Top,25,23.942,0.9577,0.4201060777377352,18.268,318.8,18,False,12.04,0.8177761962822861,-0.075676287351744,,,,,,,,0.2313856077109089,,,0.9115282264595028
Americas,NACL,2026,full year (per-game derived),Blue Otter,Philip,Top,2,22.038,11.019,0.3751443954935209,14.264,240.8,54,False,12.04,,0.7565293493346702,,,,,,,,-1.4091128867198444,,,0.8741281979022922
Americas,NACL,2026,full year (per-game derived),Supernova,Horder,Top,30,21.844,0.7281,0.3705418271296476,12.953,388.8,58,False,12.04,1.064170670779651,-0.7748254221226718,,,,,,,,0.925207677999388,,,1.0555396443043903
Americas,NACL,2026,full year (per-game derived),Apex Mission Impossible,arbrio,Top,19,14.472,0.7617,0.1964710870773294,12.954,252.8,0,False,12.04,1.2119771468675329,0.4019417530774637,,,,,,,,1.1459228168779645,,,-0.4032102441048872
Americas,NACL,2026,full year (per-game derived),Citadel Gaming,Bradley,Top,7,13.704,1.9577,0.1783291870043991,12.342,192.8,0,False,12.04,1.107277182758707,0.3637589898140603,,,,,,,,0.7286231637975087,,,-0.2235197320185552
Americas,NACL,2026,full year (per-game derived),Citadel Gaming,Asilah,Top,2,10.376,5.188,0.0997374775832293,11.941,167.8,0,False,12.04,,2.113412002213107,,,,,,,,-1.194158693596488,,,-0.9596797829413444
Americas,NACL,2026,full year (per-game derived),Conviction,Sniper,Top,37,6.416,0.1734,0.0062337353662188,8.302,401.8,89,False,12.04,1.1364990069426506,-0.609545708373708,,,,,,,,0.4317949850551028,,,0.3166163485675753
Americas,NACL,2026,full year (per-game derived),CCG Esports,Fiji,Top,40,0.013,0.0003,-0.1449804965860612,5.318,357.8,0,False,12.04,1.1667740486848317,0.6310267239898231,,,,,,,,-0.3636754320694061,,,-0.6804887063829915
Americas,NACL,2026,full year (per-game derived),Dorado Gaming,Dec0y,Top,30,-0.004,-0.0001,-0.1453824589835977,7.513,375.8,38,False,12.04,1.301088592621671,0.6075116389653811,,,,,,,,-0.0284325109165583,,,-0.8145457882450527
Americas,NACL,2026,full year (per-game derived),Citadel Gaming,Stray,Top,11,-0.638,-0.058,-0.1603597659073617,4.848,254.8,21,False,12.04,1.0750225894365193,-0.3062244548144203,,,,,,,,-0.8148481602334026,,,0.2564787951647955
Americas,NACL,2026,full year (per-game derived),Blue Otter,Ariana,Top,21,-8.23,-0.3919,-0.3396269590242559,6.376,302.8,20,False,12.04,1.1272049488890177,0.5539879517937037,,,,,,,,-0.4324181755209512,,,-1.0285886058313614
Americas,NACL,2026,full year (per-game derived),Blue Otter,Rovex,Top,1,-40.431,-40.431,-1.100043013980191,10.429,162.8,0,False,12.04,,-1.1815161608116005,,,,,,,,-2.0334872740478014,,,-0.6090903210873972
Americas,NACL,2026,full year (per-game derived),Winthrop University,Berik,Top,5,-66.888,-13.3776,-1.724812256546949,0.575,201.8,15,False,12.04,0.9972047833986332,-2.42295159430828,,,,,,,,-0.038872427053723,,,-1.9199436299664172
Americas,NACL,2026,full year (per-game derived),Maryville University,Yuuji,Jungle,29,57.144,1.9705,0.962409297046842,32.526,335.3,35,False,12.158,1.2709640952905692,-0.3066006153259452,1.7258421006803546,,,,,1.7364829583129933,0.6939127445199652,,,,
Americas,NACL,2026,full year (per-game derived),Conviction,Perry,Jungle,3,47.431,15.8103,0.7330586883408368,9.951,252.8,58,False,12.158,,1.2327913280295186,-1.5448687647998078,,,,,1.738758358050536,1.5055538320831003,,,,
Americas,NACL,2026,full year (per-game derived),Maryville University,Niles,Jungle,3,42.621,14.207,0.6194697895242819,14.802,172.8,0,False,12.158,,1.9174947892973015,0.1038755780527582,,,,,-1.0177556483663488,1.4742644391134163,,,,
Americas,NACL,2026,full year (per-game derived),Supernova,Music,Jungle,29,21.613,0.7453,0.1233773372498455,19.518,357.8,33,False,12.158,1.099841214782163,-0.2383365551938875,1.431658420001344,,,,,-0.2244962832611311,-0.4753162325469433,,,,
Americas,NACL,2026,full year (per-game derived),CCG Esports,Dardoch,Jungle,40,21.296,0.5324,0.1158762996993713,17.3,431.8,51,False,12.158,0.9179608916561436,-0.5771291025574204,0.5276528978037263,,,,,0.0627951448852456,0.4501862586659338,,,,
Americas,NACL,2026,full year (per-game derived),NRG,Kisno,Jungle,36,16.593,0.4609,0.0048351771345553,14.848,408.8,53,False,12.158,0.8265747562096247,0.0904344557039639,-0.0075619897151975,,,,,0.2626324734632107,-0.3261642309137558,,,,
Americas,NACL,2026,full year (per-game derived),Conviction,Tomio,Jungle,34,12.158,0.3576,-0.0999115987189844,15.754,430.8,56,False,12.158,0.9737198547717,-1.4604816050188407,1.1556113476172674,,,,,-0.2912134699823548,0.1964373325079902,,,,
Americas,NACL,2026,full year (per-game derived),Citadel Gaming,Griffin,Jungle,20,9.591,0.4796,-0.1605183897109423,11.162,257.8,0,False,12.158,0.8235906155936841,-0.7897747002983249,0.1111495282274072,,,,,-0.2721053619423292,0.3086569751694775,,,,
Americas,NACL,2026,full year (per-game derived),Apex Mission Impossible,Bio,Jungle,19,6.193,0.3259,-0.2407595330244898,9.342,287.8,31,False,12.158,0.7353723648348934,1.3050033144606132,-1.1870367364268877,,,,,-0.7886156695690805,-0.2923890405626048,,,,
Americas,NACL,2026,full year (per-game derived),Winthrop University,Wilson,Jungle,46,-2.064,-0.0449,-0.4357573122798472,3.596,489.8,56,False,12.158,0.7339454125539818,0.5117411006585191,-0.6872029625342471,,,,,-0.8037802478007533,-0.7637871394429079,,,,
Americas,NACL,2026,full year (per-game derived),Supernova,Will,Jungle,1,-2.197,-2.197,-0.4388881218099021,12.369,199.8,37,False,12.158,,-0.2177167168167453,-0.5589351943880241,,,,,1.2915514655200202,-2.2704520415548592,,,,
Americas,NACL,2026,full year (per-game derived),Blue Otter,Munchy,Jungle,24,-7.981,-0.3325,-0.5754695701750818,3.46,277.8,0,False,12.158,0.6701363219838149,-1.2162280173603126,-0.8365777612542343,,,,,-0.4783280489509448,0.2292555468651643,,,,
Americas,NACL,2026,full year (per-game derived),Dorado Gaming,Lojaz,Jungle,30,-9.347,-0.3116,-0.6077220632764856,-0.095,370.8,33,False,12.158,0.7542409529963559,-0.2511976755784399,-0.2336064632644796,,,,,-1.2159256703590633,-0.7301584439039592,,,,
Americas,NACL,2026,full year (per-game derived),NRG,PhyMini,Middle,28,36.814,1.3148,0.6391305344166123,19.505,345.8,25,False,3.875,1.544084328533538,0.7994417972609339,0.8891378813158857,,,,,1.0941262854630676,,,-0.5392306028066538,,
Americas,NACL,2026,full year (per-game derived),Winthrop University,Samikin,Middle,5,36.055,7.211,0.6212017247617723,6.458,327.8,99,False,3.875,1.7151296401249283,1.2424110169883291,0.8123558374575822,,,,,0.1501901533336762,,,0.603704941043555,,
Americas,NACL,2026,full year (per-game derived),Maryville University,Spirax,Middle,29,35.279,1.2165,0.6028893668673898,19.05,384.8,56,False,3.875,1.1614768034562424,-0.6430889175911172,0.0068237020401503,,,,,1.779001744010505,,,0.4602129729508922,,
Americas,NACL,2026,full year (per-game derived),Citadel Gaming,Bradley,Middle,13,33.288,2.5606,0.555859863262946,16.627,266.8,25,False,3.875,1.3248624691584368,0.6310755965678103,-0.5275990049342886,,,,,0.6745909503211881,,,1.3642209285156195,,
Americas,NACL,2026,full year (per-game derived),Blue Otter,Samikin,Middle,22,28.101,1.2773,0.4333832440496067,10.433,412.8,99,False,3.875,1.2520859463077536,-0.0158364298570798,0.1706857111991419,,,,,0.7796539132577037,,,0.5610005391254176,,
Americas,NACL,2026,full year (per-game derived),CCG Esports,Leza,Middle,4,23.832,5.958,0.3325574120720241,5.601,203.8,13,False,3.875,,-1.3219540985393334,0.9617188027195208,,,,,0.3609400104856348,,,1.3097094468602422,,
Americas,NACL,2026,full year (per-game derived),Maryville University,AoJune,Middle,3,14.884,4.9613,0.1212711003331087,4.83,172.8,0,False,3.875,,-0.31265239966269,0.3259309543714427,,,,,1.516134687671758,,,-2.0037613504150875,,
Americas,NACL,2026,full year (per-game derived),Blue Otter,Young,Middle,2,7.437,3.7185,-0.0545986206299303,1.317,256.8,78,False,3.875,,-0.4481463261829949,1.2523620350047495,,,,,-1.008935085131543,,,0.6420701505965514,,
Americas,NACL,2026,full year (per-game derived),Conviction,Insanity,Middle,37,3.875,0.1047,-0.1387164492209414,0.95,453.8,78,False,3.875,1.293961202178728,1.7451147694423252,-0.3356784779410989,,,,,-0.3821951268921196,,,-1.4145588217027465,,
Americas,NACL,2026,full year (per-game derived),Dorado Gaming,aadam,Middle,30,3.11,0.1037,-0.1567761838173705,3.502,307.8,0,False,3.875,1.2555386973390672,0.1937168766030264,-0.038152723027879,,,,,-0.646077865765247,,,0.1998773050766163,,
Americas,NACL,2026,full year (per-game derived),Winthrop University,Zach,Middle,39,0.087,0.0022,-0.2281699670171913,1.782,352.8,0,False,3.875,1.167942483945322,0.3902954942232607,-0.1819880177276091,,,,,-0.2931214779707842,,,-0.7832162254217476,,
Americas,NACL,2026,full year (per-game derived),Supernova,shochi,Middle,30,-0.029,-0.001,-0.2308988486477239,3.165,375.8,48,False,3.875,1.0439020466636135,1.0108532339344254,-1.2349549052333668,,,,,0.0616930069647522,,,-0.9619500664624804,,
Americas,NACL,2026,full year (per-game derived),CCG Esports,AoJune,Middle,36,-5.023,-0.1395,-0.3488239242002193,-0.866,337.8,0,False,3.875,1.0101619794641306,1.0948181104484405,-1.444180272513696,,,,,-0.3522158253285714,,,-0.69087135436551,,
Americas,NACL,2026,full year (per-game derived),Apex Mission Impossible,Retrozing,Middle,19,-8.992,-0.4733,-0.4425465441477684,-0.085,266.8,7,False,3.875,1.7012724985170025,-1.12258579657005,1.6750568611812402,,,,,-2.156776780099447,,,1.0121121093312118,,
Americas,NACL,2026,full year (per-game derived),NRG,Siroinai,Middle,8,-9.174,-1.1468,-0.4468672157878563,1.237,197.8,0,False,3.875,1.0315903686115735,-1.6231365399325877,0.0862428293450495,,,,,-0.9936289802826104,,,1.1188467946519962,,
Americas,NACL,2026,full year (per-game derived),Citadel Gaming,Asilah,Middle,7,-13.81,-1.9729,-0.5563289314159641,-2.587,234.8,21,False,3.875,1.1083104956321572,-0.4255500009812276,-0.1724534060204204,,,,,-0.8012168737292148,,,-0.6578503742118765,,
Americas,NACL,2026,full year (per-game derived),Winthrop University,WU Zach,Middle,2,-20.003,-10.0015,-0.7025665608785001,2.452,167.8,0,False,3.875,,-1.1947763861514782,-2.245307807236398,,,,,0.2178372636912524,,,-0.220316392766026,,
Americas,NACL,2026,full year (per-game derived),Winthrop University,Tomo,ADC,5,70.588,14.1176,1.1695462946833783,21.876,230.8,57,False,21.637,2.2599333458038444,0.8883220450764535,0.7492910697587661,0.4005285211813926,,,,1.756276440998945,,,1.3199007135068763,,
Americas,NACL,2026,full year (per-game derived),Maryville University,MU Scary Jerry,ADC,3,53.862,17.954,0.7745833353163147,24.434,172.8,0,False,21.637,,-0.1879107081712007,-0.657420400866875,1.0657257998055123,,,,1.8192912843775155,,,0.5273457651101223,,
Americas,NACL,2026,full year (per-game derived),Conviction,Cody Sun,ADC,5,36.873,7.3746,0.3733923657929096,23.721,182.8,0,False,21.637,3.3066832735679084,0.0474321366814266,2.1079867391337985,-0.6474451399688628,,,,0.3137916522031658,,,0.1196973329021992,,
Americas,NACL,2026,full year (per-game derived),Winthrop University,Mobility,ADC,41,36.553,0.8915,0.3658331987293279,26.961,464.8,56,False,21.637,1.7818264817534315,-0.4160892942566357,0.2772787463492695,0.7803959592292459,,,,0.1212585498629762,,,1.3720403435447237,,
Americas,NACL,2026,full year (per-game derived),Maryville University,ScaryJerry,ADC,29,30.352,1.0466,0.2193966399561875,26.185,358.8,43,False,21.637,1.3325031480049938,0.5009566823377004,-0.9068604568491028,-0.8060049023454829,,,,1.4354451604789014,,,-0.6466139344944702,,
Americas,NACL,2026,full year (per-game derived),CCG Esports,Cody Sun,ADC,36,29.751,0.8264,0.2052171058914122,25.96,337.8,0,False,21.637,1.831679266297244,-0.5273774538675268,0.3245666163990652,1.3420845533613774,,,,-0.5413882796524895,,,1.3614568251465118,,
Americas,NACL,2026,full year (per-game derived),Blue Otter,Spawn,ADC,22,25.574,1.1625,0.1065633452063659,20.545,345.8,70,False,21.637,1.9245954090555677,-0.533215462286043,0.596075520206492,0.4738409798393269,,,,-0.2815372357300752,,,0.7627786501726807,,
Americas,NACL,2026,full year (per-game derived),Conviction,Tactical,ADC,19,24.089,1.2678,0.0715132639323743,19.064,367.3,79,False,21.637,1.440718320765444,1.4959804741947704,-0.95642821288637,0.2915252730686503,,,,-0.2168010535481799,,,0.1036827356836938,,
Americas,NACL,2026,full year (per-game derived),Blue Otter,Levitate,ADC,2,23.814,11.907,0.0650065809921051,15.942,250.8,61,False,21.637,,2.0200176647160646,0.7277748615783464,-2.111035372880308,,,,0.0014296837782668,,,-0.2336828107145457,,
Americas,NACL,2026,full year (per-game derived),CCG Esports,Spawn,ADC,4,19.461,4.8652,-0.0377816592554383,18.298,255.8,70,False,21.637,,-0.2345692970999142,0.320514881824065,0.7862921285296557,,,,0.2562826594126137,,,-1.685009067278677,,
Americas,NACL,2026,full year (per-game derived),Supernova,Levitate,ADC,30,18.763,0.6254,-0.0542722509552714,16.824,390.8,61,False,21.637,1.520298850009247,0.0845690122044438,-0.3899420467259208,0.4308725613910925,,,,-0.384289582773626,,,0.3999504659005964,,
Americas,NACL,2026,full year (per-game derived),Apex Mission Impossible,Good Boi,ADC,2,16.043,8.0215,-0.1185015874037876,21.304,167.8,0,False,21.637,,-1.420059958266512,-0.6643191574842745,-0.9168525285331252,,,,0.9005958534309972,,,0.2342560527904951,,
Americas,NACL,2026,full year (per-game derived),Dorado Gaming,Biostir,ADC,1,5.935,5.935,-0.3571778916168634,21.155,162.8,0,False,21.637,,1.2319968799840335,2.0010964067921364,1.5980038435699262,,,,-2.223087138711725,,,-2.061512890850112,,
Americas,NACL,2026,full year (per-game derived),Conviction,Meech,ADC,13,1.788,0.1375,-0.4551232695191383,12.524,241.3,37,False,21.637,1.1723182743678042,0.5823003315502675,-1.5378308221804635,-0.2558679795438629,,,,-0.9181100526721286,,,0.4326256541917337,,
Americas,NACL,2026,full year (per-game derived),Apex Mission Impossible,Bazz,ADC,17,1.707,0.1004,-0.4570250427860154,11.737,310.8,38,False,21.637,1.4452188393362566,-1.0599912964574596,0.0936204796061158,-1.2956462529168675,,,,-0.2002630111103537,,,-0.1437976726460893,,
Americas,NACL,2026,full year (per-game derived),NRG,Sushee,ADC,36,-1.707,-0.0474,-0.5376575041871353,10.068,376.8,22,False,21.637,1.2062826779912552,0.2251624000167467,-1.0400389128792351,0.1456306845519271,,,,-0.5199264506053788,,,-1.521279058996932,,
Americas,NACL,2026,full year (per-game derived),Dorado Gaming,Hub,ADC,29,-5.136,-0.1771,-0.6186248443671002,8.634,337.8,31,False,21.637,1.2647218090496426,-1.593841924914507,-0.6902506786550368,-0.0607465645877365,,,,-0.7664632804624998,,,0.2029762719035286,,
Americas,NACL,2026,full year (per-game derived),Citadel Gaming,Array,ADC,20,-9.212,-0.4606,-0.7148880804096261,8.333,336.8,51,False,21.637,1.2922478686401564,-1.10368223144214,-0.3551146331207782,-1.2213015637518412,,,,-0.5525051992769245,,,-0.5448153758723235,,
Americas,NACL,2026,full year (per-game derived),Dorado Gaming,InFlame,Support,8,27.831,3.4789,0.5657829808898193,8.708,197.8,0,False,3.862,0.443336388004187,,0.3293991739314026,,0.7886094353969958,2.849294155895976,1.7660544631913058,,,,,-0.2497376131562811,-1.5579807877584229
Americas,NACL,2026,full year (per-game derived),Blue Otter,Dionrray,Support,1,27.495,27.495,0.5578473604189594,4.588,162.8,0,False,3.862,,,2.1669642391934127,,-1.2638777764594806,-0.2189937642134121,-0.0631174660509585,,,,,2.854341512807977,0.0089834058727663
Americas,NACL,2026,full year (per-game derived),Maryville University,Obstinatus,Support,29,22.675,0.7819,0.4440214348745704,12.87,302.8,0,True,3.862,0.3820194993469306,,0.2739124157345939,,1.918767344292159,0.0308519522325517,0.8056827622230858,,,,,-0.4957349252867375,0.1933235350163298
Americas,NACL,2026,full year (per-game derived),NRG,Spica,Support,36,19.299,0.5361,0.3642902797560884,12.087,337.8,0,False,3.862,0.3789870471793555,,0.358367259078987,,0.525296335987941,-0.4423612350297223,-0.433674463071815,,,,,0.3567474361920723,1.5299511322544717
Americas,NACL,2026,full year (per-game derived),CCG Esports,Only35,Support,40,8.462,0.2116,0.1083773221509942,11.942,449.8,46,False,3.862,0.3673002567220727,,-0.1497852642482358,,-0.4099466186077911,-0.2084603773625451,1.474477363769634,,,,,0.9217256851501164,-0.7605220202059716
Americas,NACL,2026,full year (per-game derived),Conviction,Zyko,Support,5,7.928,1.5856,0.0957673799456807,5.981,300.8,74,False,3.862,0.2798541313229428,,-2.048214585363387,,-0.1333252945234055,1.6245303193359113,-0.3800295245468155,,,,,-0.1237410993461214,1.3274610472834585
Americas,NACL,2026,full year (per-game derived),Blue Otter,Rovex,Support,21,4.289,0.2042,0.009850563939741,4.033,262.8,0,False,3.862,0.3672819921456449,,0.3992808865869242,,0.1256448034431707,-0.6584453023452987,-0.1993039387244903,,,,,0.6440366423286379,-0.19971765333245
Americas,NACL,2026,full year (per-game derived),Maryville University,Spirax,Support,3,4.017,1.339,0.0034183283604491,3.875,172.8,0,False,3.862,,,-0.5283787474126774,,0.3990281070196698,0.5932531888693524,-1.6211671963253331,,,,,-1.803002451449864,2.385305321241328
Americas,NACL,2026,full year (per-game derived),Winthrop University,Kim Down,Support,46,3.862,0.084,-0.0002521669155831,4.42,449.8,62,False,3.862,0.325442179938518,,-0.1940595723059924,,-1.0026470734497983,0.3290827676764288,1.4869359833476832,,,,,-0.1174904068971835,-0.4027181932748258
Americas,NACL,2026,full year (per-game derived),Conviction,Bounty,Support,19,3.746,0.1972,-0.0029853547147554,3.818,252.8,0,False,3.862,0.2830381135957008,,-0.9419640273555848,,0.0329413092435207,-0.1544307644174814,-0.1121147393154674,,,,,0.4482789855719204,0.5669046154446967
Americas,NACL,2026,full year (per-game derived),Dorado Gaming,Redemption,Support,22,3.054,0.1388,-0.0193234487577188,3.53,267.8,0,False,3.862,0.4671692189035147,,0.6356770994569055,,1.3569841358140242,-1.0750100576570598,-0.3067392638721439,,,,,0.3021622745033555,-0.8270765943846597
Americas,NACL,2026,full year (per-game derived),Apex Mission Impossible,Protos,Support,19,0.525,0.0276,-0.079035521351983,2.837,266.8,7,False,3.862,0.476776487329384,,-1.0617356109572875,,1.5548108313049314,-0.2922640411389349,0.3081348365026347,,,,,-0.2299464471263853,-0.6183772616278816
Americas,NACL,2026,full year (per-game derived),Supernova,Zyko,Support,30,-0.525,-0.0175,-0.1038447574028283,3.575,425.8,74,False,3.862,0.4010039515625168,,-0.1920265024555891,,-0.8438405526776678,-0.4154270803171501,0.7527634993959947,,,,,0.2085195855224708,-0.1272149465885884
Americas,NACL,2026,full year (per-game derived),Citadel Gaming,Keel,Support,11,-13.882,-1.262,-0.4192565166012752,-0.723,212.8,0,False,3.862,0.3878663138464253,,0.2583976456088284,,-0.3490329907559981,-0.8746345448813357,-0.2136728245464907,,,,,-1.3000873140227818,-0.1130585601281534
Americas,NACL,2026,full year (per-game derived),Blue Otter,Minui,Support,2,-15.176,-7.588,-0.4498048602047144,2.52,237.8,35,False,3.862,,,-1.3198130356161286,,-0.380874460258956,0.4671347347838789,-1.521370368132776,,,,,-0.431819484391673,0.300369789868952
Americas,NACL,2026,full year (per-game derived),Citadel Gaming,Stray,Support,9,-18.27,-2.03,-0.5228804016954535,-1.048,202.8,0,False,3.862,0.4652391510778013,,1.0624463878797454,,-1.6741806476125622,-0.3121721137338852,-0.5590048650532495,,,,,-0.7404861430306046,-0.835684103236822
Americas,NACL,2026,full year (per-game derived),Conviction,Breezy,Support,13,-19.502,-1.5002,-0.5519726226919858,2.672,301.8,51,False,3.862,0.4373340149739308,,0.9515322382440868,,-0.644356888156752,-1.241947837697273,-1.1838542587907837,,,,,-0.2437662373689049,-0.8699487264442273
Pacific,LCP,2025,full year (per-game derived),GAM Esports,Kiaya,Top,79,41.439,0.5245,1.2089298492367797,32.486,552.8,0,False,10.082,1.3256404605831218,2.0001684610249595,,,,,,,,0.0409960621724361,,,1.0924317973484254
Pacific,LCP,2025,full year (per-game derived),CTBC Flying Oyster,Driver,Top,44,40.345,0.9169,1.1641900434498034,27.703,377.8,0,False,10.082,1.1199990820546282,0.4848264367008809,,,,,,,,1.5305079275332476,,,1.5535248652973557
Pacific,LCP,2025,full year (per-game derived),Chiefs Esports Club,BioPanther,Top,43,21.211,0.4933,0.3814966905676421,16.5,372.8,0,False,10.082,1.3702820741253885,0.5692050792957154,,,,,,,,-0.3721339792150435,,,0.5704764951458939
Pacific,LCP,2025,full year (per-game derived),PSG Talon,Azhi,Top,87,17.802,0.2046,0.2420502827495564,15.747,592.8,0,False,10.082,1.1480613615421853,-0.2562254247102091,,,,,,,,0.4241372291894842,,,0.5669636131984883
Pacific,LCP,2025,full year (per-game derived),MVK Esports,Kratos,Top,76,14.318,0.1884,0.0995264803274377,13.075,537.8,0,False,10.082,1.1646995159626985,-1.3215239226634048,,,,,,,,0.1629995972992363,,,1.2333526659691278
Pacific,LCP,2025,full year (per-game derived),Team Secret Whales,Hiro02,Top,45,13.455,0.299,0.0642511066783964,12.064,382.8,0,False,10.082,1.0326726663003325,-0.4479737798706849,,,,,,,,0.3273533231192567,,,0.363752279109072
Pacific,LCP,2025,full year (per-game derived),Chiefs Esports Club,zorenous,Top,4,6.709,1.6772,-0.2117318897351169,9.703,177.8,0,False,10.082,,1.3038587675851598,,,,,,,,-2.1046430876172626,,,-0.591346428505277
Pacific,LCP,2025,full year (per-game derived),CTBC Flying Oyster,Rest,Top,34,3.678,0.1082,-0.3357189831629558,6.761,327.8,0,False,10.082,1.0536733575108468,-0.6816402009094962,,,,,,,,1.2798466950846137,,,-0.7870405678464999
Pacific,LCP,2025,full year (per-game derived),Team Secret Whales,Steller,Top,12,0.892,0.0743,-0.4496712361938138,7.551,217.8,0,False,10.082,0.9805340312019638,0.3908833919763242,,,,,,,,-0.3564142088840628,,,-1.1797873080192682
Pacific,LCP,2025,full year (per-game derived),Fukuoka SoftBank HAWKS gaming,Evi,Top,54,-0.892,-0.0165,-0.5226289938850325,3.157,427.8,0,True,10.082,0.8999697343589385,-0.0115695964519428,,,,,,,,-0.8994937459999461,,,-0.7694663408235085
Pacific,LCP,2025,full year (per-game derived),Team Secret Whales,Pun,Top,15,-1.627,-0.1085,-0.5527039311114805,6.31,232.8,0,False,10.082,0.8344159736921658,-0.8577720612280266,,,,,,,,0.7578766828950347,,,-0.8988211946554496
Pacific,LCP,2025,full year (per-game derived),DetonatioN FocusMe,RayFarky,Top,53,-14.713,-0.2776,-1.0879894189212065,-5.457,422.8,0,False,10.082,1.0449926592231116,-1.172237150749248,,,,,,,,-0.7910324955769945,,,-1.1540398762183597
Pacific,LCP,2025,full year (per-game derived),Fukuoka SoftBank HAWKS gaming,Yohan,Jungle,18,25.334,1.4074,0.7614818899967419,14.662,247.8,0,True,8.576,0.934782045507272,-1.2369615970262748,1.556941687084192,,,,,1.2996650620189236,1.4262824079101273,,,,
Pacific,LCP,2025,full year (per-game derived),MVK Esports,Gury,Jungle,76,25.157,0.331,0.7542220100135336,20.291,537.8,0,False,8.576,0.8647452978805722,0.1355667544669919,0.8156153878864023,,,,,1.2884552895004564,0.777250608200284,,,,
Pacific,LCP,2025,full year (per-game derived),CTBC Flying Oyster,JunJia,Jungle,78,17.66,0.2264,0.4475790015337547,15.043,547.8,0,False,8.576,0.8442872360752463,0.2845141524713167,0.9227743881407936,,,,,0.7204809982139343,-0.1374535326910257,,,,
Pacific,LCP,2025,full year (per-game derived),DetonatioN FocusMe,Guwon,Jungle,32,13.99,0.4372,0.2974273306714249,11.301,317.8,0,True,8.576,0.8342992245087121,0.1961429014143776,0.5654230138133297,,,,,-0.2250859922605763,0.6532293997185689,,,,
Pacific,LCP,2025,full year (per-game derived),Team Secret Whales,Hizto,Jungle,72,12.145,0.1687,0.2219773285592472,11.057,517.8,0,False,8.576,0.7457013466570777,0.4549483790784978,-0.116101982577666,,,,,0.7074121127926306,-0.1583491950564736,,,,
Pacific,LCP,2025,full year (per-game derived),GAM Esports,Levi,Jungle,79,10.998,0.1392,0.1750422983877568,10.307,552.8,0,False,8.576,0.7099516481035784,0.7964349012200019,-0.3863558940519293,,,,,1.0694634303800987,-0.779373243997144,,,,
Pacific,LCP,2025,full year (per-game derived),Chiefs Esports Club,Husha,Jungle,18,6.154,0.3419,-0.023085829201518,7.696,247.8,0,False,8.576,0.7119348023569951,0.427202919468957,-1.0059907953910223,,,,,-0.4819107721313196,0.9683553312473124,,,,
Pacific,LCP,2025,full year (per-game derived),Chiefs Esports Club,Mir,Jungle,15,1.528,0.1019,-0.2123069535127667,6.306,232.8,0,True,8.576,0.7993484240463121,-2.165308359627033,0.7598305316388244,,,,,-0.694961967486669,1.2512119814238107,,,,
Pacific,LCP,2025,full year (per-game derived),DetonatioN FocusMe,Citrus,Jungle,21,1.407,0.067,-0.2172966630762239,5.712,262.8,0,True,8.576,0.6942570020777026,0.7404200483868703,-0.6180640393779984,,,,,-0.3254402957601676,-0.6661023655535998,,,,
Pacific,LCP,2025,full year (per-game derived),Fukuoka SoftBank HAWKS gaming,Courage,Jungle,36,-4.22,-0.1172,-0.4474331216644852,1.758,337.8,0,True,8.576,0.7361644232304936,0.4929320268769943,0.2608152943298277,,,,,-1.2091903120268512,-1.334289495837912,,,,
Pacific,LCP,2025,full year (per-game derived),PSG Talon,Karsa,Jungle,87,-11.108,-0.1277,-0.7292236859521137,-5.867,592.8,0,False,8.576,0.6375902925166402,-1.2505170866503164,-0.7680804779145822,,,,,-0.4245623986014511,-0.4737347806421053,,,,
Pacific,LCP,2025,full year (per-game derived),Chiefs Esports Club,Whynot,Jungle,14,-18.422,-1.3159,-1.028383605755356,0.281,227.8,0,False,8.576,0.5852468590262323,1.1246249599195823,-1.9868071135801664,,,,,-1.7243251546390084,-1.5270271147218315,,,,
Pacific,LCP,2025,full year (per-game derived),DetonatioN FocusMe,Aria,Middle,53,25.122,0.474,0.811564274782303,18.041,422.8,0,False,6.152,1.694817158498288,0.2341454877808823,0.8060586900604242,,,,,0.6076246130762738,,,1.738693188337027,,
Pacific,LCP,2025,full year (per-game derived),Fukuoka SoftBank HAWKS gaming,FATE,Middle,54,19.862,0.3678,0.5963977984908058,14.804,427.8,0,True,6.152,1.5467059669498042,-0.0358150685130309,0.5837489722440173,,,,,0.4275485904293216,,,1.526242988153803,,
Pacific,LCP,2025,full year (per-game derived),MVK Esports,Kati,Middle,76,18.796,0.2473,0.5527910092812606,15.085,537.8,0,False,6.152,1.4075209596237823,0.2865293526524874,0.1644863859139124,,,,,1.424576112685959,,,-0.2638279276159828,,
Pacific,LCP,2025,full year (per-game derived),PSG Talon,FoFo,Middle,63,12.266,0.1947,0.285679748456803,10.225,472.8,0,False,6.152,1.6392147416177802,1.461900081645232,0.851606640367124,,,,,-0.0048483445361289,,,-0.9663900233448794,,
Pacific,LCP,2025,full year (per-game derived),CTBC Flying Oyster,HongQ,Middle,78,9.625,0.1234,0.1776504999240465,8.624,547.8,0,False,6.152,1.1657730651821936,0.816522436839783,-1.930643462439021,,,,,1.217917470314546,,,-0.1076639019344986,,
Pacific,LCP,2025,full year (per-game derived),GAM Esports,Aress,Middle,42,2.679,0.0638,-0.1064830540745041,4.169,367.8,0,False,6.152,1.467436653062091,-1.5927069630549024,1.1229640129403615,,,,,-0.4052848212541698,,,0.6540241745669689,,
Pacific,LCP,2025,full year (per-game derived),PSG Talon,Maple,Middle,24,2.654,0.1106,-0.1074956496485602,4.641,277.8,0,True,6.152,1.4145069204003446,0.4294544958217552,0.0037515869437701,,,,,-0.2263057693639819,,,-0.5552217782002238,,
Pacific,LCP,2025,full year (per-game derived),Team Secret Whales,Dire,Middle,72,-0.885,-0.0123,-0.252244698619857,1.26,517.8,0,False,6.152,1.4499217637823243,-0.0514517129014293,0.4257392360722383,,,,,-0.2211172731128953,,,-1.1838752129168093,,
Pacific,LCP,2025,full year (per-game derived),GAM Esports,Emo,Middle,37,-18.127,-0.4899,-0.9575578200381812,-6.949,342.8,0,False,6.152,1.0433418831909569,-1.807510320934784,-1.1397696049055712,,,,,-0.820837083432734,,,-0.1560604072206216,,
Pacific,LCP,2025,full year (per-game derived),Chiefs Esports Club,JimieN,Middle,47,-19.172,-0.4079,-1.000302108554119,-8.997,392.8,0,False,6.152,1.2221918237105942,0.2589322106639982,-0.8879424571972568,,,,,-1.9992734948061903,,,-0.6859210998247853,,
Pacific,LCP,2025,full year (per-game derived),Fukuoka SoftBank HAWKS gaming,Marble,ADC,54,33.735,0.6247,0.973849924322833,26.5,427.8,0,False,14.124,2.4660734602617813,0.4477992429246239,1.4974602291271826,0.3800438698349205,,,,1.1760693036994467,,,1.115102751807224,,
Pacific,LCP,2025,full year (per-game derived),Team Secret Whales,Eddie,ADC,72,31.436,0.4366,0.879773195765653,26.159,517.8,0,False,14.124,1.9524186574441411,0.5108385237995463,0.5585504049930285,0.2334910828374297,,,,1.502453101465751,,,0.8151829836073876,,
Pacific,LCP,2025,full year (per-game derived),CTBC Flying Oyster,Doggo,ADC,78,23.412,0.3002,0.5515834397157524,20.736,547.8,0,False,14.124,1.7769643282257406,0.0734202565814945,0.3382167755111765,0.7447543567048339,,,,0.8357372747583303,,,0.4105962412197037,,
Pacific,LCP,2025,full year (per-game derived),Chiefs Esports Club,Slayder,ADC,14,21.447,1.5319,0.4711767534633721,16.374,227.8,0,False,14.124,1.9168798305272408,-0.6492903916158742,0.7446139403053972,1.249967206252399,,,,-0.1044631188890804,,,1.8346059717045848,,
Pacific,LCP,2025,full year (per-game derived),PSG Talon,Betty,ADC,87,17.716,0.2036,0.3185896825085585,16.76,592.8,0,False,14.124,1.7463856023676996,-0.2914141752635369,0.4070779140345946,0.4837159375165136,,,,0.4282489288957519,,,0.4282457493754781,,
Pacific,LCP,2025,full year (per-game derived),MVK Esports,Shogun,ADC,54,16.791,0.3109,0.2807255858916678,15.807,427.8,0,False,14.124,1.5962200051675917,0.1118116752428331,-0.1058266796147375,0.0886706541774792,,,,0.6335640831812179,,,0.2343600748596088,,
Pacific,LCP,2025,full year (per-game derived),GAM Esports,Artemis,ADC,78,14.124,0.1811,0.1716391114453368,14.124,547.8,0,False,14.124,1.7153677034312227,0.0120341054596559,0.2429794036527553,0.515590914934601,,,,0.1248521734530909,,,0.0212226322168885,,
Pacific,LCP,2025,full year (per-game derived),DetonatioN FocusMe,Milan,ADC,3,4.417,1.4723,-0.2254378137835229,13.282,172.8,0,False,14.124,,2.076312042817122,-2.297637094208966,-0.992393806068886,,,,0.4563377670470057,,,-1.2220274545420513,,
Pacific,LCP,2025,full year (per-game derived),MVK Esports,Sty1e,ADC,22,0.143,0.0065,-0.4002806403901893,8.382,267.8,0,False,14.124,1.2861944150984006,0.3051827149401609,-1.0942722890553456,-0.2990175106977525,,,,-0.0503564587351058,,,-1.300344885471758,,
Pacific,LCP,2025,full year (per-game derived),Chiefs Esports Club,Leemas,ADC,15,-0.143,-0.0095,-0.4119421619062464,9.528,232.8,0,False,14.124,1.812325782604547,0.3960973176287826,0.467998489984695,0.0598075897478903,,,,-1.5098895026249002,,,-0.1012905283693825,,
Pacific,LCP,2025,full year (per-game derived),Chiefs Esports Club,Violet,ADC,18,-0.99,-0.055,-0.4466039691886137,8.635,247.8,0,False,14.124,1.7818798158368745,-0.4790482177705639,0.6298932963470237,0.5754016556518288,,,,-1.491041748070183,,,-0.1626776084992121,,
Pacific,LCP,2025,full year (per-game derived),DetonatioN FocusMe,Kakkun,ADC,50,-2.402,-0.048,-0.5043843487583861,3.994,407.8,0,False,14.124,1.234337629289919,-0.0191434350342018,-1.1863355086760037,-0.2657281624516885,,,,-0.5927355649649739,,,-0.3475400524068276,,
Pacific,LCP,2025,full year (per-game derived),GAM Esports,EasyLove,ADC,1,-30.621,-30.621,-1.6586887590862105,12.75,162.8,0,False,14.124,,-2.494599659710042,-0.2027188824007829,-2.7743037884395725,,,,-1.4087762392163503,,,-1.725435875501627,,
Pacific,LCP,2025,full year (per-game derived),DetonatioN FocusMe,Harp,Support,53,27.762,0.5238,0.9295791073422892,19.274,422.8,0,False,5.024,0.4431617107695237,,0.521660539642682,,1.314281463364742,2.1842315254579323,-0.9803499262049636,,,,,1.1384317552837018,1.3052912506761702
Pacific,LCP,2025,full year (per-game derived),Team Secret Whales,Taki,Support,72,14.375,0.1997,0.3819524384351647,11.525,517.8,0,False,5.024,0.3913528127308834,,0.3128498786258673,,0.3160343005291249,-1.1481865768242006,1.441166395611441,,,,,0.0484677285626595,1.1334968109719097
Pacific,LCP,2025,full year (per-game derived),GAM Esports,Elio,Support,79,6.759,0.0856,0.0704362612800774,6.264,552.8,0,False,5.024,0.398985374697389,,0.2915441336798198,,0.718912617056001,-0.3072631524355741,-0.4942064706260825,,,,,0.5939222291505107,-0.2901461790593529
Pacific,LCP,2025,full year (per-game derived),PSG Talon,Woody,Support,87,6.137,0.0705,0.0450044226128234,5.841,592.8,0,False,5.024,0.3724118207755189,,-0.1680514756395511,,-0.0830499205316947,0.1214077732845756,-0.216503302296793,,,,,0.4885543815984928,0.1111361479320937
Pacific,LCP,2025,full year (per-game derived),Chiefs Esports Club,Luon,Support,47,3.912,0.0832,-0.0460162419883019,4.359,392.8,0,True,5.024,0.424318412326104,,0.4456189207330387,,-1.8665340860246424,-0.1104824682022091,1.3102644411416595,,,,,1.110861391936647,-0.9418637696091052
Pacific,LCP,2025,full year (per-game derived),CTBC Flying Oyster,Kaiwing,Support,78,2.852,0.0366,-0.0893739942336506,3.478,547.8,0,False,5.024,0.4128482370405444,,1.4671317241644706,,0.0629009419618254,-0.8751948944569589,-0.9827354684881828,,,,,-1.1273583104129277,0.7173348346171653
Pacific,LCP,2025,full year (per-game derived),Fukuoka SoftBank HAWKS gaming,Gaeng,Support,54,-8.557,-0.1585,-0.5560578899760048,-3.547,427.8,0,False,5.024,0.33708532059452,,-1.5855280710555892,,0.4947348514424358,-0.016810185585215,-0.7406953778515543,,,,,-0.9427102537884394,-0.5474822204093344
Pacific,LCP,2025,full year (per-game derived),MVK Esports,SiuLoong,Support,76,-12.944,-0.1703,-0.7355241034723978,-7.671,537.8,0,False,5.024,0.3560279993354667,,-1.2852256501507395,,-0.957280167797793,0.1522979787616497,0.6630597087144828,,,,,-1.3101689223306543,-1.487766875119546
Pacific,LCP,2026,full year (per-game derived),Team Secret Whales,Hiro02,Top,1,74.982,74.982,1.953739902410661,15.232,252.8,45,False,14.352,,2.4701633357604726,,,,,,,,0.6215339762232657,,,2.1367597870278137
Pacific,LCP,2026,full year (per-game derived),Fukuoka SoftBank HAWKS gaming,Evi,Top,57,26.126,0.4584,0.4618314447652056,17.455,550.8,54,False,14.352,1.0650993895014178,0.7255522853832308,,,,,,,,0.8324236299175461,,,0.0776088546448485
Pacific,LCP,2026,full year (per-game derived),Ground Zero Gaming,1Jiang,Top,53,23.576,0.4448,0.3839641645165449,20.133,422.8,0,False,14.352,1.3568565348097097,-0.077870553328814,,,,,,,,0.4970212690989395,,,0.7104393406707502
Pacific,LCP,2026,full year (per-game derived),GAM Esports,Kiaya,Top,57,18.779,0.3295,0.2374662162357328,23.575,600.8,79,False,14.352,1.1602122976241689,0.2159711722108218,,,,,,,,0.5064702005305407,,,0.1327785321221109
Pacific,LCP,2026,full year (per-game derived),Team Secret Whales,Pun,Top,63,16.493,0.2618,0.1676893849721362,14.74,502.8,15,False,14.352,0.8799934722516131,0.1980584699051597,,,,,,,,0.4546663008569492,,,0.0123978991702018
Pacific,LCP,2026,full year (per-game derived),Deep Cross Gaming,Flauren,Top,82,14.352,0.175,0.1022843021462389,14.352,567.8,0,False,14.352,1.354321605852746,0.0440601416903141,,,,,,,,0.2154494889525128,,,0.0984835303345984
Pacific,LCP,2026,full year (per-game derived),MVK Esports,Steller,Top,13,14.336,1.1028,0.1018074677222816,13.039,246.8,12,False,14.352,1.2435819551688394,-0.2951973768793959,,,,,,,,0.5792974297893791,,,0.2095887214567916
Pacific,LCP,2026,full year (per-game derived),MVK Esports,Kratos,Top,40,0.0,0.0,-0.3359672309432585,8.712,509.8,76,False,14.352,1.037180980474696,-1.0046720180929942,,,,,,,,0.1579475141837281,,,-0.0133518346966503
Pacific,LCP,2026,full year (per-game derived),CTBC Flying Oyster,Rest,Top,52,-5.621,-0.1081,-0.5076119635272179,2.169,485.8,34,False,14.352,1.1964563082048414,-0.7605041766347925,,,,,,,,-0.3457726997291986,,,-0.3742634545292111
Pacific,LCP,2026,full year (per-game derived),DetonatioN FocusMe,Momo,Top,38,-25.967,-0.6833,-1.128920075351464,-7.671,347.8,0,False,14.352,0.9097299453022084,-1.2345689563895028,,,,,,,,-0.8957531052860294,,,-1.1484650681682664
Pacific,LCP,2026,full year (per-game derived),DetonatioN FocusMe,RayFarky,Top,2,-36.033,-18.0165,-1.4362836129468706,1.261,273.8,53,False,14.352,,-0.2809923236245255,,,,,,,,-2.6232840045376338,,,-1.8419763080329876
Pacific,LCP,2026,full year (per-game derived),Team Secret Whales,Hizto,Jungle,64,37.428,0.5848,0.7034120609148535,26.441,621.8,72,False,17.207,0.8719933359274183,0.3817647844049237,0.1920185455329078,,,,,1.8733820803213943,0.3664828334001882,,,,
Pacific,LCP,2026,full year (per-game derived),CTBC Flying Oyster,Shad0w,Jungle,52,34.181,0.6573,0.6042675876772421,27.769,417.8,0,False,17.207,0.8792120564749402,0.9650349860182844,-0.2471899131890826,,,,,0.4546111251907324,1.2446141526890344,,,,
Pacific,LCP,2026,full year (per-game derived),Ground Zero Gaming,Husha,Jungle,53,26.696,0.5037,0.3756713955914273,21.82,458.8,18,False,17.207,0.8844902371081215,0.3301114320253973,0.2152505741013961,,,,,-0.0643342002027471,1.021657776441663,,,,
Pacific,LCP,2026,full year (per-game derived),MVK Esports,SofM,Jungle,3,19.037,6.3457,0.1417973005094268,17.366,172.8,0,False,17.207,,-2.39579366258574,2.149348384023369,,,,,-0.2753227196637119,1.0889572002637904,,,,
Pacific,LCP,2026,full year (per-game derived),MVK Esports,Gury,Jungle,50,17.207,0.3441,0.0859278191088424,19.365,559.8,76,False,17.207,0.7837709330923573,-0.2626463924031198,-0.2140591153158082,,,,,0.7916211186896557,0.0287956654646422,,,,
Pacific,LCP,2026,full year (per-game derived),Deep Cross Gaming,Pop9,Jungle,82,15.542,0.1895,0.0350677570275441,16.005,567.8,0,False,17.207,0.8989956519681989,0.1580094761195613,0.7182880862978573,,,,,-0.1761459036713998,-0.5598806306358423,,,,
Pacific,LCP,2026,full year (per-game derived),GAM Esports,Draktharr,Jungle,57,1.975,0.0346,-0.3791971847137288,7.404,442.8,0,False,17.207,0.7481851529948603,0.6828071927404286,-0.958041934085096,,,,,0.0498389132926444,-1.2913929108028923,,,,
Pacific,LCP,2026,full year (per-game derived),DetonatioN FocusMe,Citrus,Jungle,40,-5.926,-0.1482,-0.620495569562404,3.976,399.8,21,False,17.207,0.746937348684919,0.572395208915212,-1.0595997443359342,,,,,-1.433411474257305,-0.5613662685715891,,,,
Pacific,LCP,2026,full year (per-game derived),Fukuoka SoftBank HAWKS gaming,Van1,Jungle,57,-16.601,-0.2912,-0.9464511665532048,-4.551,442.8,0,False,17.207,0.699765133189757,-0.4316830252349421,-0.796014883029607,,,,,-1.2202389396992632,-1.3378678182490062,,,,
Pacific,LCP,2026,full year (per-game derived),DetonatioN FocusMe,Keine,Middle,15,41.492,2.7661,1.0463448641731397,17.715,232.8,0,True,6.417,1.8072448029753732,0.3435371671802968,1.2175462701006246,,,,,0.7719333585903344,,,2.0410126736126992,,
Pacific,LCP,2026,full year (per-game derived),DetonatioN FocusMe,Fisher,Middle,25,36.39,1.4556,0.8905562424469197,19.664,282.8,0,True,6.417,1.5903861281751568,1.629417327565657,0.5639437943357654,,,,,0.4481589069402282,,,1.2251228985814842,,
Pacific,LCP,2026,full year (per-game derived),Deep Cross Gaming,HongSuo,Middle,81,16.139,0.1992,0.2721606119977517,13.413,562.8,0,False,6.417,1.363547325120387,0.2776276916235526,0.2281946800372467,,,,,0.3447865082895086,,,0.1881047241925761,,
Pacific,LCP,2026,full year (per-game derived),MVK Esports,Kati,Middle,16,15.304,0.9565,0.246664006350253,13.067,389.8,76,False,6.417,1.4928521480558707,-0.1510867935947803,1.034228548351117,,,,,0.2243606529568214,,,-0.1058761737391678,,
Pacific,LCP,2026,full year (per-game derived),Fukuoka SoftBank HAWKS gaming,Aria,Middle,57,15.177,0.2663,0.2427658962738874,14.578,548.8,53,False,6.417,1.3485935650382774,-0.2518177952221992,0.0628349339212999,,,,,0.3693531363102075,,,0.7037155556694907,,
Pacific,LCP,2026,full year (per-game derived),CTBC Flying Oyster,Pungyeon,Middle,26,14.727,0.5664,0.2290381319845485,10.17,287.8,0,True,6.417,1.136441682826277,-0.2628034673170197,-0.599636311145854,,,,,0.78676186631233,,,0.6086367955431562,,
Pacific,LCP,2026,full year (per-game derived),GAM Esports,Aress,Middle,45,11.217,0.2493,0.1218611010552299,8.058,466.8,42,False,6.417,1.3724849528928749,-2.31235510426582,1.2642624996812573,,,,,1.0116460226922712,,,-0.0886063797752872,,
Pacific,LCP,2026,full year (per-game derived),Deep Cross Gaming,XiaoXiang,Middle,1,6.417,6.417,-0.0247286443088841,6.417,162.8,0,False,6.417,,0.170882884483652,0.3875789558306023,,,,,-1.1007893353474885,,,1.183295114775425,,
Pacific,LCP,2026,full year (per-game derived),Team Secret Whales,Dire,Middle,64,5.272,0.0824,-0.0596826205930372,4.137,621.8,72,False,6.417,1.1918054973116692,0.3951785752660266,-0.4433089267414861,,,,,0.1395593618322097,,,-0.4670110454301129,,
Pacific,LCP,2026,full year (per-game derived),MVK Esports,Seany,Middle,17,4.903,0.2884,-0.0709444503770322,5.887,242.8,0,False,6.417,1.2721958667736644,1.9885205723765016,-0.5278490106675379,,,,,-0.5478960508572749,,,-0.8683091011714419,,
Pacific,LCP,2026,full year (per-game derived),Ground Zero Gaming,Uniboy,Middle,5,1.86,0.372,-0.1638962418572922,5.794,182.8,0,False,6.417,1.1875683572864482,-0.7808963004589096,0.1437040074867116,,,,,0.391596272356464,,,-0.7921807511270426,,
Pacific,LCP,2026,full year (per-game derived),CTBC Flying Oyster,Pout,Middle,26,0.0,0.0,-0.2206808728120715,3.519,287.8,0,True,6.417,1.3040019792566713,0.1906154986799492,0.1637817848410165,,,,,-0.6365525166531818,,,-0.314727077217216,,
Pacific,LCP,2026,full year (per-game derived),GAM Esports,Gloryy,Middle,12,-4.151,-0.3459,-0.3474357051223258,3.506,217.8,0,False,6.417,0.9239155874698556,-0.4234596728522527,-2.642491813955602,,,,,1.507417352853111,,,-1.1058333372336369,,
Pacific,LCP,2026,full year (per-game derived),Ground Zero Gaming,JimieN,Middle,48,-27.24,-0.5675,-1.052501268323227,-14.897,491.8,47,False,6.417,1.0389907825215363,0.0127257124933202,-1.166917274972178,,,,,-1.9246681959939207,,,-0.5312469093351053,,
Pacific,LCP,2026,full year (per-game derived),MVK Esports,Chika,Middle,20,-29.107,-1.4554,-1.1095210508878717,-7.361,257.8,0,False,6.417,1.227278213091278,-0.8260862959580073,0.3141278628969927,,,,,-1.78566734028162,,,-1.676096987345821,,
Pacific,LCP,2026,full year (per-game derived),Ground Zero Gaming,Betty,ADC,5,52.21,10.442,1.0058861539156665,23.382,356.8,87,False,25.062,1.8768932935285036,2.021459000551008,0.1747953209042474,2.2769226995177734,,,,0.7022506701918623,,,0.2335474330681965,,
Pacific,LCP,2026,full year (per-game derived),Team Secret Whales,Eddie,ADC,64,37.175,0.5809,0.5467523019565008,32.771,621.8,72,False,25.062,1.7233211733899167,-0.3811743015345247,1.0692971309978057,-0.5047969642020507,,,,1.6458410491282969,,,-0.4692663385717677,,
Pacific,LCP,2026,full year (per-game derived),Fukuoka SoftBank HAWKS gaming,Marble,ADC,57,35.14,0.6165,0.4846290986640267,31.977,550.8,54,False,25.062,1.971855036720993,0.0818100272895459,2.237007761074677,-0.0025881601919974,,,,-0.2562956001615278,,,1.289367338841379,,
Pacific,LCP,2026,full year (per-game derived),MVK Esports,Shogun,ADC,19,29.814,1.5692,0.3219846759695405,23.837,360.8,54,False,25.062,1.6663711112709092,1.4854220627032042,-0.6126532028995209,0.4964782807873611,,,,0.2517111004801348,,,0.0768071081382799,,
Pacific,LCP,2026,full year (per-game derived),CTBC Flying Oyster,Doggo,ADC,52,28.462,0.5473,0.2806938693350739,26.154,573.8,78,False,25.062,1.512653289010795,-0.6161684296696731,-0.5961568624041786,0.611065859211137,,,,0.7352206151964044,,,0.7013497320150173,,
Pacific,LCP,2026,full year (per-game derived),MVK Esports,Harky,ADC,34,21.661,0.6371,0.0730214242026879,23.298,327.8,0,False,25.062,1.535482728056956,-0.7388954957874807,-0.0325486889089091,-0.2211729965553049,,,,0.2178955374807724,,,0.9587361231867564,,
Pacific,LCP,2026,full year (per-game derived),GAM Esports,Artemis,ADC,57,14.641,0.2569,-0.1413458631231283,17.253,598.8,78,False,25.062,1.5533997410045248,-0.2117974416745507,-0.1562163628258188,-0.2872702506495664,,,,-0.2208750325919514,,,0.2688412339622744,,
Pacific,LCP,2026,full year (per-game derived),Ground Zero Gaming,Shunn,ADC,48,0.0,0.0,-0.5884394725799185,9.943,397.8,0,False,25.062,1.4377837890144636,-1.141838801743794,-0.3324468494662567,-1.1371888879565164,,,,-0.5512063604251282,,,0.1739421464986153,,
Pacific,LCP,2026,full year (per-game derived),Deep Cross Gaming,Feng,ADC,82,-2.65,-0.0323,-0.6693520259123963,5.053,567.8,0,False,25.062,1.394159573263944,0.0303638944723084,-1.3348746091223194,-8.289447836970626e-05,,,,-0.384288309930824,,,-2.0142078554797425,,
Pacific,LCP,2026,full year (per-game derived),DetonatioN FocusMe,Kakkun,ADC,40,-23.755,-0.5939,-1.3138301624280513,-2.262,457.8,50,False,25.062,1.4551570205650235,-0.5291805146060244,-0.4162036373497305,-1.231366685482476,,,,-2.1402536693680387,,,-1.2191169216590023,,
Pacific,LCP,2026,full year (per-game derived),Ground Zero Gaming,Kaiwing,Support,5,56.715,11.343,1.3731795445367854,8.729,338.8,78,False,6.937,0.3558570805648769,,0.5684838537562735,,0.480591560884603,2.772752177443741,1.0960767662847175,,,,,2.2792293047437586,1.1081907921934515
Pacific,LCP,2026,full year (per-game derived),Team Secret Whales,Bie,Support,64,37.727,0.5895,0.793333539535799,27.557,477.8,0,False,6.937,0.4747050037235862,,1.6159643181374634,,1.844600491007765,-1.0449674869542074,1.190221811552207,,,,,-0.041337298471858,1.1150822294618987
Pacific,LCP,2026,full year (per-game derived),DetonatioN FocusMe,Woody,Support,25,25.123,1.0049,0.4084586053355089,11.608,456.8,87,False,6.937,0.4900042115564111,,1.2025547408297983,,1.3523217918365094,-0.1122375642543215,-0.7646120666051346,,,,,0.927756811743405,-0.0423339441626604
Pacific,LCP,2026,full year (per-game derived),GAM Esports,Taki,Support,57,23.498,0.4122,0.3588348205328832,16.805,586.8,72,False,6.937,0.3954533953525746,,0.342608108154464,,-0.1765610626009426,0.0104109765683782,1.1355661231929008,,,,,1.0001554423693226,-0.0555695674828826
Pacific,LCP,2026,full year (per-game derived),Deep Cross Gaming,ShiauC,Support,82,20.647,0.2518,0.2717683011693915,16.836,567.8,0,False,6.937,0.3262132055602116,,-1.3736609392000951,,1.0665763025960855,0.5273772750260536,1.272094266934518,,,,,-0.1165197028568869,0.2581477438472172
Pacific,LCP,2026,full year (per-game derived),Fukuoka SoftBank HAWKS gaming,Vsta,Support,57,10.941,0.1919,-0.024615649775748,9.514,442.8,0,False,6.937,0.3882499913897845,,0.595382516204845,,-0.2653575326961145,-0.3605513058547205,0.0311180934039092,,,,,0.0113855018636228,-0.132660067215974
Pacific,LCP,2026,full year (per-game derived),CTBC Flying Oyster,Kino,Support,26,2.933,0.1128,-0.2691652254425692,5.129,287.8,0,False,6.937,0.3207521353930775,,-0.324663478420481,,-0.6883617549914168,0.545380190206631,-0.2595461859130407,,,,,-0.887688688854335,-0.0539221928347321
Pacific,LCP,2026,full year (per-game derived),MVK Esports,Elio,Support,19,1.286,0.0677,-0.3194609153061412,5.562,410.8,79,False,6.937,0.3575989232349661,,-0.3505225479188339,,-0.1613653464943448,-0.6212463392757783,-0.6553015007308212,,,,,-1.4115702320735026,0.9627001966639188
Pacific,LCP,2026,full year (per-game derived),MVK Esports,SiuLoong,Support,34,0.32,0.0094,-0.3489585395711338,-1.705,479.8,76,False,6.937,0.3543081022769105,,-0.4382175937379888,,-0.5058301207480093,-0.4807610900288523,-0.4837934751614439,,,,,-0.5104863379745952,0.1904781962650422
Pacific,LCP,2026,full year (per-game derived),Ground Zero Gaming,Orca,Support,48,-0.32,-0.0067,-0.3684764398115031,2.559,397.8,0,False,6.937,0.3815318811865829,,0.1013972199272168,,-0.5038783725975534,-0.9031392844110336,-0.2960600936913386,,,,,0.0754052057118953,-0.6213619390088645
Pacific,LCP,2026,full year (per-game derived),CTBC Flying Oyster,2274,Support,26,-8.788,-0.338,-0.6270638390990727,-0.165,287.8,0,False,6.937,0.3018082017008152,,-1.9569474946907672,,-0.8305896322292973,-0.0845639220437857,-0.2658989046289706,,,,,-0.6968941101967893,-0.0674039444636753
Pacific,LCP,2026,full year (per-game derived),DetonatioN FocusMe,Gaeng,Support,15,-29.116,-1.9411,-1.247834202104201,-5.906,340.8,54,False,6.937,0.3783083744507102,,0.0176212969580969,,-1.6121463239672815,-0.2484536264221074,-1.999864834637495,,,,,-0.6294358960040451,-2.661347503262739
